t,L,rev,sk,R,H,tf,xau_hd_a_n,xau_hd_a_wr,xau_hd_a_pf,xau_hd_b_n,xau_hd_b_wr,xau_hd_b_pf,xau_hd_c_n,xau_hd_c_wr,xau_hd_c_pf,mgc_fut_b_n,mgc_fut_b_wr,mgc_fut_b_pf,mgc_fut_c_n,mgc_fut_c_wr,mgc_fut_c_pf
1110,30,0,0.1,0.5,60,1,432.0,45.4,0.478,132.0,40.9,0.465,231.0,58.9,0.863,89.0,42.7,0.54,233.0,61.4,0.984
1110,30,0,0.1,1.0,100000,1,432.0,41.9,0.624,132.0,42.4,0.678,231.0,48.1,0.889,89.0,44.9,0.8,233.0,47.6,0.855
1110,30,0,0.2,0.5,240,1,432.0,58.6,0.659,132.0,59.8,0.801,231.0,66.2,0.988,89.0,61.8,0.967,233.0,66.5,0.997
1110,30,1,0.1,0.3,60,1,430.0,65.6,0.728,118.0,73.7,1.199,190.0,75.8,1.013,77.0,66.2,1.041,205.0,74.6,1.013
1110,30,1,0.1,0.5,100000,1,430.0,67.0,0.862,118.0,70.3,0.992,190.0,66.3,0.874,77.0,71.4,1.077,205.0,66.8,0.931
1110,30,1,0.2,0.3,240,1,430.0,73.5,0.797,118.0,78.0,1.127,190.0,74.7,0.871,77.0,81.8,1.573,205.0,77.1,1.07
1110,30,1,0.2,1.0,60,1,430.0,45.1,0.818,118.0,58.5,1.284,190.0,55.3,1.135,77.0,48.1,1.278,205.0,52.7,1.236
1110,60,0,0.1,0.3,100000,1,,,,,,,,,,,,,,,
1110,60,0,0.1,1.0,240,1,,,,,,,,,,,,,,,
1110,60,0,0.2,0.5,60,1,,,,,,,,,,,,,,,
1110,60,0,0.2,1.0,100000,1,,,,,,,,,,,,,,,
1110,60,1,0.1,0.5,240,1,,,,,,,,,,,,,,,
1110,60,1,0.2,0.3,60,1,,,,,,,,,,,,,,,
1110,60,1,0.2,0.5,100000,1,,,,,,,,,,,,,,,
1110,120,0,0.1,0.3,240,1,,,,,,,,,,,,,,,
1110,120,0,0.1,1.0,60,1,,,,,,,,,,,,,,,
1110,120,0,0.2,0.3,100000,1,,,,,,,,,,,,,,,
1110,120,0,0.2,1.0,240,1,,,,,,,,,,,,,,,
1110,120,1,0.1,0.5,60,1,,,,,,,,,,,,,,,
1110,120,1,0.1,1.0,100000,1,,,,,,,,,,,,,,,
1110,120,1,0.2,0.5,240,1,,,,,,,,,,,,,,,
1110,-1,0,0.1,0.3,60,1,451.0,54.5,0.426,149.0,54.4,0.482,241.0,67.2,0.725,110.0,50.0,0.421,226.0,70.4,0.872
1110,-1,0,0.1,0.5,100000,1,451.0,57.0,0.571,149.0,61.1,0.706,241.0,63.9,0.888,110.0,51.8,0.499,226.0,64.2,0.898
1110,-1,0,0.2,0.3,240,1,451.0,67.6,0.594,149.0,71.8,0.783,241.0,76.3,1.01,110.0,67.3,0.7,226.0,75.7,1.019
1110,-1,0,0.2,1.0,60,1,451.0,37.7,0.588,149.0,35.6,0.479,241.0,50.2,1.174,110.0,35.5,0.497,226.0,50.4,1.237
1110,-1,1,0.1,0.3,100000,1,461.0,75.3,0.744,110.0,75.5,0.74,204.0,77.5,0.931,120.0,80.0,1.031,215.0,78.6,1.004
1110,-1,1,0.1,1.0,240,1,461.0,49.5,0.847,110.0,45.5,0.714,204.0,51.5,0.963,120.0,57.5,1.197,215.0,52.6,1.015
1110,-1,1,0.2,0.5,60,1,461.0,47.7,0.85,110.0,56.4,0.949,204.0,58.8,1.023,120.0,49.2,1.235,215.0,57.2,1.193
1110,-1,1,0.2,1.0,100000,1,461.0,49.0,0.895,110.0,49.1,0.936,204.0,51.0,0.947,120.0,54.2,1.172,215.0,52.1,1.001
1200,30,0,0.1,0.5,60,1,474.0,56.1,0.592,125.0,50.4,0.49,233.0,58.8,0.749,116.0,51.7,0.549,219.0,60.7,0.789
1200,30,0,0.1,1.0,100000,1,474.0,42.6,0.641,125.0,42.4,0.636,233.0,44.6,0.759,116.0,42.2,0.669,219.0,47.9,0.832
1200,30,0,0.2,0.5,240,1,474.0,57.2,0.69,125.0,58.4,0.694,233.0,63.1,0.874,116.0,58.6,0.74,219.0,65.8,0.915
1200,30,1,0.1,0.3,60,1,489.0,67.7,0.603,132.0,62.1,0.473,214.0,67.3,0.722,115.0,60.9,0.452,219.0,65.3,0.61
1200,30,1,0.1,0.5,100000,1,489.0,61.3,0.678,132.0,61.4,0.65,214.0,61.7,0.794,115.0,58.3,0.591,219.0,59.8,0.728
1200,30,1,0.2,0.3,240,1,489.0,73.4,0.817,132.0,71.2,0.718,214.0,73.8,0.869,115.0,67.0,0.607,219.0,71.7,0.748
1200,30,1,0.2,1.0,60,1,489.0,44.2,0.675,132.0,38.6,0.521,214.0,47.7,0.832,115.0,41.7,0.574,219.0,46.6,0.805
1200,60,0,0.1,0.3,100000,1,464.0,65.5,0.512,132.0,64.4,0.444,233.0,67.4,0.717,130.0,64.6,0.49,233.0,69.5,0.724
1200,60,0,0.1,1.0,240,1,464.0,43.3,0.644,132.0,37.9,0.52,233.0,46.8,0.829,130.0,36.9,0.537,233.0,48.5,0.867
1200,60,0,0.2,0.5,60,1,464.0,49.4,0.581,132.0,39.4,0.491,233.0,57.1,0.888,130.0,40.8,0.491,233.0,56.2,0.852
1200,60,0,0.2,1.0,100000,1,464.0,47.6,0.813,132.0,42.4,0.714,233.0,50.2,1.008,130.0,46.2,0.834,233.0,52.8,1.081
1200,60,1,0.1,0.5,240,1,489.0,61.1,0.695,125.0,64.8,0.765,214.0,58.4,0.695,104.0,59.6,0.643,208.0,59.1,0.698
1200,60,1,0.2,0.3,60,1,489.0,58.5,0.705,125.0,56.0,0.578,214.0,64.5,0.735,104.0,52.9,0.534,208.0,64.4,0.714
1200,60,1,0.2,0.5,100000,1,489.0,64.8,0.865,125.0,69.6,0.986,214.0,60.3,0.742,104.0,72.1,1.151,208.0,63.5,0.814
1200,120,0,0.1,0.3,240,1,379.0,67.3,0.568,123.0,66.7,0.492,232.0,68.5,0.746,58.0,60.3,0.437,236.0,69.5,0.786
1200,120,0,0.1,1.0,60,1,379.0,44.1,0.641,123.0,38.2,0.479,232.0,47.8,0.905,58.0,31.0,0.37,236.0,47.9,0.938
1200,120,0,0.2,0.3,100000,1,379.0,72.0,0.695,123.0,69.1,0.59,232.0,78.0,1.113,58.0,63.8,0.467,236.0,76.3,0.998
1200,120,0,0.2,1.0,240,1,379.0,43.0,0.652,123.0,52.8,0.969,232.0,50.4,1.025,58.0,50.0,0.817,236.0,53.0,1.081
1200,120,1,0.1,0.5,60,1,406.0,57.9,0.641,111.0,54.1,0.559,184.0,57.6,0.72,41.0,56.1,0.663,199.0,56.8,0.643
1200,120,1,0.1,1.0,100000,1,406.0,43.8,0.674,111.0,43.2,0.645,184.0,38.6,0.642,41.0,51.2,0.926,199.0,42.2,0.709
1200,120,1,0.2,0.5,240,1,406.0,62.8,0.876,111.0,57.7,0.75,184.0,58.2,0.68,41.0,65.9,0.897,199.0,60.3,0.727
1200,-1,0,0.1,0.3,60,1,459.0,65.1,0.521,137.0,65.0,0.556,241.0,69.7,0.833,111.0,64.9,0.607,239.0,67.4,0.718
1200,-1,0,0.1,0.5,100000,1,459.0,58.8,0.603,137.0,59.1,0.638,241.0,65.1,0.961,111.0,59.5,0.684,239.0,61.5,0.799
1200,-1,0,0.2,0.3,240,1,459.0,67.8,0.617,137.0,70.1,0.674,241.0,77.2,1.101,111.0,71.2,0.795,239.0,72.8,0.832
1200,-1,0,0.2,1.0,60,1,459.0,43.4,0.579,137.0,40.9,0.588,241.0,49.8,1.053,111.0,45.0,0.767,239.0,46.9,0.835
1200,-1,1,0.1,0.3,100000,1,512.0,68.8,0.597,120.0,66.7,0.469,206.0,62.1,0.545,120.0,66.7,0.476,208.0,67.3,0.579
1200,-1,1,0.1,1.0,240,1,512.0,44.5,0.692,120.0,45.0,0.685,206.0,36.4,0.561,120.0,45.8,0.738,208.0,44.7,0.792
1200,-1,1,0.2,0.5,60,1,512.0,48.4,0.721,120.0,45.0,0.59,206.0,51.9,0.609,120.0,45.0,0.614,208.0,58.2,0.821
1200,-1,1,0.2,1.0,100000,1,512.0,48.2,0.844,120.0,50.8,1.026,206.0,43.2,0.718,120.0,50.8,0.974,208.0,47.1,0.875
1290,30,0,0.1,0.5,60,1,482.0,60.4,0.744,131.0,55.0,0.553,239.0,60.7,0.839,112.0,55.4,0.558,237.0,64.1,0.888
1290,30,0,0.1,1.0,100000,1,482.0,50.8,0.877,131.0,44.3,0.661,239.0,53.1,1.127,112.0,43.8,0.696,237.0,53.6,1.154
1290,30,0,0.2,0.5,240,1,482.0,60.4,0.858,131.0,58.8,0.746,239.0,66.5,1.061,112.0,60.7,0.816,237.0,67.1,1.062
1290,30,1,0.1,0.3,60,1,489.0,66.1,0.508,128.0,69.5,0.637,208.0,70.2,0.732,120.0,70.0,0.673,206.0,68.9,0.634
1290,30,1,0.1,0.5,100000,1,489.0,60.1,0.605,128.0,67.2,0.918,208.0,60.6,0.721,120.0,66.7,0.906,206.0,58.3,0.665
1290,30,1,0.2,0.3,240,1,489.0,69.7,0.69,128.0,77.3,1.084,208.0,73.1,0.794,120.0,77.5,0.991,206.0,72.3,0.758
1290,30,1,0.2,1.0,60,1,489.0,42.3,0.606,128.0,54.7,1.084,208.0,52.4,1.022,120.0,52.5,1.098,206.0,51.9,0.954
1290,60,0,0.1,0.3,100000,1,465.0,75.5,0.759,128.0,67.2,0.555,227.0,72.7,0.938,120.0,65.8,0.549,224.0,72.8,0.902
1290,60,0,0.1,1.0,240,1,465.0,49.7,0.877,128.0,48.4,0.835,227.0,55.5,1.266,120.0,45.8,0.78,224.0,53.6,1.182
1290,60,0,0.2,0.5,60,1,465.0,53.3,0.86,128.0,51.6,0.738,227.0,59.9,1.06,120.0,50.8,0.675,224.0,61.2,1.028
1290,60,0,0.2,1.0,100000,1,465.0,47.5,0.834,128.0,53.1,1.089,227.0,54.6,1.06,120.0,50.0,0.948,224.0,53.6,1.068
1290,60,1,0.1,0.5,240,1,507.0,60.0,0.595,130.0,63.8,0.763,220.0,57.3,0.616,115.0,63.5,0.789,219.0,58.9,0.648
1290,60,1,0.2,0.3,60,1,507.0,56.0,0.568,130.0,62.3,0.761,220.0,63.2,0.753,115.0,63.5,0.871,219.0,65.3,0.76
1290,60,1,0.2,0.5,100000,1,507.0,64.7,0.814,130.0,67.7,0.948,220.0,65.0,0.914,115.0,67.8,0.995,219.0,65.8,0.924
1290,120,0,0.1,0.3,240,1,452.0,71.7,0.609,109.0,67.9,0.571,217.0,69.1,0.76,101.0,64.4,0.535,213.0,70.4,0.754
1290,120,0,0.1,1.0,60,1,452.0,47.8,0.761,109.0,48.6,0.808,217.0,51.2,1.067,101.0,47.5,0.748,213.0,51.6,1.016
1290,120,0,0.2,0.3,100000,1,452.0,74.8,0.78,109.0,73.4,0.716,217.0,73.7,0.849,101.0,72.3,0.699,213.0,73.7,0.843
1290,120,0,0.2,1.0,240,1,452.0,46.7,0.797,109.0,56.0,1.289,217.0,52.1,0.969,101.0,54.5,1.079,213.0,52.6,0.984
1290,120,1,0.1,0.5,60,1,515.0,58.8,0.667,150.0,58.0,0.656,230.0,59.1,0.742,135.0,60.0,0.742,233.0,60.1,0.753
1290,120,1,0.1,1.0,100000,1,515.0,44.7,0.678,150.0,47.3,0.786,230.0,49.1,0.981,135.0,48.9,0.877,233.0,49.4,1.003
1290,120,1,0.2,0.5,240,1,515.0,56.5,0.715,150.0,63.3,0.886,230.0,64.8,0.994,135.0,63.0,0.867,233.0,64.8,0.996
1290,-1,0,0.1,0.3,60,1,445.0,68.1,0.598,121.0,65.3,0.564,228.0,68.9,0.765,108.0,64.8,0.561,222.0,68.0,0.705
1290,-1,0,0.1,0.5,100000,1,445.0,66.3,0.838,121.0,59.5,0.642,228.0,63.2,0.877,108.0,61.1,0.701,222.0,59.9,0.766
1290,-1,0,0.2,0.3,240,1,445.0,74.2,0.854,121.0,67.8,0.648,228.0,74.6,0.948,108.0,69.4,0.702,222.0,71.6,0.833
1290,-1,0,0.2,1.0,60,1,445.0,47.9,0.788,121.0,44.6,0.757,228.0,52.6,1.122,108.0,49.1,0.888,222.0,50.0,0.991
1290,-1,1,0.1,0.3,100000,1,527.0,70.6,0.56,138.0,71.0,0.615,219.0,73.1,0.787,129.0,69.8,0.62,224.0,74.6,0.777
1290,-1,1,0.1,1.0,240,1,527.0,45.0,0.674,138.0,50.7,0.9,219.0,48.4,0.908,129.0,49.6,0.909,224.0,50.4,0.991
1290,-1,1,0.2,0.5,60,1,527.0,45.7,0.612,138.0,57.2,0.895,219.0,55.3,0.895,129.0,53.5,0.846,224.0,58.5,0.88
1290,-1,1,0.2,1.0,100000,1,527.0,48.2,0.867,138.0,57.2,1.264,219.0,47.9,0.876,129.0,53.5,1.058,224.0,51.3,1.002
1380,30,0,0.1,0.5,60,1,481.0,51.6,0.583,138.0,53.6,0.646,227.0,65.2,1.023,122.0,50.8,0.588,224.0,65.6,1.021
1380,30,0,0.1,1.0,100000,1,481.0,49.3,0.827,138.0,52.2,0.996,227.0,54.2,1.11,122.0,46.7,0.792,224.0,53.1,1.017
1380,30,0,0.2,0.5,240,1,481.0,63.0,0.925,138.0,68.1,1.139,227.0,66.1,1.003,122.0,64.8,1.038,224.0,64.3,0.971
1380,30,1,0.1,0.3,60,1,488.0,57.4,0.462,121.0,69.4,0.877,217.0,68.2,0.732,111.0,74.8,1.052,217.0,69.6,0.734
1380,30,1,0.1,0.5,100000,1,488.0,58.6,0.605,121.0,71.9,1.137,217.0,59.4,0.703,111.0,75.7,1.37,217.0,63.1,0.765
1380,30,1,0.2,0.3,240,1,488.0,69.5,0.657,121.0,75.2,0.908,217.0,70.0,0.76,111.0,75.7,0.893,217.0,69.1,0.723
1380,30,1,0.2,1.0,60,1,488.0,39.3,0.59,121.0,51.2,0.987,217.0,42.4,0.749,111.0,52.3,0.963,217.0,42.9,0.714
1380,60,0,0.1,0.3,100000,1,474.0,70.0,0.566,136.0,76.5,0.803,220.0,78.2,1.021,124.0,73.4,0.687,223.0,76.7,0.954
1380,60,0,0.1,1.0,240,1,474.0,47.9,0.805,136.0,55.1,1.082,220.0,55.0,1.189,124.0,49.2,0.867,223.0,54.3,1.104
1380,60,0,0.2,0.5,60,1,474.0,41.1,0.599,136.0,52.2,0.938,220.0,52.3,0.914,124.0,48.4,0.776,223.0,52.0,0.919
1380,60,0,0.2,1.0,100000,1,474.0,46.4,0.819,136.0,55.1,1.218,220.0,53.2,1.005,124.0,55.6,1.203,223.0,50.2,0.964
1380,60,1,0.1,0.5,240,1,497.0,60.4,0.642,123.0,67.5,0.932,227.0,58.6,0.658,112.0,72.3,1.142,222.0,63.1,0.732
1380,60,1,0.2,0.3,60,1,497.0,47.1,0.566,123.0,52.0,0.73,227.0,55.1,0.756,112.0,56.2,0.907,222.0,57.2,0.758
1380,60,1,0.2,0.5,100000,1,497.0,64.0,0.815,123.0,63.4,0.888,227.0,59.9,0.731,112.0,71.4,1.207,222.0,59.0,0.724
1380,120,0,0.1,0.3,240,1,487.0,69.8,0.544,130.0,75.4,0.788,230.0,78.7,0.934,125.0,74.4,0.761,232.0,76.3,0.833
1380,120,0,0.1,1.0,60,1,487.0,39.6,0.543,130.0,48.5,0.849,230.0,51.3,0.978,125.0,45.6,0.72,232.0,51.3,0.878
1380,120,0,0.2,0.3,100000,1,487.0,72.5,0.723,130.0,80.0,1.133,230.0,78.3,1.009,125.0,78.4,1.039,232.0,78.0,1.032
1380,120,0,0.2,1.0,240,1,487.0,46.2,0.833,130.0,57.7,1.431,230.0,53.9,1.013,125.0,56.8,1.362,232.0,52.6,1.053
1380,120,1,0.1,0.5,60,1,484.0,49.4,0.552,129.0,62.0,1.005,217.0,54.8,0.708,114.0,65.8,1.195,210.0,56.7,0.754
1380,120,1,0.1,1.0,100000,1,484.0,47.5,0.788,129.0,51.9,1.007,217.0,43.8,0.745,114.0,52.6,0.997,210.0,44.8,0.75
1380,120,1,0.2,0.5,240,1,484.0,61.2,0.798,129.0,62.0,0.896,217.0,57.6,0.714,114.0,64.9,1.005,210.0,54.8,0.643
1380,-1,0,0.1,0.3,60,1,475.0,60.6,0.505,128.0,64.1,0.545,221.0,73.8,0.84,112.0,65.2,0.601,217.0,73.7,0.855
1380,-1,0,0.1,0.5,100000,1,475.0,61.9,0.665,128.0,60.2,0.657,221.0,66.1,0.872,112.0,58.9,0.643,217.0,67.3,0.915
1380,-1,0,0.2,0.3,240,1,475.0,71.4,0.739,128.0,72.7,0.767,221.0,75.1,0.929,112.0,71.4,0.761,217.0,75.6,0.978
1380,-1,0,0.2,1.0,60,1,475.0,39.2,0.553,128.0,44.5,0.728,221.0,45.7,0.79,112.0,44.6,0.689,217.0,48.8,0.843
1380,-1,1,0.1,0.3,100000,1,496.0,68.3,0.534,131.0,81.7,1.134,226.0,71.2,0.741,123.0,84.6,1.353,228.0,74.1,0.873
1380,-1,1,0.1,1.0,240,1,496.0,46.0,0.76,131.0,56.5,1.18,226.0,48.7,0.928,123.0,57.7,1.197,228.0,47.4,0.845
1380,-1,1,0.2,0.5,60,1,496.0,41.5,0.63,131.0,54.2,1.22,226.0,49.6,0.846,123.0,52.0,1.196,228.0,46.9,0.779
1380,-1,1,0.2,1.0,100000,1,496.0,50.4,0.947,131.0,54.2,1.188,226.0,42.9,0.705,123.0,58.5,1.309,228.0,39.5,0.645
0,30,0,0.1,0.5,60,1,486.0,52.1,0.576,139.0,56.8,0.755,214.0,65.0,1.076,133.0,54.1,0.719,216.0,62.0,0.938
0,30,0,0.1,1.0,100000,1,486.0,47.5,0.816,139.0,48.2,0.816,214.0,51.9,1.004,133.0,48.1,0.827,216.0,50.0,0.941
0,30,0,0.2,0.5,240,1,486.0,67.3,1.023,139.0,57.6,0.679,214.0,62.1,0.861,133.0,58.6,0.749,216.0,61.6,0.848
0,30,1,0.1,0.3,60,1,479.0,64.9,0.586,118.0,70.3,0.735,231.0,69.3,0.735,102.0,66.7,0.655,223.0,62.3,0.61
0,30,1,0.1,0.5,100000,1,479.0,63.7,0.733,118.0,64.4,0.819,231.0,59.7,0.735,102.0,67.6,0.9,223.0,55.2,0.644
0,30,1,0.2,0.3,240,1,479.0,76.0,0.856,118.0,71.2,0.683,231.0,70.1,0.696,102.0,73.5,0.762,223.0,69.1,0.682
0,30,1,0.2,1.0,60,1,479.0,46.6,0.724,118.0,47.5,1.0,231.0,48.5,0.863,102.0,47.1,0.999,223.0,43.0,0.683
0,60,0,0.1,0.3,100000,1,479.0,68.1,0.511,141.0,82.3,1.197,225.0,75.6,0.832,125.0,79.2,1.03,217.0,74.7,0.834
0,60,0,0.1,1.0,240,1,479.0,50.1,0.911,141.0,49.6,0.905,225.0,48.0,0.857,125.0,50.4,0.944,217.0,45.6,0.79
0,60,0,0.2,0.5,60,1,479.0,45.1,0.779,141.0,44.7,0.778,225.0,50.7,0.815,125.0,42.4,0.737,217.0,49.8,0.791
0,60,0,0.2,1.0,100000,1,479.0,53.0,1.071,141.0,51.1,1.012,225.0,45.3,0.774,125.0,50.4,0.984,217.0,47.0,0.827
0,60,1,0.1,0.5,240,1,487.0,60.6,0.647,117.0,61.5,0.678,222.0,62.6,0.872,110.0,60.9,0.65,228.0,59.6,0.77
0,60,1,0.2,0.3,60,1,487.0,54.4,0.671,117.0,53.8,0.576,222.0,61.7,0.908,110.0,49.1,0.671,228.0,59.2,0.826
0,60,1,0.2,0.5,100000,1,487.0,67.8,0.952,117.0,59.8,0.695,222.0,64.4,0.828,110.0,61.8,0.756,228.0,60.1,0.735
0,120,0,0.1,0.3,240,1,456.0,69.1,0.53,137.0,75.2,0.764,226.0,74.3,0.898,128.0,71.9,0.657,225.0,73.8,0.936
0,120,0,0.1,1.0,60,1,456.0,45.8,0.762,137.0,46.7,0.805,226.0,50.0,1.097,128.0,43.0,0.686,225.0,46.7,0.97
0,120,0,0.2,0.3,100000,1,456.0,77.2,0.915,137.0,73.0,0.752,226.0,74.3,0.879,128.0,71.9,0.741,225.0,73.8,0.885
0,120,0,0.2,1.0,240,1,456.0,53.1,1.087,137.0,52.6,1.028,226.0,46.0,0.771,128.0,50.0,0.969,225.0,44.9,0.784
0,120,1,0.1,0.5,60,1,514.0,53.3,0.616,122.0,54.1,0.72,220.0,57.7,0.702,107.0,56.1,0.868,217.0,53.5,0.604
0,120,1,0.1,1.0,100000,1,514.0,47.5,0.807,122.0,50.8,0.916,220.0,45.9,0.822,107.0,52.3,0.957,217.0,41.5,0.704
0,120,1,0.2,0.5,240,1,514.0,65.2,0.901,122.0,59.8,0.727,220.0,60.9,0.794,107.0,62.6,0.819,217.0,60.4,0.8
0,-1,0,0.1,0.3,60,1,470.0,62.3,0.507,130.0,66.9,0.603,221.0,76.0,1.072,123.0,61.0,0.528,219.0,74.9,0.963
0,-1,0,0.1,0.5,100000,1,470.0,61.7,0.682,130.0,65.4,0.793,221.0,69.2,1.08,123.0,61.8,0.732,219.0,65.8,0.879
0,-1,0,0.2,0.3,240,1,470.0,75.7,0.87,130.0,73.1,0.753,221.0,75.1,0.872,123.0,70.7,0.726,219.0,73.1,0.796
0,-1,0,0.2,1.0,60,1,470.0,41.5,0.665,130.0,49.2,0.863,221.0,52.0,1.1,123.0,40.7,0.76,219.0,53.0,1.045
0,-1,1,0.1,0.3,100000,1,499.0,67.5,0.498,129.0,79.1,1.009,226.0,71.7,0.751,115.0,80.0,1.025,227.0,67.4,0.683
0,-1,1,0.1,1.0,240,1,499.0,49.3,0.883,129.0,52.7,1.013,226.0,43.4,0.725,115.0,51.3,0.911,227.0,40.1,0.674
0,-1,1,0.2,0.5,60,1,499.0,49.5,0.792,129.0,41.9,0.706,226.0,49.6,0.732,115.0,40.0,0.756,227.0,45.4,0.642
0,-1,1,0.2,1.0,100000,1,499.0,51.9,1.024,129.0,45.7,0.841,226.0,39.8,0.647,115.0,51.3,0.988,227.0,40.5,0.674
60,30,0,0.1,0.5,60,1,474.0,59.7,0.692,135.0,62.2,0.76,233.0,54.1,0.548,123.0,63.4,0.768,226.0,55.3,0.565
60,30,0,0.1,1.0,100000,1,474.0,47.9,0.839,135.0,48.1,0.844,233.0,43.8,0.676,123.0,50.4,0.898,226.0,45.1,0.729
60,30,0,0.2,0.5,240,1,474.0,66.7,0.965,135.0,59.3,0.742,233.0,60.5,0.75,123.0,61.8,0.783,226.0,60.6,0.713
60,30,1,0.1,0.3,60,1,492.0,70.5,0.676,124.0,70.2,0.601,211.0,70.6,0.696,111.0,64.9,0.484,209.0,75.1,0.888
60,30,1,0.1,0.5,100000,1,492.0,63.8,0.782,124.0,62.9,0.734,211.0,60.7,0.718,111.0,57.7,0.59,209.0,64.6,0.841
60,30,1,0.2,0.3,240,1,492.0,74.6,0.836,124.0,76.6,0.888,211.0,75.8,0.89,111.0,74.8,0.814,209.0,76.1,0.894
60,30,1,0.2,1.0,60,1,492.0,49.2,0.989,124.0,49.2,0.919,211.0,46.9,0.736,111.0,49.5,0.821,209.0,48.8,0.847
60,60,0,0.1,0.3,100000,1,491.0,71.1,0.614,129.0,76.7,0.813,242.0,66.1,0.526,117.0,74.4,0.71,224.0,67.4,0.559
60,60,0,0.1,1.0,240,1,491.0,48.1,0.862,129.0,52.7,1.019,242.0,42.6,0.664,117.0,53.0,1.007,224.0,43.8,0.686
60,60,0,0.2,0.5,60,1,491.0,49.1,0.724,129.0,52.7,0.845,242.0,47.5,0.723,117.0,51.3,0.781,224.0,46.9,0.656
60,60,0,0.2,1.0,100000,1,491.0,48.1,0.895,129.0,45.0,0.812,242.0,48.3,0.934,117.0,49.6,0.903,224.0,46.9,0.849
60,60,1,0.1,0.5,240,1,478.0,62.8,0.73,129.0,59.7,0.636,204.0,58.8,0.665,113.0,55.8,0.556,222.0,62.2,0.793
60,60,1,0.2,0.3,60,1,478.0,61.7,0.804,129.0,60.5,0.739,204.0,63.7,0.662,113.0,59.3,0.718,222.0,66.2,0.816
60,60,1,0.2,0.5,100000,1,478.0,66.9,0.933,129.0,60.5,0.725,204.0,62.7,0.765,113.0,61.1,0.738,222.0,63.5,0.824
60,120,0,0.1,0.3,240,1,481.0,72.8,0.675,138.0,72.5,0.649,227.0,64.8,0.475,123.0,68.3,0.543,224.0,67.0,0.506
60,120,0,0.1,1.0,60,1,481.0,47.6,0.835,138.0,44.9,0.727,227.0,39.6,0.596,123.0,43.1,0.681,224.0,41.5,0.626
60,120,0,0.2,0.3,100000,1,481.0,75.7,0.863,138.0,73.2,0.738,227.0,69.6,0.603,123.0,71.5,0.669,224.0,68.8,0.547
60,120,0,0.2,1.0,240,1,481.0,50.7,0.997,138.0,43.5,0.749,227.0,49.8,0.909,123.0,44.7,0.753,224.0,46.4,0.79
60,120,1,0.1,0.5,60,1,486.0,60.3,0.743,121.0,62.0,0.77,220.0,61.4,0.803,114.0,58.8,0.655,222.0,62.6,0.845
60,120,1,0.1,1.0,100000,1,486.0,49.0,0.87,121.0,47.9,0.825,220.0,46.8,0.825,114.0,44.7,0.714,222.0,46.4,0.88
60,120,1,0.2,0.5,240,1,486.0,64.0,0.879,121.0,62.8,0.826,220.0,63.2,0.872,114.0,61.4,0.762,222.0,64.0,0.903
60,-1,0,0.1,0.3,60,1,479.0,70.8,0.661,127.0,70.1,0.588,221.0,68.3,0.626,123.0,68.3,0.565,210.0,71.4,0.704
60,-1,0,0.1,0.5,100000,1,479.0,64.1,0.756,127.0,63.8,0.761,221.0,57.0,0.58,123.0,61.8,0.704,210.0,61.0,0.666
60,-1,0,0.2,0.3,240,1,479.0,75.4,0.825,127.0,72.4,0.741,221.0,71.9,0.728,123.0,72.4,0.754,210.0,70.5,0.626
60,-1,0,0.2,1.0,60,1,479.0,46.1,0.799,127.0,52.0,0.984,221.0,44.3,0.913,123.0,55.3,1.017,210.0,44.8,0.848
60,-1,1,0.1,0.3,100000,1,491.0,70.5,0.601,132.0,72.0,0.642,226.0,69.9,0.647,115.0,65.2,0.464,236.0,69.9,0.713
60,-1,1,0.1,1.0,240,1,491.0,48.5,0.893,132.0,49.2,0.881,226.0,42.5,0.672,115.0,45.2,0.74,236.0,44.5,0.753
60,-1,1,0.2,0.5,60,1,491.0,51.5,0.798,132.0,45.5,0.621,226.0,49.6,0.669,115.0,42.6,0.527,236.0,51.7,0.732
60,-1,1,0.2,1.0,100000,1,491.0,51.7,1.042,132.0,45.5,0.818,226.0,42.9,0.737,115.0,46.1,0.785,236.0,44.5,0.804
120,30,0,0.1,0.5,60,1,487.0,56.1,0.55,131.0,62.6,0.792,225.0,59.6,0.793,127.0,62.2,0.766,224.0,60.3,0.82
120,30,0,0.1,1.0,100000,1,487.0,42.1,0.614,131.0,46.6,0.835,225.0,45.8,0.865,127.0,43.3,0.734,224.0,48.2,0.909
120,30,0,0.2,0.5,240,1,487.0,60.8,0.735,131.0,59.5,0.74,225.0,62.2,0.918,127.0,58.3,0.728,224.0,62.5,0.917
120,30,1,0.1,0.3,60,1,481.0,73.8,0.745,128.0,65.6,0.531,222.0,70.3,0.725,110.0,65.5,0.518,218.0,68.3,0.753
120,30,1,0.1,0.5,100000,1,481.0,65.3,0.807,128.0,57.0,0.572,222.0,62.2,0.725,110.0,57.3,0.602,218.0,59.6,0.713
120,30,1,0.2,0.3,240,1,481.0,79.8,1.079,128.0,67.2,0.578,222.0,69.8,0.651,110.0,66.4,0.552,218.0,66.5,0.623
120,30,1,0.2,1.0,60,1,481.0,47.6,0.997,128.0,44.5,0.75,222.0,43.2,0.676,110.0,44.5,0.791,218.0,38.1,0.614
120,60,0,0.1,0.3,100000,1,499.0,69.7,0.568,138.0,65.9,0.483,215.0,71.2,0.764,125.0,65.6,0.488,218.0,70.6,0.82
120,60,0,0.1,1.0,240,1,499.0,44.7,0.684,138.0,47.8,0.836,215.0,48.4,0.964,125.0,41.6,0.666,218.0,48.6,0.973
120,60,0,0.2,0.5,60,1,499.0,51.3,0.67,138.0,54.3,0.737,215.0,54.0,1.0,125.0,52.8,0.726,218.0,54.1,1.042
120,60,0,0.2,1.0,100000,1,499.0,46.7,0.829,138.0,42.8,0.745,215.0,45.1,0.815,125.0,46.4,0.813,218.0,46.8,0.822
120,60,1,0.1,0.5,240,1,470.0,63.0,0.735,121.0,57.9,0.647,232.0,59.5,0.68,111.0,61.3,0.739,227.0,57.7,0.636
120,60,1,0.2,0.3,60,1,470.0,66.6,0.898,121.0,60.3,0.692,232.0,59.9,0.648,111.0,58.6,0.647,227.0,57.7,0.621
120,60,1,0.2,0.5,100000,1,470.0,69.6,1.031,121.0,62.0,0.766,232.0,58.6,0.689,111.0,60.4,0.724,227.0,57.7,0.657
120,120,0,0.1,0.3,240,1,497.0,70.2,0.586,133.0,69.9,0.568,219.0,67.6,0.626,124.0,69.4,0.57,215.0,69.3,0.716
120,120,0,0.1,1.0,60,1,497.0,45.9,0.721,133.0,50.4,0.886,219.0,47.0,0.934,124.0,46.0,0.772,215.0,47.0,0.94
120,120,0,0.2,0.3,100000,1,497.0,75.5,0.835,133.0,72.2,0.685,219.0,75.3,1.047,124.0,74.2,0.758,215.0,73.0,0.887
120,120,0,0.2,1.0,240,1,497.0,49.5,0.925,133.0,46.6,0.808,219.0,50.2,1.062,124.0,49.2,0.857,215.0,47.4,1.021
120,120,1,0.1,0.5,60,1,473.0,60.0,0.662,126.0,50.8,0.555,228.0,60.5,0.74,113.0,51.3,0.561,228.0,58.3,0.754
120,120,1,0.1,1.0,100000,1,473.0,46.1,0.737,126.0,41.3,0.66,228.0,42.1,0.681,113.0,39.8,0.599,228.0,41.7,0.65
120,120,1,0.2,0.5,240,1,473.0,65.1,0.87,126.0,59.5,0.751,228.0,55.3,0.614,113.0,54.9,0.61,228.0,55.3,0.638
120,-1,0,0.1,0.3,60,1,489.0,68.9,0.535,129.0,62.8,0.431,221.0,68.3,0.672,118.0,59.3,0.385,210.0,65.7,0.615
120,-1,0,0.1,0.5,100000,1,489.0,60.7,0.615,129.0,56.6,0.569,221.0,63.3,0.814,118.0,54.2,0.52,210.0,59.0,0.684
120,-1,0,0.2,0.3,240,1,489.0,72.2,0.7,129.0,68.2,0.596,221.0,70.6,0.773,118.0,69.5,0.631,210.0,70.5,0.734
120,-1,0,0.2,1.0,60,1,489.0,44.0,0.707,129.0,38.0,0.578,221.0,48.0,0.972,118.0,42.4,0.695,210.0,44.8,0.823
120,-1,1,0.1,0.3,100000,1,480.0,71.5,0.669,130.0,70.8,0.656,226.0,68.6,0.657,119.0,73.1,0.734,235.0,72.3,0.833
120,-1,1,0.1,1.0,240,1,480.0,47.9,0.819,130.0,48.5,0.869,226.0,43.8,0.799,119.0,47.9,0.836,235.0,43.8,0.804
120,-1,1,0.2,0.5,60,1,480.0,54.2,0.859,130.0,54.6,0.902,226.0,46.0,0.631,119.0,52.1,0.826,235.0,44.7,0.7
120,-1,1,0.2,1.0,100000,1,480.0,51.2,0.992,130.0,43.1,0.743,226.0,42.5,0.707,119.0,42.9,0.71,235.0,41.7,0.712
180,30,0,0.1,0.5,60,1,483.0,63.6,0.73,127.0,62.2,0.744,205.0,58.0,0.723,121.0,59.5,0.676,201.0,55.7,0.688
180,30,0,0.1,1.0,100000,1,483.0,48.7,0.8,127.0,47.2,0.816,205.0,47.3,0.882,121.0,48.8,0.838,201.0,46.3,0.862
180,30,0,0.2,0.5,240,1,483.0,63.1,0.83,127.0,61.4,0.815,205.0,62.0,0.9,121.0,58.7,0.712,201.0,64.2,0.981
180,30,1,0.1,0.3,60,1,481.0,73.2,0.724,131.0,66.4,0.549,242.0,66.9,0.683,117.0,70.9,0.692,242.0,69.0,0.745
180,30,1,0.1,0.5,100000,1,481.0,65.5,0.8,131.0,61.8,0.762,242.0,59.9,0.792,117.0,63.2,0.758,242.0,60.3,0.802
180,30,1,0.2,0.3,240,1,481.0,76.7,0.952,131.0,74.0,0.881,242.0,74.0,0.941,117.0,74.4,0.854,242.0,75.2,1.019
180,30,1,0.2,1.0,60,1,481.0,48.0,0.956,131.0,43.5,0.711,242.0,50.8,0.92,117.0,42.7,0.656,242.0,51.7,0.916
180,60,0,0.1,0.3,100000,1,473.0,70.2,0.622,131.0,78.6,0.95,213.0,66.2,0.586,118.0,78.0,0.93,197.0,66.0,0.565
180,60,0,0.1,1.0,240,1,473.0,46.9,0.758,131.0,50.4,0.911,213.0,50.7,1.017,118.0,52.5,0.976,197.0,49.7,0.949
180,60,0,0.2,0.5,60,1,473.0,54.5,0.768,131.0,55.7,0.781,213.0,58.7,1.009,118.0,53.4,0.767,197.0,62.4,1.142
180,60,0,0.2,1.0,100000,1,473.0,48.6,0.894,131.0,51.9,1.083,213.0,51.6,0.986,118.0,50.8,0.993,197.0,50.3,0.92
180,60,1,0.1,0.5,240,1,495.0,66.7,0.825,128.0,55.5,0.587,234.0,59.8,0.826,119.0,56.3,0.57,245.0,60.8,0.867
180,60,1,0.2,0.3,60,1,495.0,73.1,0.993,128.0,62.5,0.651,234.0,64.5,0.836,119.0,58.0,0.582,245.0,64.9,0.918
180,60,1,0.2,0.5,100000,1,495.0,68.5,1.02,128.0,57.8,0.666,234.0,65.0,0.956,119.0,58.8,0.664,245.0,64.1,0.951
180,120,0,0.1,0.3,240,1,493.0,70.2,0.622,125.0,68.8,0.578,213.0,68.5,0.688,117.0,75.2,0.777,208.0,68.8,0.686
180,120,0,0.1,1.0,60,1,493.0,47.1,0.795,125.0,49.6,0.813,213.0,47.9,0.882,117.0,50.4,0.88,208.0,52.4,0.959
180,120,0,0.2,0.3,100000,1,493.0,73.0,0.738,125.0,71.2,0.705,213.0,75.1,0.978,117.0,70.9,0.675,208.0,77.9,1.112
180,120,0,0.2,1.0,240,1,493.0,47.1,0.866,125.0,43.2,0.838,213.0,49.8,0.944,117.0,46.2,0.798,208.0,52.4,0.998
180,120,1,0.1,0.5,60,1,475.0,65.9,0.819,133.0,58.6,0.654,234.0,56.4,0.7,120.0,54.2,0.576,236.0,56.8,0.721
180,120,1,0.1,1.0,100000,1,475.0,51.2,0.893,133.0,39.1,0.612,234.0,46.2,0.924,120.0,39.2,0.58,236.0,45.8,0.895
180,120,1,0.2,0.5,240,1,475.0,65.7,0.931,133.0,57.1,0.685,234.0,64.5,0.997,120.0,55.8,0.63,236.0,64.0,0.978
180,-1,0,0.1,0.3,60,1,488.0,74.8,0.765,124.0,66.9,0.54,219.0,68.5,0.673,108.0,66.7,0.54,206.0,69.4,0.666
180,-1,0,0.1,0.5,100000,1,488.0,68.2,0.9,124.0,62.9,0.744,219.0,62.6,0.782,108.0,57.4,0.581,206.0,62.1,0.727
180,-1,0,0.2,0.3,240,1,488.0,76.0,0.892,124.0,71.8,0.751,219.0,75.8,0.997,108.0,69.4,0.694,206.0,78.2,1.044
180,-1,0,0.2,1.0,60,1,488.0,47.5,0.9,124.0,42.7,0.606,219.0,52.5,1.016,108.0,38.9,0.533,206.0,52.9,1.016
180,-1,1,0.1,0.3,100000,1,480.0,68.1,0.559,135.0,71.1,0.703,228.0,65.8,0.68,126.0,77.0,0.91,240.0,65.4,0.686
180,-1,1,0.1,1.0,240,1,480.0,48.3,0.796,135.0,41.5,0.683,228.0,44.3,0.92,126.0,46.8,0.786,240.0,45.0,0.938
180,-1,1,0.2,0.5,60,1,480.0,57.3,0.894,135.0,51.9,0.712,228.0,53.9,0.799,126.0,50.8,0.665,240.0,56.2,0.89
180,-1,1,0.2,1.0,100000,1,480.0,49.2,0.917,135.0,43.0,0.746,228.0,43.0,0.711,126.0,37.3,0.566,240.0,44.2,0.757
240,30,0,0.1,0.5,60,1,491.0,61.1,0.722,128.0,61.7,0.802,237.0,63.3,1.005,112.0,58.0,0.675,220.0,64.1,1.037
240,30,0,0.1,1.0,100000,1,491.0,48.3,0.819,128.0,47.7,0.825,237.0,45.1,0.847,112.0,47.3,0.811,220.0,45.0,0.843
240,30,0,0.2,0.5,240,1,491.0,63.1,0.832,128.0,62.5,0.85,237.0,60.8,0.883,112.0,59.8,0.732,220.0,58.6,0.797
240,30,1,0.1,0.3,60,1,475.0,71.6,0.638,131.0,73.3,0.72,210.0,70.5,0.738,121.0,68.6,0.598,222.0,70.3,0.674
240,30,1,0.1,0.5,100000,1,475.0,64.6,0.779,131.0,62.6,0.757,210.0,61.9,0.764,121.0,60.3,0.685,222.0,62.6,0.743
240,30,1,0.2,0.3,240,1,475.0,74.5,0.8,131.0,70.2,0.758,210.0,71.9,0.827,121.0,66.9,0.624,222.0,74.3,0.834
240,30,1,0.2,1.0,60,1,475.0,42.1,0.718,131.0,48.1,0.955,210.0,51.4,0.871,121.0,45.5,0.753,222.0,51.4,0.828
240,60,0,0.1,0.3,100000,1,498.0,71.5,0.616,132.0,70.5,0.591,226.0,72.1,0.767,114.0,68.4,0.533,222.0,69.8,0.689
240,60,0,0.1,1.0,240,1,498.0,49.0,0.851,132.0,47.7,0.827,226.0,46.5,0.798,114.0,45.6,0.758,222.0,45.0,0.783
240,60,0,0.2,0.5,60,1,498.0,54.4,0.868,132.0,50.8,0.831,226.0,53.1,0.792,114.0,47.4,0.646,222.0,53.2,0.767
240,60,0,0.2,1.0,100000,1,498.0,47.6,0.861,132.0,47.7,0.888,226.0,46.5,0.791,114.0,47.4,0.853,222.0,49.5,0.906
240,60,1,0.1,0.5,240,1,466.0,60.7,0.667,127.0,67.7,0.93,221.0,64.3,0.964,121.0,65.3,0.828,220.0,66.8,0.986
240,60,1,0.2,0.3,60,1,466.0,60.5,0.654,127.0,61.4,0.796,221.0,66.5,1.0,121.0,60.3,0.725,220.0,68.2,0.994
240,60,1,0.2,0.5,100000,1,466.0,62.7,0.764,127.0,63.8,0.845,221.0,66.1,0.931,121.0,65.3,0.852,220.0,66.4,0.945
240,120,0,0.1,0.3,240,1,480.0,72.5,0.633,126.0,72.2,0.673,225.0,72.4,0.853,117.0,69.2,0.597,216.0,72.2,0.806
240,120,0,0.1,1.0,60,1,480.0,49.4,0.869,126.0,50.0,1.03,225.0,51.6,1.016,117.0,49.6,0.904,216.0,52.3,0.999
240,120,0,0.2,0.3,100000,1,480.0,75.6,0.819,126.0,74.6,0.851,225.0,75.1,0.867,117.0,71.8,0.704,216.0,75.0,0.814
240,120,0,0.2,1.0,240,1,480.0,49.6,0.908,126.0,53.2,1.207,225.0,47.1,0.845,117.0,52.1,1.04,216.0,51.4,0.983
240,120,1,0.1,0.5,60,1,487.0,59.3,0.691,133.0,59.4,0.735,222.0,60.4,0.818,118.0,57.6,0.686,227.0,59.5,0.778
240,120,1,0.1,1.0,100000,1,487.0,45.4,0.759,133.0,48.1,0.828,222.0,46.8,0.868,118.0,48.3,0.82,227.0,47.6,0.863
240,120,1,0.2,0.5,240,1,487.0,61.2,0.771,133.0,60.2,0.805,222.0,60.8,0.878,118.0,60.2,0.754,227.0,60.4,0.845
240,-1,0,0.1,0.3,60,1,476.0,71.4,0.621,132.0,76.5,0.844,231.0,73.6,0.922,118.0,75.4,0.786,216.0,73.1,0.895
240,-1,0,0.1,0.5,100000,1,476.0,66.4,0.833,132.0,68.2,0.977,231.0,66.7,0.948,118.0,67.8,0.935,216.0,64.8,0.921
240,-1,0,0.2,0.3,240,1,476.0,76.1,0.881,132.0,76.5,1.042,231.0,76.6,1.036,118.0,74.6,0.938,216.0,76.9,1.057
240,-1,0,0.2,1.0,60,1,476.0,47.5,0.888,132.0,53.8,1.407,231.0,51.1,0.943,118.0,49.2,1.069,216.0,50.5,1.035
240,-1,1,0.1,0.3,100000,1,491.0,69.2,0.569,127.0,72.4,0.64,216.0,70.8,0.76,119.0,69.7,0.595,229.0,73.8,0.807
240,-1,1,0.1,1.0,240,1,491.0,44.2,0.727,127.0,43.3,0.693,216.0,46.3,0.871,119.0,45.4,0.74,229.0,48.9,0.914
240,-1,1,0.2,0.5,60,1,491.0,48.9,0.686,127.0,44.1,0.636,216.0,55.6,0.937,119.0,46.2,0.602,229.0,55.5,0.852
240,-1,1,0.2,1.0,100000,1,491.0,44.8,0.769,127.0,45.7,0.792,216.0,47.2,0.852,119.0,43.7,0.707,229.0,48.9,0.879
300,30,0,0.1,0.5,60,1,491.0,57.2,0.633,133.0,57.1,0.661,244.0,57.8,0.767,117.0,59.0,0.73,224.0,61.2,0.893
300,30,0,0.1,1.0,100000,1,491.0,43.8,0.678,133.0,45.9,0.77,244.0,43.9,0.68,117.0,44.4,0.738,224.0,48.2,0.859
300,30,0,0.2,0.5,240,1,491.0,61.5,0.768,133.0,60.2,0.809,244.0,59.4,0.719,117.0,62.4,0.855,224.0,63.4,0.895
300,30,1,0.1,0.3,60,1,462.0,68.2,0.545,126.0,55.6,0.325,203.0,80.3,1.445,117.0,59.8,0.397,215.0,81.4,1.664
300,30,1,0.1,0.5,100000,1,462.0,59.7,0.624,126.0,51.6,0.469,203.0,70.9,1.183,117.0,53.0,0.474,215.0,67.9,1.095
300,30,1,0.2,0.3,240,1,462.0,71.9,0.714,126.0,64.3,0.521,203.0,81.8,1.595,117.0,66.7,0.541,215.0,80.0,1.369
300,30,1,0.2,1.0,60,1,462.0,42.9,0.641,126.0,38.1,0.514,203.0,51.2,1.017,117.0,37.6,0.515,215.0,51.2,1.068
300,60,0,0.1,0.3,100000,1,482.0,69.3,0.572,139.0,67.6,0.53,230.0,71.7,0.766,119.0,65.5,0.476,228.0,75.9,0.959
300,60,0,0.1,1.0,240,1,482.0,44.6,0.719,139.0,49.6,0.879,230.0,44.3,0.692,119.0,42.9,0.675,228.0,47.8,0.85
300,60,0,0.2,0.5,60,1,482.0,48.3,0.701,139.0,49.6,0.828,230.0,51.3,0.7,119.0,42.9,0.615,228.0,55.3,0.919
300,60,0,0.2,1.0,100000,1,482.0,47.7,0.892,139.0,43.2,0.719,230.0,47.0,0.78,119.0,42.0,0.682,228.0,48.7,0.896
300,60,1,0.1,0.5,240,1,471.0,59.7,0.616,120.0,49.2,0.435,217.0,70.0,1.128,113.0,54.9,0.525,213.0,67.6,1.056
300,60,1,0.2,0.3,60,1,471.0,58.6,0.627,120.0,45.8,0.413,217.0,64.5,1.152,113.0,52.2,0.534,213.0,64.8,1.177
300,60,1,0.2,0.5,100000,1,471.0,60.5,0.716,120.0,55.8,0.616,217.0,70.5,1.209,113.0,63.7,0.8,213.0,68.5,1.14
300,120,0,0.1,0.3,240,1,492.0,69.1,0.532,136.0,61.8,0.408,239.0,72.4,0.767,117.0,60.7,0.39,229.0,73.8,0.829
300,120,0,0.1,1.0,60,1,492.0,41.5,0.611,136.0,43.4,0.69,239.0,44.4,0.64,117.0,42.7,0.648,229.0,44.5,0.711
300,120,0,0.2,0.3,100000,1,492.0,72.8,0.715,136.0,71.3,0.687,239.0,72.0,0.782,117.0,71.8,0.689,229.0,75.1,0.958
300,120,0,0.2,1.0,240,1,492.0,49.0,0.884,136.0,43.4,0.728,239.0,46.0,0.807,117.0,43.6,0.72,229.0,46.3,0.819
300,120,1,0.1,0.5,60,1,460.0,57.6,0.64,123.0,52.0,0.534,208.0,68.3,1.283,121.0,52.1,0.536,213.0,69.5,1.348
300,120,1,0.1,1.0,100000,1,460.0,46.3,0.798,123.0,39.0,0.58,208.0,51.9,0.998,121.0,39.7,0.588,213.0,54.9,1.21
300,120,1,0.2,0.5,240,1,460.0,60.7,0.767,123.0,55.3,0.666,208.0,67.8,1.047,121.0,61.2,0.762,213.0,67.6,1.109
300,-1,0,0.1,0.3,60,1,464.0,66.6,0.512,132.0,62.1,0.453,224.0,75.9,0.86,118.0,59.3,0.386,215.0,77.7,0.983
300,-1,0,0.1,0.5,100000,1,464.0,59.1,0.6,132.0,57.6,0.611,224.0,64.7,0.789,118.0,55.9,0.552,215.0,67.0,0.888
300,-1,0,0.2,0.3,240,1,464.0,73.9,0.791,132.0,68.2,0.656,224.0,73.2,0.824,118.0,67.8,0.601,215.0,77.7,1.022
300,-1,0,0.2,1.0,60,1,464.0,45.7,0.747,132.0,38.6,0.689,224.0,50.0,0.86,118.0,36.4,0.566,215.0,51.6,1.05
300,-1,1,0.1,0.3,100000,1,488.0,70.3,0.611,127.0,64.6,0.448,223.0,75.3,1.016,119.0,68.1,0.541,230.0,77.4,1.185
300,-1,1,0.1,1.0,240,1,488.0,45.9,0.763,127.0,38.6,0.55,223.0,49.3,0.913,119.0,40.3,0.598,230.0,50.0,0.996
300,-1,1,0.2,0.5,60,1,488.0,46.5,0.623,127.0,44.1,0.552,223.0,48.9,0.838,119.0,44.5,0.601,230.0,51.3,0.872
300,-1,1,0.2,1.0,100000,1,488.0,44.9,0.773,127.0,39.4,0.617,223.0,48.9,0.857,119.0,44.5,0.733,230.0,48.7,0.907
360,30,0,0.1,0.5,60,1,468.0,59.6,0.682,145.0,54.5,0.606,216.0,64.8,1.111,122.0,62.3,0.798,212.0,62.7,1.05
360,30,0,0.1,1.0,100000,1,468.0,45.1,0.681,145.0,43.4,0.697,216.0,45.8,0.845,122.0,45.1,0.719,212.0,46.2,0.898
360,30,0,0.2,0.5,240,1,468.0,62.2,0.74,145.0,57.9,0.647,216.0,62.0,0.773,122.0,55.7,0.568,212.0,61.8,0.819
360,30,1,0.1,0.3,60,1,444.0,71.8,0.712,114.0,75.4,0.831,230.0,78.3,1.13,113.0,73.5,0.763,221.0,77.8,1.163
360,30,1,0.1,0.5,100000,1,444.0,64.6,0.815,114.0,65.8,0.849,230.0,70.9,1.101,113.0,64.6,0.821,221.0,69.2,1.092
360,30,1,0.2,0.3,240,1,444.0,76.1,0.906,114.0,68.4,0.612,230.0,81.7,1.319,113.0,68.1,0.59,221.0,81.4,1.213
360,30,1,0.2,1.0,60,1,444.0,48.0,0.916,114.0,40.4,0.534,230.0,53.5,1.173,113.0,38.9,0.487,221.0,52.0,1.116
360,60,0,0.1,0.3,100000,1,444.0,71.8,0.636,121.0,71.1,0.639,211.0,75.8,0.92,112.0,73.2,0.681,209.0,72.7,0.797
360,60,0,0.1,1.0,240,1,444.0,47.7,0.786,121.0,44.6,0.728,211.0,49.3,0.877,112.0,45.5,0.717,209.0,45.9,0.785
360,60,0,0.2,0.5,60,1,444.0,50.2,0.825,121.0,47.1,0.592,211.0,51.7,0.859,112.0,50.9,0.621,209.0,50.7,0.722
360,60,0,0.2,1.0,100000,1,444.0,51.8,1.0,121.0,38.0,0.582,211.0,48.3,0.873,112.0,38.4,0.58,209.0,42.6,0.666
360,60,1,0.1,0.5,240,1,469.0,62.0,0.706,137.0,64.2,0.806,236.0,67.8,0.993,123.0,65.0,0.835,233.0,71.2,1.272
360,60,1,0.2,0.3,60,1,469.0,61.8,0.774,137.0,59.1,0.591,236.0,69.9,1.277,123.0,56.1,0.568,233.0,68.7,1.42
360,60,1,0.2,0.5,100000,1,469.0,62.5,0.785,137.0,59.1,0.695,236.0,72.9,1.24,123.0,61.8,0.751,233.0,73.0,1.365
360,120,0,0.1,0.3,240,1,453.0,75.1,0.781,133.0,73.7,0.717,204.0,70.6,0.734,119.0,74.8,0.738,206.0,73.3,0.879
360,120,0,0.1,1.0,60,1,453.0,48.1,0.897,133.0,46.6,0.679,204.0,41.2,0.734,119.0,51.3,0.798,206.0,43.2,0.837
360,120,0,0.2,0.3,100000,1,453.0,76.6,0.903,133.0,66.9,0.549,204.0,76.0,1.017,119.0,66.4,0.536,206.0,75.2,0.9
360,120,0,0.2,1.0,240,1,453.0,50.8,0.978,133.0,39.8,0.589,204.0,50.0,0.95,119.0,41.2,0.616,206.0,46.6,0.816
360,120,1,0.1,0.5,60,1,460.0,58.5,0.658,126.0,57.1,0.651,243.0,68.3,1.192,117.0,62.4,0.824,235.0,69.4,1.358
360,120,1,0.1,1.0,100000,1,460.0,43.7,0.675,126.0,42.1,0.698,243.0,54.3,1.042,117.0,45.3,0.737,235.0,55.7,1.073
360,120,1,0.2,0.5,240,1,460.0,63.0,0.797,126.0,54.8,0.595,243.0,71.2,1.075,117.0,59.8,0.681,235.0,70.6,1.041
360,-1,0,0.1,0.3,60,1,452.0,70.8,0.677,130.0,68.5,0.615,219.0,69.9,0.631,115.0,68.7,0.601,211.0,70.1,0.693
360,-1,0,0.1,0.5,100000,1,452.0,65.5,0.797,130.0,60.0,0.68,219.0,64.4,0.747,115.0,60.9,0.686,211.0,61.1,0.745
360,-1,0,0.2,0.3,240,1,452.0,75.7,0.827,130.0,65.4,0.54,219.0,77.2,0.998,115.0,64.3,0.488,211.0,73.0,0.795
360,-1,0,0.2,1.0,60,1,452.0,44.7,0.891,130.0,42.3,0.537,219.0,48.9,1.094,115.0,38.3,0.519,211.0,46.0,0.834
360,-1,1,0.1,0.3,100000,1,462.0,70.8,0.61,129.0,73.6,0.727,228.0,81.1,1.371,123.0,76.4,0.806,233.0,80.7,1.317
360,-1,1,0.1,1.0,240,1,462.0,45.7,0.727,129.0,48.1,0.843,228.0,53.1,1.07,123.0,53.7,1.013,233.0,54.5,1.118
360,-1,1,0.2,0.5,60,1,462.0,50.4,0.761,129.0,47.3,0.58,228.0,58.3,1.083,123.0,53.7,0.759,233.0,58.8,1.226
360,-1,1,0.2,1.0,100000,1,462.0,47.6,0.855,129.0,44.2,0.754,228.0,51.3,0.908,123.0,48.0,0.866,233.0,51.1,0.891
420,30,0,0.1,0.5,60,1,444.0,57.0,0.563,128.0,58.6,0.629,220.0,60.9,0.805,108.0,56.5,0.617,221.0,60.2,0.815
420,30,0,0.1,1.0,100000,1,444.0,45.5,0.706,128.0,40.6,0.641,220.0,45.9,0.783,108.0,44.4,0.755,221.0,44.3,0.763
420,30,0,0.2,0.5,240,1,444.0,66.9,0.915,128.0,60.2,0.77,220.0,64.5,0.823,108.0,63.0,0.839,221.0,63.3,0.784
420,30,1,0.1,0.3,60,1,466.0,69.1,0.578,131.0,67.9,0.554,227.0,73.6,0.757,125.0,74.4,0.798,219.0,75.3,0.854
420,30,1,0.1,0.5,100000,1,466.0,59.7,0.599,131.0,58.8,0.639,227.0,67.8,0.975,125.0,64.8,0.83,219.0,69.4,1.086
420,30,1,0.2,0.3,240,1,466.0,74.7,0.77,131.0,65.6,0.534,227.0,78.9,1.028,125.0,69.6,0.646,219.0,78.5,0.966
420,30,1,0.2,1.0,60,1,466.0,47.9,0.748,131.0,47.3,0.639,227.0,49.3,0.945,125.0,52.8,0.713,219.0,52.1,0.915
420,60,0,0.1,0.3,100000,1,468.0,67.7,0.543,121.0,66.1,0.496,229.0,72.1,0.766,117.0,65.0,0.476,223.0,71.7,0.767
420,60,0,0.1,1.0,240,1,468.0,44.9,0.688,121.0,42.1,0.65,229.0,43.2,0.716,117.0,43.6,0.72,223.0,42.6,0.727
420,60,0,0.2,0.5,60,1,468.0,54.3,0.791,121.0,54.5,0.703,229.0,52.4,0.714,117.0,52.1,0.716,223.0,51.6,0.702
420,60,0,0.2,1.0,100000,1,468.0,51.7,0.992,121.0,47.1,0.894,229.0,48.0,0.875,117.0,43.6,0.795,223.0,46.6,0.833
420,60,1,0.1,0.5,240,1,442.0,60.6,0.62,137.0,62.8,0.774,218.0,67.4,1.002,117.0,69.2,1.048,220.0,69.1,1.099
420,60,1,0.2,0.3,60,1,442.0,64.3,0.671,137.0,61.3,0.632,218.0,66.5,0.899,117.0,65.8,0.829,220.0,67.7,0.909
420,60,1,0.2,0.5,100000,1,442.0,63.1,0.761,137.0,56.2,0.635,218.0,67.9,0.974,117.0,60.7,0.759,220.0,70.0,0.981
420,120,0,0.1,0.3,240,1,438.0,68.9,0.566,120.0,65.8,0.474,224.0,70.1,0.693,108.0,65.7,0.475,219.0,68.0,0.645
420,120,0,0.1,1.0,60,1,438.0,44.3,0.634,120.0,41.7,0.571,224.0,43.8,0.638,108.0,40.7,0.599,219.0,42.9,0.648
420,120,0,0.2,0.3,100000,1,438.0,76.7,0.864,120.0,71.7,0.689,224.0,71.9,0.708,108.0,67.6,0.597,219.0,70.3,0.68
420,120,0,0.2,1.0,240,1,438.0,50.9,0.925,120.0,44.2,0.755,224.0,44.6,0.74,108.0,41.7,0.682,219.0,43.8,0.688
420,120,1,0.1,0.5,60,1,473.0,57.1,0.583,139.0,62.6,0.778,223.0,66.8,1.044,127.0,66.1,0.965,224.0,68.8,1.212
420,120,1,0.1,1.0,100000,1,473.0,46.1,0.749,139.0,43.2,0.731,223.0,53.8,1.125,127.0,48.0,0.887,224.0,55.8,1.247
420,120,1,0.2,0.5,240,1,473.0,64.5,0.845,139.0,56.8,0.652,223.0,71.3,1.239,127.0,61.4,0.778,224.0,73.2,1.264
420,-1,0,0.1,0.3,60,1,440.0,68.2,0.558,132.0,67.4,0.503,223.0,74.9,0.892,114.0,73.7,0.696,213.0,76.1,0.978
420,-1,0,0.1,0.5,100000,1,440.0,59.1,0.598,132.0,53.0,0.484,223.0,66.8,1.006,114.0,57.0,0.574,213.0,69.5,1.18
420,-1,0,0.2,0.3,240,1,440.0,77.0,0.921,132.0,66.7,0.547,223.0,77.1,1.003,114.0,68.4,0.6,213.0,78.4,1.116
420,-1,0,0.2,1.0,60,1,440.0,43.9,0.791,132.0,43.9,0.569,223.0,48.4,1.091,114.0,45.6,0.642,213.0,51.2,1.101
420,-1,1,0.1,0.3,100000,1,471.0,67.7,0.53,127.0,70.1,0.654,224.0,71.9,0.746,124.0,71.0,0.691,230.0,70.9,0.735
420,-1,1,0.1,1.0,240,1,471.0,47.3,0.735,127.0,48.8,0.901,224.0,47.8,0.806,124.0,49.2,0.918,230.0,47.0,0.815
420,-1,1,0.2,0.5,60,1,471.0,55.2,0.724,127.0,54.3,0.719,224.0,54.5,0.765,124.0,58.9,0.924,230.0,52.6,0.667
420,-1,1,0.2,1.0,100000,1,471.0,49.0,0.848,127.0,43.3,0.754,224.0,49.1,0.835,124.0,45.2,0.793,230.0,50.0,0.829
480,30,0,0.1,0.5,60,1,453.0,60.9,0.725,137.0,58.4,0.657,223.0,61.9,0.852,128.0,60.2,0.658,220.0,65.0,0.878
480,30,0,0.1,1.0,100000,1,453.0,46.6,0.783,137.0,38.7,0.581,223.0,50.2,1.037,128.0,39.8,0.593,220.0,51.8,1.058
480,30,0,0.2,0.5,240,1,453.0,66.7,0.953,137.0,59.9,0.702,223.0,68.2,1.057,128.0,58.6,0.663,220.0,70.0,1.15
480,30,1,0.1,0.3,60,1,465.0,72.9,0.758,122.0,59.8,0.443,224.0,73.2,0.816,108.0,61.1,0.448,218.0,72.0,0.736
480,30,1,0.1,0.5,100000,1,465.0,65.6,0.834,122.0,50.0,0.459,224.0,65.6,0.908,108.0,51.9,0.486,218.0,63.8,0.799
480,30,1,0.2,0.3,240,1,465.0,75.1,0.801,122.0,69.7,0.629,224.0,75.9,0.883,108.0,65.7,0.532,218.0,77.5,0.925
480,30,1,0.2,1.0,60,1,465.0,47.3,0.831,122.0,42.6,0.719,224.0,49.6,0.817,108.0,37.0,0.569,218.0,48.2,0.825
480,60,0,0.1,0.3,100000,1,469.0,71.2,0.71,139.0,67.6,0.594,222.0,69.8,0.778,132.0,72.0,0.681,225.0,69.8,0.676
480,60,0,0.1,1.0,240,1,469.0,49.7,0.857,139.0,35.3,0.483,222.0,49.5,0.904,132.0,37.1,0.499,225.0,48.9,0.82
480,60,0,0.2,0.5,60,1,469.0,64.0,0.896,139.0,50.4,0.596,222.0,62.2,0.833,132.0,51.5,0.591,225.0,63.1,0.926
480,60,0,0.2,1.0,100000,1,469.0,49.0,0.89,139.0,37.4,0.555,222.0,54.5,1.095,132.0,37.9,0.567,225.0,56.4,1.191
480,60,1,0.1,0.5,240,1,451.0,62.7,0.746,120.0,51.7,0.509,224.0,65.6,0.925,104.0,53.8,0.542,219.0,65.3,0.886
480,60,1,0.2,0.3,60,1,451.0,73.4,0.795,120.0,67.5,0.655,224.0,71.0,0.894,104.0,63.5,0.552,219.0,73.1,0.971
480,60,1,0.2,0.5,100000,1,451.0,65.4,0.873,120.0,62.5,0.808,224.0,62.5,0.811,104.0,55.8,0.626,219.0,63.0,0.805
480,120,0,0.1,0.3,240,1,463.0,70.8,0.669,120.0,70.8,0.715,242.0,68.6,0.747,121.0,75.2,0.848,234.0,70.1,0.728
480,120,0,0.1,1.0,60,1,463.0,49.5,0.859,120.0,36.7,0.56,242.0,45.5,0.819,121.0,40.5,0.608,234.0,46.6,0.781
480,120,0,0.2,0.3,100000,1,463.0,75.2,0.784,120.0,76.7,0.907,242.0,71.5,0.746,121.0,72.7,0.746,234.0,73.9,0.798
480,120,0,0.2,1.0,240,1,463.0,49.7,0.905,120.0,44.2,0.763,242.0,49.6,0.917,121.0,43.0,0.72,234.0,50.9,0.971
480,120,1,0.1,0.5,60,1,457.0,64.6,0.844,139.0,51.1,0.481,205.0,68.8,1.064,117.0,53.0,0.507,209.0,67.9,0.982
480,120,1,0.1,1.0,100000,1,457.0,47.3,0.815,139.0,36.0,0.505,205.0,50.7,0.942,117.0,32.5,0.434,209.0,51.2,0.957
480,120,1,0.2,0.5,240,1,457.0,64.6,0.869,139.0,56.8,0.609,205.0,67.8,0.928,117.0,53.0,0.544,209.0,68.4,0.962
480,-1,0,0.1,0.3,60,1,454.0,75.6,0.825,126.0,67.5,0.582,226.0,69.5,0.726,112.0,69.6,0.64,218.0,69.3,0.617
480,-1,0,0.1,0.5,100000,1,454.0,67.0,0.85,126.0,54.8,0.538,226.0,61.1,0.754,112.0,55.4,0.559,218.0,59.2,0.617
480,-1,0,0.2,0.3,240,1,454.0,77.5,0.903,126.0,72.2,0.677,226.0,78.3,0.961,112.0,68.8,0.601,218.0,75.7,0.812
480,-1,0,0.2,1.0,60,1,454.0,48.9,0.906,126.0,45.2,0.737,226.0,46.9,0.794,112.0,38.4,0.587,218.0,45.4,0.803
480,-1,1,0.1,0.3,100000,1,467.0,67.9,0.65,132.0,62.9,0.516,221.0,73.8,0.891,126.0,66.7,0.561,227.0,74.4,0.926
480,-1,1,0.1,1.0,240,1,467.0,45.2,0.746,132.0,35.6,0.509,221.0,51.6,1.05,126.0,36.5,0.512,227.0,52.9,1.087
480,-1,1,0.2,0.5,60,1,467.0,61.5,0.817,132.0,49.2,0.603,221.0,59.3,0.826,126.0,48.4,0.535,227.0,61.2,0.941
480,-1,1,0.2,1.0,100000,1,467.0,48.0,0.863,132.0,37.9,0.6,221.0,48.4,0.81,126.0,38.9,0.621,227.0,51.1,0.889
500,30,0,0.1,0.5,60,1,477.0,57.4,0.655,128.0,52.3,0.545,226.0,64.6,0.874,113.0,58.4,0.634,218.0,63.3,0.865
500,30,0,0.1,1.0,100000,1,477.0,44.4,0.693,128.0,40.6,0.634,226.0,50.9,1.022,113.0,41.6,0.645,218.0,50.5,1.025
500,30,0,0.2,0.5,240,1,477.0,58.3,0.643,128.0,57.8,0.652,226.0,64.6,0.934,113.0,56.6,0.614,218.0,65.1,0.956
500,30,1,0.1,0.3,60,1,440.0,71.6,1.017,131.0,64.9,0.553,221.0,67.0,0.685,123.0,65.0,0.583,223.0,69.1,0.736
500,30,1,0.1,0.5,100000,1,440.0,64.3,0.927,131.0,60.3,0.657,221.0,59.7,0.708,123.0,61.0,0.703,223.0,63.7,0.839
500,30,1,0.2,0.3,240,1,440.0,76.1,0.918,131.0,73.3,0.736,221.0,72.9,0.853,123.0,73.2,0.74,223.0,73.5,0.822
500,30,1,0.2,1.0,60,1,440.0,50.5,0.905,131.0,46.6,0.764,221.0,49.8,0.728,123.0,43.1,0.735,223.0,48.9,0.761
500,60,0,0.1,0.3,100000,1,490.0,67.1,0.744,131.0,61.1,0.482,229.0,69.9,0.758,121.0,63.6,0.508,227.0,70.0,0.779
500,60,0,0.1,1.0,240,1,490.0,46.9,0.782,131.0,39.7,0.575,229.0,48.0,0.881,121.0,38.8,0.551,227.0,49.3,0.962
500,60,0,0.2,0.5,60,1,490.0,58.2,0.699,131.0,55.7,0.616,229.0,62.4,0.961,121.0,52.9,0.541,227.0,62.6,0.996
500,60,0,0.2,1.0,100000,1,490.0,45.1,0.726,131.0,43.5,0.715,229.0,46.7,0.779,121.0,42.1,0.667,227.0,47.1,0.84
500,60,1,0.1,0.5,240,1,431.0,62.2,0.824,128.0,59.4,0.659,218.0,62.4,0.773,115.0,63.5,0.788,217.0,64.5,0.853
500,60,1,0.2,0.3,60,1,431.0,72.9,0.825,128.0,70.3,0.665,218.0,71.6,0.811,115.0,73.0,0.797,217.0,71.4,0.789
500,60,1,0.2,0.5,100000,1,431.0,65.9,0.851,128.0,63.3,0.784,218.0,60.1,0.739,115.0,61.7,0.76,217.0,63.1,0.787
500,120,0,0.1,0.3,240,1,479.0,66.2,0.709,113.0,62.8,0.532,229.0,68.1,0.72,107.0,66.4,0.567,230.0,69.1,0.764
500,120,0,0.1,1.0,60,1,479.0,45.5,0.72,113.0,39.8,0.544,229.0,47.2,0.873,107.0,41.1,0.575,230.0,49.6,0.901
500,120,0,0.2,0.3,100000,1,479.0,70.4,0.688,113.0,67.3,0.574,229.0,75.5,0.979,107.0,70.1,0.634,230.0,76.1,0.966
500,120,0,0.2,1.0,240,1,479.0,44.5,0.718,113.0,44.2,0.718,229.0,45.9,0.797,107.0,45.8,0.788,230.0,47.0,0.84
500,120,1,0.1,0.5,60,1,441.0,62.8,0.868,146.0,58.9,0.652,218.0,64.7,0.857,129.0,62.0,0.736,215.0,65.6,0.931
500,120,1,0.1,1.0,100000,1,441.0,52.6,0.978,146.0,48.6,0.865,218.0,50.0,0.879,129.0,46.5,0.787,215.0,51.6,1.035
500,120,1,0.2,0.5,240,1,441.0,67.1,0.905,146.0,62.3,0.77,218.0,61.5,0.752,129.0,61.2,0.743,215.0,62.8,0.84
500,-1,0,0.1,0.3,60,1,460.0,66.5,0.751,130.0,59.2,0.464,226.0,66.4,0.659,112.0,61.6,0.501,216.0,68.1,0.757
500,-1,0,0.1,0.5,100000,1,460.0,58.3,0.702,130.0,55.4,0.562,226.0,61.9,0.748,112.0,58.9,0.645,216.0,63.0,0.854
500,-1,0,0.2,0.3,240,1,460.0,69.6,0.663,130.0,70.8,0.669,226.0,71.7,0.75,112.0,74.1,0.771,216.0,73.1,0.806
500,-1,0,0.2,1.0,60,1,460.0,45.0,0.722,130.0,50.0,0.833,226.0,48.7,0.851,112.0,43.8,0.678,216.0,47.7,0.877
500,-1,1,0.1,0.3,100000,1,460.0,68.9,0.824,129.0,65.9,0.597,221.0,72.4,0.863,126.0,68.3,0.647,228.0,72.8,0.809
500,-1,1,0.1,1.0,240,1,460.0,50.7,0.895,129.0,47.3,0.826,221.0,47.5,0.837,126.0,47.6,0.816,228.0,49.1,0.863
500,-1,1,0.2,0.5,60,1,460.0,63.7,0.843,129.0,58.1,0.69,221.0,60.6,0.771,126.0,57.1,0.673,228.0,60.1,0.771
500,-1,1,0.2,1.0,100000,1,460.0,49.3,0.842,129.0,41.9,0.667,221.0,45.7,0.706,126.0,44.4,0.755,228.0,46.5,0.755
540,30,0,0.1,0.5,60,1,437.0,61.6,0.737,129.0,71.3,1.216,229.0,68.1,0.93,115.0,67.8,0.998,234.0,65.8,0.894
540,30,0,0.1,1.0,100000,1,437.0,46.5,0.768,129.0,51.9,0.924,229.0,50.2,0.92,115.0,47.0,0.783,234.0,50.0,0.931
540,30,0,0.2,0.5,240,1,437.0,63.4,0.815,129.0,70.5,1.073,229.0,68.1,0.997,115.0,67.8,0.979,234.0,67.5,0.993
540,30,1,0.1,0.3,60,1,470.0,63.2,0.524,130.0,67.7,0.662,218.0,72.9,0.949,121.0,68.6,0.687,212.0,75.0,1.185
540,30,1,0.1,0.5,100000,1,470.0,56.0,0.573,130.0,60.8,0.723,218.0,64.2,0.921,121.0,59.5,0.694,212.0,68.9,1.217
540,30,1,0.2,0.3,240,1,470.0,71.5,0.675,130.0,72.3,0.74,218.0,78.0,1.161,121.0,76.0,0.887,212.0,81.1,1.461
540,30,1,0.2,1.0,60,1,470.0,46.8,0.796,130.0,46.2,0.754,218.0,56.4,1.144,121.0,52.1,1.0,212.0,57.5,1.248
540,60,0,0.1,0.3,100000,1,470.0,65.5,0.597,117.0,70.1,0.713,218.0,75.7,0.868,111.0,71.2,0.733,221.0,76.9,1.085
540,60,0,0.1,1.0,240,1,470.0,46.4,0.763,117.0,51.3,0.922,218.0,52.8,1.015,111.0,50.5,0.896,221.0,54.8,1.183
540,60,0,0.2,0.5,60,1,470.0,62.8,0.808,117.0,66.7,0.981,218.0,70.2,1.163,111.0,68.5,1.04,221.0,69.2,1.193
540,60,0,0.2,1.0,100000,1,470.0,45.1,0.779,117.0,51.3,0.951,218.0,56.0,1.128,111.0,50.5,0.98,221.0,55.2,1.153
540,60,1,0.1,0.5,240,1,437.0,57.7,0.617,142.0,67.6,1.02,229.0,64.2,0.913,128.0,64.1,0.875,223.0,64.6,0.975
540,60,1,0.2,0.3,60,1,437.0,69.6,0.649,142.0,78.2,1.003,229.0,76.0,1.05,128.0,78.1,1.064,223.0,77.6,1.144
540,60,1,0.2,0.5,100000,1,437.0,62.7,0.762,142.0,67.6,0.931,229.0,65.1,1.004,128.0,66.4,0.906,223.0,67.7,1.106
540,120,0,0.1,0.3,240,1,481.0,65.3,0.596,124.0,67.7,0.637,232.0,75.4,0.906,111.0,67.6,0.606,238.0,75.6,1.028
540,120,0,0.1,1.0,60,1,481.0,45.9,0.74,124.0,46.0,0.737,232.0,51.3,0.954,111.0,43.2,0.66,238.0,52.9,1.086
540,120,0,0.2,0.3,100000,1,481.0,73.6,0.798,124.0,75.8,0.894,232.0,82.3,1.232,111.0,77.5,0.986,238.0,79.4,1.121
540,120,0,0.2,1.0,240,1,481.0,44.9,0.756,124.0,50.0,0.923,232.0,53.9,1.085,111.0,50.5,0.969,238.0,53.8,1.129
540,120,1,0.1,0.5,60,1,425.0,57.6,0.615,135.0,69.6,1.127,215.0,64.7,0.929,126.0,65.9,0.962,206.0,66.5,1.068
540,120,1,0.1,1.0,100000,1,425.0,44.2,0.696,135.0,52.6,1.005,215.0,50.2,0.998,126.0,46.0,0.791,206.0,50.5,1.04
540,120,1,0.2,0.5,240,1,425.0,63.1,0.773,135.0,70.4,1.069,215.0,66.5,1.051,126.0,68.3,0.992,206.0,68.4,1.142
540,-1,0,0.1,0.3,60,1,447.0,64.9,0.58,127.0,74.8,0.942,228.0,74.6,0.963,112.0,72.3,0.833,225.0,75.1,1.115
540,-1,0,0.1,0.5,100000,1,447.0,58.6,0.641,127.0,69.3,1.044,228.0,67.5,0.946,112.0,64.3,0.839,225.0,68.0,1.05
540,-1,0,0.2,0.3,240,1,447.0,72.9,0.748,127.0,80.3,1.133,228.0,80.3,1.131,112.0,81.2,1.196,225.0,80.4,1.219
540,-1,0,0.2,1.0,60,1,447.0,45.6,0.756,127.0,57.5,1.133,228.0,56.1,1.142,112.0,59.8,1.321,225.0,56.4,1.264
540,-1,1,0.1,0.3,100000,1,460.0,65.0,0.574,132.0,70.5,0.811,219.0,72.6,0.837,125.0,69.6,0.733,221.0,71.9,0.892
540,-1,1,0.1,1.0,240,1,460.0,45.7,0.744,132.0,47.0,0.789,219.0,49.3,0.896,125.0,41.6,0.649,221.0,50.7,0.988
540,-1,1,0.2,0.5,60,1,460.0,61.7,0.77,132.0,63.6,0.858,219.0,65.8,1.014,125.0,60.0,0.764,221.0,67.0,1.063
540,-1,1,0.2,1.0,100000,1,460.0,47.0,0.809,132.0,45.5,0.806,219.0,52.5,1.048,125.0,46.4,0.865,221.0,51.1,0.955
570,30,0,0.1,0.5,60,1,471.0,59.4,0.643,134.0,61.9,0.704,256.0,64.1,0.768,119.0,62.2,0.691,247.0,63.2,0.784
570,30,0,0.1,1.0,100000,1,471.0,46.1,0.719,134.0,41.8,0.629,256.0,49.2,0.831,119.0,43.7,0.682,247.0,50.6,0.879
570,30,0,0.2,0.5,240,1,471.0,62.4,0.778,134.0,64.2,0.855,256.0,64.1,0.783,119.0,70.6,1.114,247.0,62.8,0.753
570,30,1,0.1,0.3,60,1,436.0,66.5,0.615,125.0,64.0,0.583,191.0,68.6,0.751,116.0,62.9,0.559,196.0,69.4,0.787
570,30,1,0.1,0.5,100000,1,436.0,60.1,0.712,125.0,56.8,0.638,191.0,62.3,0.822,116.0,57.8,0.686,196.0,64.8,0.937
570,30,1,0.2,0.3,240,1,436.0,76.6,0.912,125.0,75.2,0.866,191.0,75.9,1.011,116.0,72.4,0.772,196.0,76.5,1.121
570,30,1,0.2,1.0,60,1,436.0,51.1,0.983,125.0,44.0,0.791,191.0,50.3,0.954,116.0,44.8,0.809,196.0,53.6,1.068
570,60,0,0.1,0.3,100000,1,455.0,66.6,0.601,134.0,64.2,0.535,238.0,71.8,0.778,122.0,67.2,0.594,245.0,71.4,0.779
570,60,0,0.1,1.0,240,1,455.0,48.6,0.827,134.0,43.3,0.685,238.0,47.9,0.822,122.0,45.1,0.747,245.0,49.8,0.871
570,60,0,0.2,0.5,60,1,455.0,64.0,0.855,134.0,63.4,0.862,238.0,62.6,0.752,122.0,69.7,1.122,245.0,63.7,0.774
570,60,0,0.2,1.0,100000,1,455.0,47.9,0.86,134.0,44.8,0.796,238.0,48.7,0.836,122.0,49.2,0.962,245.0,49.4,0.856
570,60,1,0.1,0.5,240,1,451.0,57.0,0.609,125.0,57.6,0.625,209.0,60.8,0.759,115.0,56.5,0.607,199.0,62.8,0.797
570,60,1,0.2,0.3,60,1,451.0,74.1,0.837,125.0,71.2,0.786,209.0,71.8,0.852,115.0,70.4,0.718,199.0,70.9,0.817
570,60,1,0.2,0.5,100000,1,451.0,63.4,0.822,125.0,60.8,0.745,209.0,66.5,1.029,115.0,60.9,0.745,199.0,65.8,1.021
570,120,0,0.1,0.3,240,1,476.0,65.5,0.566,128.0,68.8,0.645,236.0,72.0,0.944,111.0,72.1,0.747,230.0,71.7,0.918
570,120,0,0.1,1.0,60,1,476.0,46.2,0.742,128.0,45.3,0.77,236.0,47.9,0.889,111.0,49.5,0.886,230.0,52.2,1.057
570,120,0,0.2,0.3,100000,1,476.0,72.3,0.745,128.0,80.5,1.136,236.0,74.6,0.896,111.0,82.9,1.342,230.0,74.8,0.94
570,120,0,0.2,1.0,240,1,476.0,47.5,0.855,128.0,49.2,0.94,236.0,49.2,0.921,111.0,54.1,1.116,230.0,48.7,0.911
570,120,1,0.1,0.5,60,1,430.0,59.3,0.669,131.0,53.4,0.531,210.0,61.0,0.686,127.0,52.8,0.524,215.0,60.5,0.675
570,120,1,0.1,1.0,100000,1,430.0,45.6,0.743,131.0,36.6,0.516,210.0,48.6,0.777,127.0,37.8,0.566,215.0,51.2,0.884
570,120,1,0.2,0.5,240,1,430.0,66.3,0.923,131.0,58.0,0.661,210.0,66.7,0.92,127.0,58.3,0.671,215.0,66.0,0.922
570,-1,0,0.1,0.3,60,1,436.0,67.4,0.617,125.0,63.2,0.508,230.0,68.3,0.695,114.0,64.0,0.548,223.0,68.6,0.694
570,-1,0,0.1,0.5,100000,1,436.0,61.9,0.734,125.0,57.6,0.615,230.0,62.2,0.758,114.0,59.6,0.676,223.0,62.3,0.796
570,-1,0,0.2,0.3,240,1,436.0,74.3,0.817,125.0,79.2,1.091,230.0,71.7,0.727,114.0,79.8,1.135,223.0,73.1,0.779
570,-1,0,0.2,1.0,60,1,436.0,51.6,1.015,125.0,52.0,1.07,230.0,52.6,0.925,114.0,53.5,1.163,223.0,54.3,0.959
570,-1,1,0.1,0.3,100000,1,471.0,65.2,0.572,134.0,65.7,0.597,217.0,71.9,0.775,123.0,65.0,0.533,223.0,70.9,0.775
570,-1,1,0.1,1.0,240,1,471.0,43.1,0.673,134.0,38.8,0.567,217.0,49.3,0.838,123.0,40.7,0.63,223.0,52.0,0.952
570,-1,1,0.2,0.5,60,1,471.0,61.4,0.787,134.0,55.2,0.619,217.0,64.5,0.936,123.0,56.9,0.653,223.0,63.2,0.928
570,-1,1,0.2,1.0,100000,1,471.0,47.3,0.861,134.0,44.0,0.721,217.0,51.2,0.99,123.0,44.7,0.768,223.0,52.0,0.988
600,30,0,0.1,0.5,60,1,481.0,56.1,0.759,144.0,46.5,0.442,228.0,60.1,0.81,124.0,53.2,0.578,223.0,63.2,0.91
600,30,0,0.1,1.0,100000,1,481.0,44.1,0.748,144.0,32.6,0.449,228.0,45.6,0.741,124.0,37.9,0.561,223.0,50.2,0.891
600,30,0,0.2,0.5,240,1,481.0,61.7,0.803,144.0,55.6,0.608,228.0,64.0,0.907,124.0,59.7,0.7,223.0,65.9,0.973
600,30,1,0.1,0.3,60,1,439.0,57.2,0.604,115.0,65.2,0.952,219.0,64.4,0.812,111.0,66.7,0.946,221.0,61.1,0.689
600,30,1,0.1,0.5,100000,1,439.0,53.1,0.659,115.0,58.3,0.931,219.0,59.8,0.925,111.0,58.6,0.882,221.0,53.8,0.709
600,30,1,0.2,0.3,240,1,439.0,66.5,0.657,115.0,67.8,0.786,219.0,75.8,1.1,111.0,67.6,0.725,221.0,71.5,0.898
600,30,1,0.2,1.0,60,1,439.0,43.5,0.718,115.0,44.3,0.756,219.0,50.7,0.99,111.0,43.2,0.722,221.0,49.3,0.842
600,60,0,0.1,0.3,100000,1,469.0,60.8,0.723,141.0,57.4,0.611,244.0,63.1,0.689,124.0,61.3,0.713,237.0,67.1,0.776
600,60,0,0.1,1.0,240,1,469.0,45.6,0.792,141.0,38.3,0.62,244.0,44.7,0.73,124.0,40.3,0.678,237.0,46.8,0.792
600,60,0,0.2,0.5,60,1,469.0,60.1,0.774,141.0,55.3,0.706,244.0,58.6,0.797,124.0,58.1,0.789,237.0,61.6,0.823
600,60,0,0.2,1.0,100000,1,469.0,45.4,0.781,141.0,46.1,0.799,244.0,46.3,0.762,124.0,48.4,0.86,237.0,46.8,0.795
600,60,1,0.1,0.5,240,1,450.0,52.7,0.656,118.0,53.4,0.671,203.0,61.6,0.952,114.0,57.0,0.749,208.0,56.2,0.748
600,60,1,0.2,0.3,60,1,450.0,65.1,0.669,118.0,66.1,0.686,203.0,74.9,1.099,114.0,67.5,0.684,208.0,70.7,0.949
600,60,1,0.2,0.5,100000,1,450.0,57.8,0.712,118.0,56.8,0.687,203.0,66.0,1.155,114.0,57.0,0.663,208.0,63.9,1.064
600,120,0,0.1,0.3,240,1,461.0,58.1,0.682,136.0,58.8,0.61,243.0,66.7,0.794,121.0,59.5,0.607,243.0,68.7,0.835
600,120,0,0.1,1.0,60,1,461.0,43.2,0.74,136.0,40.4,0.652,243.0,46.9,0.853,121.0,41.3,0.666,243.0,46.5,0.809
600,120,0,0.2,0.3,100000,1,461.0,67.5,0.691,136.0,66.9,0.664,243.0,75.7,1.037,121.0,71.1,0.723,243.0,74.5,0.963
600,120,0,0.2,1.0,240,1,461.0,44.3,0.739,136.0,44.9,0.774,243.0,46.1,0.76,121.0,45.5,0.757,243.0,46.1,0.779
600,120,1,0.1,0.5,60,1,460.0,55.0,0.696,122.0,50.0,0.623,204.0,58.8,0.887,115.0,54.8,0.769,203.0,56.2,0.745
600,120,1,0.1,1.0,100000,1,460.0,43.7,0.754,122.0,36.9,0.62,204.0,46.1,0.917,115.0,43.5,0.79,203.0,45.3,0.882
600,120,1,0.2,0.5,240,1,460.0,60.0,0.748,122.0,56.6,0.7,204.0,66.2,1.086,115.0,60.9,0.789,203.0,65.5,1.098
600,-1,0,0.1,0.3,60,1,463.0,61.1,0.772,130.0,59.2,0.676,234.0,67.1,0.886,116.0,61.2,0.717,221.0,70.6,0.941
600,-1,0,0.1,0.5,100000,1,463.0,56.4,0.782,130.0,54.6,0.721,234.0,61.5,0.982,116.0,58.6,0.818,221.0,60.2,0.884
600,-1,0,0.2,0.3,240,1,463.0,70.0,0.786,130.0,69.2,0.764,234.0,76.9,1.107,116.0,71.6,0.804,221.0,73.8,0.949
600,-1,0,0.2,1.0,60,1,463.0,44.9,0.767,130.0,43.8,0.788,234.0,51.7,0.993,116.0,48.3,0.931,221.0,48.0,0.862
600,-1,1,0.1,0.3,100000,1,458.0,57.0,0.573,129.0,60.5,0.62,213.0,62.9,0.681,122.0,64.8,0.786,224.0,62.1,0.676
600,-1,1,0.1,1.0,240,1,458.0,42.1,0.72,129.0,34.9,0.528,213.0,44.6,0.776,122.0,37.7,0.607,224.0,43.3,0.734
600,-1,1,0.2,0.5,60,1,458.0,56.3,0.709,129.0,52.7,0.593,213.0,57.3,0.86,122.0,54.1,0.628,224.0,60.3,0.887
600,-1,1,0.2,1.0,100000,1,458.0,44.1,0.759,129.0,45.0,0.755,213.0,45.5,0.847,122.0,45.1,0.756,224.0,47.3,0.848
600,-2,0,0.1,0.5,240,1,458.0,57.6,0.763,141.0,47.5,0.461,221.0,60.2,0.817,129.0,53.5,0.61,216.0,63.0,0.903
600,-2,0,0.2,0.3,60,1,458.0,69.4,0.766,141.0,63.1,0.568,221.0,72.4,1.058,129.0,71.3,0.812,216.0,75.5,1.152
600,-2,0,0.2,0.5,100000,1,458.0,62.2,0.813,141.0,56.7,0.634,221.0,63.3,0.875,129.0,60.5,0.732,216.0,64.8,0.886
600,-2,1,0.1,0.3,240,1,408.0,56.1,0.562,117.0,63.2,0.876,226.0,64.6,0.795,107.0,67.3,0.989,227.0,62.6,0.705
600,-2,1,0.1,1.0,60,1,408.0,41.4,0.695,117.0,42.7,0.818,226.0,46.5,0.963,107.0,44.9,0.863,227.0,42.7,0.826
600,-2,1,0.2,0.3,100000,1,408.0,65.9,0.631,117.0,66.7,0.757,226.0,76.1,1.082,107.0,66.4,0.701,227.0,71.4,0.886
600,-2,1,0.2,1.0,240,1,408.0,43.1,0.709,117.0,41.0,0.706,226.0,51.3,0.979,107.0,43.0,0.735,227.0,50.2,0.905
630,30,0,0.1,0.5,60,1,466.0,59.0,0.639,121.0,74.4,1.364,230.0,70.0,1.188,110.0,72.7,1.26,226.0,69.5,1.134
630,30,0,0.1,1.0,100000,1,466.0,47.0,0.762,121.0,57.0,1.232,230.0,52.2,1.059,110.0,58.2,1.31,226.0,53.1,1.028
630,30,0,0.2,0.5,240,1,466.0,63.3,0.82,121.0,72.7,1.241,230.0,73.0,1.317,110.0,70.0,1.189,226.0,73.9,1.192
630,30,1,0.1,0.3,60,1,455.0,67.9,0.621,138.0,66.7,0.565,216.0,70.4,0.899,126.0,67.5,0.565,217.0,71.4,0.94
630,30,1,0.1,0.5,100000,1,455.0,60.9,0.695,138.0,62.3,0.715,216.0,65.3,1.031,126.0,63.5,0.73,217.0,61.3,0.842
630,30,1,0.2,0.3,240,1,455.0,73.2,0.817,138.0,76.8,0.839,216.0,76.4,1.159,126.0,76.2,0.827,217.0,73.3,0.941
630,30,1,0.2,1.0,60,1,455.0,46.4,0.773,138.0,53.6,1.006,216.0,51.9,1.15,126.0,50.8,0.894,217.0,50.7,0.993
630,60,0,0.1,0.3,100000,1,458.0,69.7,0.682,137.0,75.9,0.932,232.0,73.3,0.914,124.0,76.6,0.917,230.0,74.3,0.94
630,60,0,0.1,1.0,240,1,458.0,47.8,0.796,137.0,56.2,1.171,232.0,48.7,0.926,124.0,58.1,1.276,230.0,49.6,0.863
630,60,0,0.2,0.5,60,1,458.0,60.5,0.841,137.0,71.5,1.439,232.0,62.9,1.173,124.0,69.4,1.238,230.0,65.2,1.081
630,60,0,0.2,1.0,100000,1,458.0,49.6,0.928,137.0,57.7,1.406,232.0,49.1,1.02,124.0,53.2,1.149,230.0,52.2,1.038
630,60,1,0.1,0.5,240,1,463.0,59.6,0.642,122.0,63.9,0.784,214.0,70.1,1.295,113.0,63.7,0.772,215.0,64.7,0.98
630,60,1,0.2,0.3,60,1,463.0,70.2,0.718,122.0,69.7,0.64,214.0,78.5,1.368,113.0,71.7,0.735,215.0,75.8,1.092
630,60,1,0.2,0.5,100000,1,463.0,63.5,0.831,122.0,63.1,0.778,214.0,72.4,1.439,113.0,65.5,0.896,215.0,69.8,1.252
630,120,0,0.1,0.3,240,1,451.0,71.0,0.718,135.0,78.5,1.081,233.0,75.1,0.958,120.0,80.8,1.199,236.0,75.0,0.981
630,120,0,0.1,1.0,60,1,451.0,49.2,0.846,135.0,53.3,1.017,233.0,50.2,0.98,120.0,55.8,1.116,236.0,51.3,0.938
630,120,0,0.2,0.3,100000,1,451.0,74.5,0.864,135.0,85.2,1.532,233.0,79.0,1.095,120.0,84.2,1.466,236.0,75.8,0.835
630,120,0,0.2,1.0,240,1,451.0,49.4,0.937,135.0,54.1,1.113,233.0,51.9,1.009,120.0,51.7,1.034,236.0,52.1,1.002
630,120,1,0.1,0.5,60,1,470.0,58.5,0.624,124.0,62.1,0.743,214.0,68.7,1.254,119.0,62.2,0.735,209.0,64.6,0.969
630,120,1,0.1,1.0,100000,1,470.0,44.3,0.693,124.0,50.0,0.922,214.0,55.6,1.3,119.0,52.1,0.994,209.0,53.1,1.156
630,120,1,0.2,0.5,240,1,470.0,61.9,0.793,124.0,66.9,0.98,214.0,72.0,1.326,119.0,67.2,1.028,209.0,71.3,1.303
630,-1,0,0.1,0.3,60,1,466.0,69.1,0.663,128.0,73.4,0.81,228.0,75.9,0.993,113.0,75.2,0.886,217.0,74.2,0.936
630,-1,0,0.1,0.5,100000,1,466.0,60.3,0.696,128.0,71.1,1.114,228.0,68.0,1.007,113.0,73.5,1.239,217.0,65.9,0.928
630,-1,0,0.2,0.3,240,1,466.0,72.5,0.785,128.0,78.9,1.042,228.0,82.0,1.314,113.0,81.4,1.245,217.0,77.9,0.968
630,-1,0,0.2,1.0,60,1,466.0,48.7,0.852,128.0,53.1,1.09,228.0,54.4,1.281,113.0,51.3,0.982,217.0,52.5,1.064
630,-1,1,0.1,0.3,100000,1,454.0,67.2,0.587,131.0,72.5,0.761,219.0,73.1,1.028,126.0,71.4,0.709,229.0,74.2,1.054
630,-1,1,0.1,1.0,240,1,454.0,46.7,0.754,131.0,48.1,0.837,219.0,51.1,1.101,126.0,51.6,0.962,229.0,51.5,1.077
630,-1,1,0.2,0.5,60,1,454.0,61.0,0.821,131.0,66.4,0.981,219.0,63.5,1.113,126.0,65.9,0.97,229.0,65.1,1.073
630,-1,1,0.2,1.0,100000,1,454.0,48.7,0.886,131.0,54.2,1.117,219.0,52.1,1.171,126.0,53.2,1.092,229.0,52.8,1.153
630,-2,0,0.1,0.5,240,1,458.0,60.3,0.69,133.0,72.9,1.206,232.0,66.8,1.007,119.0,73.1,1.204,229.0,65.1,0.903
630,-2,0,0.2,0.3,60,1,458.0,71.2,0.827,133.0,80.5,1.447,232.0,75.9,1.098,119.0,80.7,1.383,229.0,73.4,0.888
630,-2,0,0.2,0.5,100000,1,458.0,63.8,0.866,133.0,72.9,1.401,232.0,66.4,1.061,119.0,70.6,1.245,229.0,68.6,1.01
630,-2,1,0.1,0.3,240,1,463.0,67.6,0.596,126.0,69.0,0.646,215.0,74.9,1.032,117.0,68.4,0.615,214.0,73.8,1.035
630,-2,1,0.1,1.0,60,1,463.0,45.6,0.704,126.0,46.8,0.797,215.0,57.2,1.319,117.0,49.6,0.863,214.0,56.1,1.242
630,-2,1,0.2,0.3,100000,1,463.0,72.4,0.745,126.0,73.0,0.721,215.0,80.9,1.444,117.0,73.5,0.752,214.0,78.5,1.213
630,-2,1,0.2,1.0,240,1,463.0,46.7,0.814,126.0,52.4,1.032,215.0,59.5,1.397,117.0,47.9,0.926,214.0,57.9,1.404
660,30,0,0.1,0.5,60,1,476.0,51.9,0.492,147.0,68.0,1.023,246.0,65.9,0.9,138.0,65.9,0.958,238.0,64.7,0.841
660,30,0,0.1,1.0,100000,1,476.0,39.5,0.584,147.0,56.5,1.196,246.0,53.3,1.03,138.0,50.7,0.983,238.0,49.6,0.962
660,30,0,0.2,0.5,240,1,476.0,59.7,0.72,147.0,69.4,1.139,246.0,69.1,1.158,138.0,63.0,0.9,238.0,68.1,1.154
660,30,1,0.1,0.3,60,1,431.0,64.5,0.502,112.0,70.5,0.691,200.0,71.5,0.708,98.0,67.3,0.651,208.0,70.2,0.714
660,30,1,0.1,0.5,100000,1,431.0,56.6,0.566,112.0,66.1,0.911,200.0,60.5,0.708,98.0,62.2,0.798,208.0,60.6,0.718
660,30,1,0.2,0.3,240,1,431.0,68.9,0.619,112.0,73.2,0.784,200.0,71.5,0.743,98.0,67.3,0.663,208.0,72.1,0.75
660,30,1,0.2,1.0,60,1,431.0,46.4,0.767,112.0,48.2,0.846,200.0,48.5,0.844,98.0,42.9,0.709,208.0,51.9,0.923
660,60,0,0.1,0.3,100000,1,457.0,65.9,0.525,134.0,73.1,0.803,232.0,72.8,0.718,131.0,73.3,0.797,230.0,70.4,0.668
660,60,0,0.1,1.0,240,1,457.0,41.4,0.636,134.0,53.7,1.077,232.0,53.9,1.019,131.0,51.9,0.998,230.0,49.6,0.907
660,60,0,0.2,0.5,60,1,457.0,55.6,0.746,134.0,61.2,0.929,232.0,63.4,1.002,131.0,55.0,0.753,230.0,61.3,1.042
660,60,0,0.2,1.0,100000,1,457.0,49.7,0.902,134.0,53.0,1.049,232.0,50.9,0.98,131.0,49.6,0.903,230.0,50.0,0.98
660,60,1,0.1,0.5,240,1,449.0,52.3,0.485,125.0,68.8,1.062,213.0,65.3,0.861,107.0,64.5,0.938,215.0,64.2,0.816
660,60,1,0.2,0.3,60,1,449.0,62.8,0.573,125.0,74.4,1.03,213.0,69.0,0.901,107.0,68.2,0.847,215.0,70.2,0.845
660,60,1,0.2,0.5,100000,1,449.0,57.2,0.64,125.0,64.8,0.922,213.0,64.3,0.957,107.0,60.7,0.833,215.0,64.7,0.949
660,120,0,0.1,0.3,240,1,449.0,62.8,0.474,140.0,69.3,0.664,236.0,70.8,0.64,124.0,67.7,0.615,234.0,69.7,0.614
660,120,0,0.1,1.0,60,1,449.0,39.0,0.571,140.0,46.4,0.784,236.0,49.2,0.896,124.0,43.5,0.7,234.0,48.7,0.882
660,120,0,0.2,0.3,100000,1,449.0,69.3,0.658,140.0,72.1,0.758,236.0,72.9,0.796,124.0,66.9,0.613,234.0,76.5,0.912
660,120,0,0.2,1.0,240,1,449.0,47.0,0.797,140.0,48.6,0.974,236.0,49.2,0.88,124.0,44.4,0.838,234.0,48.3,0.889
660,120,1,0.1,0.5,60,1,458.0,53.7,0.514,119.0,73.1,1.345,210.0,66.2,0.913,113.0,71.7,1.338,211.0,64.5,0.867
660,120,1,0.1,1.0,100000,1,458.0,43.0,0.677,119.0,58.8,1.334,210.0,52.4,1.034,113.0,52.2,1.099,211.0,48.3,0.927
660,120,1,0.2,0.5,240,1,458.0,60.0,0.713,119.0,71.4,1.199,210.0,68.6,1.135,113.0,65.5,0.975,211.0,67.8,1.026
660,-1,0,0.1,0.3,60,1,469.0,61.8,0.46,132.0,70.5,0.695,226.0,73.0,0.798,119.0,67.2,0.59,224.0,72.3,0.832
660,-1,0,0.1,0.5,100000,1,469.0,54.2,0.532,132.0,65.2,0.855,226.0,63.7,0.862,119.0,59.7,0.665,224.0,63.8,0.904
660,-1,0,0.2,0.3,240,1,469.0,68.7,0.651,132.0,76.5,0.968,226.0,75.7,1.025,119.0,68.9,0.685,224.0,78.6,1.182
660,-1,0,0.2,1.0,60,1,469.0,47.1,0.826,132.0,51.5,1.008,226.0,48.2,0.994,119.0,45.4,0.805,224.0,50.9,1.133
660,-1,1,0.1,0.3,100000,1,438.0,63.7,0.461,127.0,78.0,1.122,220.0,74.5,0.739,118.0,77.1,1.174,223.0,71.3,0.636
660,-1,1,0.1,1.0,240,1,438.0,42.0,0.645,127.0,54.3,1.102,220.0,53.2,1.027,118.0,49.2,0.961,223.0,49.8,0.91
660,-1,1,0.2,0.5,60,1,438.0,53.2,0.648,127.0,59.1,0.94,220.0,62.3,0.887,118.0,53.4,0.759,223.0,61.0,0.875
660,-1,1,0.2,1.0,100000,1,438.0,46.8,0.787,127.0,52.0,0.991,220.0,50.5,0.942,118.0,50.0,0.924,223.0,48.9,0.91
660,-2,0,0.1,0.5,240,1,459.0,55.6,0.558,136.0,63.2,0.77,222.0,65.3,0.836,128.0,58.6,0.642,223.0,63.2,0.769
660,-2,0,0.2,0.3,60,1,459.0,64.9,0.694,136.0,70.6,0.796,222.0,68.9,0.94,128.0,64.8,0.653,223.0,70.0,0.937
660,-2,0,0.2,0.5,100000,1,459.0,60.8,0.781,136.0,63.2,0.871,222.0,64.9,0.991,128.0,60.2,0.772,223.0,64.6,1.014
660,-2,1,0.1,0.3,240,1,439.0,62.4,0.444,123.0,78.0,1.137,224.0,74.6,0.771,110.0,77.3,1.19,222.0,73.0,0.754
660,-2,1,0.1,1.0,60,1,439.0,42.4,0.649,123.0,52.8,1.079,224.0,50.4,0.952,110.0,45.5,0.875,222.0,46.8,0.855
660,-2,1,0.2,0.3,100000,1,439.0,67.7,0.581,123.0,77.2,0.993,224.0,76.8,0.865,110.0,72.7,0.882,222.0,77.0,0.884
660,-2,1,0.2,1.0,240,1,439.0,48.5,0.782,123.0,53.7,1.035,224.0,50.9,0.953,110.0,49.1,0.901,222.0,51.8,0.948
720,30,0,0.1,0.5,60,1,491.0,59.3,0.677,121.0,62.0,0.703,227.0,63.4,0.942,107.0,57.9,0.633,243.0,66.7,1.095
720,30,0,0.1,1.0,100000,1,491.0,46.0,0.743,121.0,43.8,0.687,227.0,45.4,0.754,107.0,46.7,0.76,243.0,48.1,0.873
720,30,0,0.2,0.5,240,1,491.0,65.2,0.999,121.0,62.8,0.906,227.0,60.8,0.805,107.0,66.4,1.025,243.0,62.6,0.868
720,30,1,0.1,0.3,60,1,419.0,70.6,0.627,138.0,65.2,0.468,217.0,71.4,0.753,126.0,66.7,0.527,202.0,75.2,0.933
720,30,1,0.1,0.5,100000,1,419.0,63.2,0.744,138.0,57.2,0.576,217.0,68.2,0.974,126.0,57.9,0.611,202.0,71.8,1.206
720,30,1,0.2,0.3,240,1,419.0,73.7,0.811,138.0,65.2,0.561,217.0,74.7,0.931,126.0,68.3,0.624,202.0,77.2,1.105
720,30,1,0.2,1.0,60,1,419.0,50.1,0.89,138.0,45.7,0.652,217.0,48.4,0.799,126.0,50.8,0.747,202.0,49.5,0.817
720,60,0,0.1,0.3,100000,1,476.0,70.0,0.612,139.0,69.8,0.595,223.0,71.7,0.773,112.0,70.5,0.655,231.0,73.2,0.82
720,60,0,0.1,1.0,240,1,476.0,49.2,0.843,139.0,46.8,0.757,223.0,45.3,0.713,112.0,47.3,0.77,231.0,49.8,0.888
720,60,0,0.2,0.5,60,1,476.0,53.8,0.916,139.0,54.7,0.792,223.0,52.5,0.816,112.0,59.8,0.982,231.0,55.4,0.913
720,60,0,0.2,1.0,100000,1,476.0,54.0,1.124,139.0,46.8,0.773,223.0,48.4,0.91,112.0,50.9,0.902,231.0,49.4,0.849
720,60,1,0.1,0.5,240,1,434.0,59.9,0.641,120.0,53.3,0.497,223.0,68.2,1.016,119.0,58.8,0.615,216.0,70.4,1.181
720,60,1,0.2,0.3,60,1,434.0,65.9,0.748,120.0,55.8,0.483,223.0,69.5,0.989,119.0,62.2,0.645,216.0,73.1,1.225
720,60,1,0.2,0.5,100000,1,434.0,60.1,0.769,120.0,55.8,0.682,223.0,67.3,1.032,119.0,63.9,0.895,216.0,65.7,1.026
720,120,0,0.1,0.3,240,1,451.0,71.0,0.625,130.0,65.4,0.477,234.0,71.8,0.704,119.0,65.5,0.508,232.0,73.7,0.754
720,120,0,0.1,1.0,60,1,451.0,47.9,0.821,130.0,45.4,0.703,234.0,46.6,0.741,119.0,47.1,0.778,232.0,51.3,0.906
720,120,0,0.2,0.3,100000,1,451.0,75.8,0.956,130.0,70.0,0.712,234.0,73.1,0.847,119.0,73.1,0.84,232.0,74.1,0.903
720,120,0,0.2,1.0,240,1,451.0,54.3,1.166,130.0,44.6,0.795,234.0,50.4,1.018,119.0,50.4,1.017,232.0,51.3,0.984
720,120,1,0.1,0.5,60,1,460.0,59.6,0.655,129.0,58.9,0.638,212.0,67.9,1.131,116.0,58.6,0.641,213.0,69.5,1.322
720,120,1,0.1,1.0,100000,1,460.0,45.0,0.713,129.0,42.6,0.67,212.0,50.0,0.903,116.0,44.8,0.716,213.0,51.2,1.03
720,120,1,0.2,0.5,240,1,460.0,61.3,0.772,129.0,58.1,0.721,212.0,66.0,0.986,116.0,61.2,0.759,213.0,63.4,0.94
720,-1,0,0.1,0.3,60,1,447.0,68.0,0.573,129.0,71.3,0.669,222.0,69.4,0.655,111.0,68.5,0.606,226.0,70.8,0.706
720,-1,0,0.1,0.5,100000,1,447.0,62.9,0.731,129.0,65.1,0.808,222.0,63.5,0.775,111.0,61.3,0.711,226.0,63.7,0.823
720,-1,0,0.2,0.3,240,1,447.0,73.6,0.837,129.0,69.0,0.663,222.0,73.4,0.826,111.0,70.3,0.699,226.0,72.6,0.814
720,-1,0,0.2,1.0,60,1,447.0,47.4,0.976,129.0,51.2,0.885,222.0,45.0,0.748,111.0,56.8,1.056,226.0,46.0,0.715
720,-1,1,0.1,0.3,100000,1,464.0,69.6,0.577,130.0,61.5,0.404,224.0,75.9,0.937,126.0,68.3,0.561,221.0,79.2,1.111
720,-1,1,0.1,1.0,240,1,464.0,46.6,0.744,130.0,40.8,0.578,224.0,54.0,1.019,126.0,45.2,0.689,221.0,55.2,1.175
720,-1,1,0.2,0.5,60,1,464.0,53.9,0.792,130.0,49.2,0.621,224.0,59.4,1.063,126.0,54.8,0.775,221.0,62.0,1.189
720,-1,1,0.2,1.0,100000,1,464.0,50.2,0.939,130.0,48.5,0.777,224.0,51.8,1.02,126.0,50.8,0.861,221.0,52.9,1.085
720,-2,0,0.1,0.5,240,1,437.0,63.6,0.764,135.0,61.5,0.687,225.0,66.7,0.881,125.0,59.2,0.644,221.0,68.3,1.006
720,-2,0,0.2,0.3,60,1,437.0,65.4,0.871,135.0,60.0,0.55,225.0,66.2,1.012,125.0,62.4,0.614,221.0,68.8,1.167
720,-2,0,0.2,0.5,100000,1,437.0,65.9,1.012,135.0,57.8,0.762,225.0,60.9,0.825,125.0,62.4,0.88,221.0,62.9,0.898
720,-2,1,0.1,0.3,240,1,474.0,67.5,0.524,124.0,66.9,0.527,221.0,73.3,0.848,112.0,67.9,0.572,222.0,77.9,1.018
720,-2,1,0.1,1.0,60,1,474.0,45.8,0.772,124.0,44.4,0.667,221.0,51.1,0.946,112.0,44.6,0.717,222.0,53.6,1.085
720,-2,1,0.2,0.3,100000,1,474.0,72.4,0.762,124.0,69.4,0.661,221.0,76.0,0.98,112.0,72.3,0.735,222.0,77.9,1.027
720,-2,1,0.2,1.0,240,1,474.0,49.8,0.926,124.0,48.4,0.752,221.0,53.8,1.041,112.0,52.7,0.871,222.0,52.7,0.966
780,30,0,0.1,0.5,60,1,472.0,59.7,0.733,127.0,56.7,0.634,226.0,55.8,0.602,126.0,58.7,0.646,222.0,55.0,0.621
780,30,0,0.1,1.0,100000,1,472.0,49.6,0.888,127.0,41.7,0.561,226.0,44.7,0.727,126.0,42.9,0.629,222.0,44.6,0.722
780,30,0,0.2,0.5,240,1,472.0,62.1,1.007,127.0,52.8,0.607,226.0,58.4,0.791,126.0,55.6,0.693,222.0,59.0,0.864
780,30,1,0.1,0.3,60,1,429.0,68.1,0.588,131.0,63.4,0.521,216.0,73.1,1.031,107.0,65.4,0.538,214.0,72.4,0.866
780,30,1,0.1,0.5,100000,1,429.0,59.7,0.655,131.0,58.8,0.697,216.0,68.1,1.153,107.0,58.9,0.671,214.0,65.4,0.927
780,30,1,0.2,0.3,240,1,429.0,66.9,0.683,131.0,69.5,0.824,216.0,75.9,1.161,107.0,72.0,0.843,214.0,73.8,1.05
780,30,1,0.2,1.0,60,1,429.0,43.8,0.716,131.0,49.6,0.941,216.0,52.8,1.2,107.0,43.9,0.798,214.0,49.5,1.071
780,60,0,0.1,0.3,100000,1,476.0,74.2,0.7,128.0,65.6,0.496,235.0,72.8,0.735,131.0,67.9,0.534,238.0,68.9,0.656
780,60,0,0.1,1.0,240,1,476.0,50.2,0.895,128.0,37.5,0.534,235.0,45.1,0.816,131.0,38.9,0.571,238.0,45.4,0.753
780,60,0,0.2,0.5,60,1,476.0,53.4,0.836,128.0,38.3,0.48,235.0,50.6,0.891,131.0,42.7,0.533,238.0,49.2,0.88
780,60,0,0.2,1.0,100000,1,476.0,50.8,0.928,128.0,41.4,0.595,235.0,51.1,1.196,131.0,42.7,0.661,238.0,49.2,1.215
780,60,1,0.1,0.5,240,1,422.0,60.0,0.669,130.0,60.0,0.699,208.0,63.9,0.921,108.0,61.1,0.698,203.0,64.0,0.847
780,60,1,0.2,0.3,60,1,422.0,60.0,0.729,130.0,68.5,1.026,208.0,65.9,0.937,108.0,69.4,0.985,203.0,62.6,0.798
780,60,1,0.2,0.5,100000,1,422.0,59.7,0.838,130.0,66.2,1.115,208.0,62.0,0.86,108.0,62.0,0.944,203.0,59.6,0.78
780,120,0,0.1,0.3,240,1,494.0,73.3,0.673,135.0,67.4,0.546,222.0,68.0,0.56,121.0,69.4,0.546,226.0,64.6,0.518
780,120,0,0.1,1.0,60,1,494.0,47.4,0.853,135.0,37.8,0.57,222.0,43.2,0.659,121.0,38.8,0.569,226.0,38.9,0.551
780,120,0,0.2,0.3,100000,1,494.0,71.3,0.802,135.0,66.7,0.738,222.0,69.4,0.768,121.0,68.6,0.743,226.0,66.4,0.694
780,120,0,0.2,1.0,240,1,494.0,50.2,0.875,135.0,42.2,0.713,222.0,49.1,0.899,121.0,42.1,0.706,226.0,45.6,0.816
780,120,1,0.1,0.5,60,1,406.0,55.9,0.619,123.0,56.1,0.639,221.0,65.2,1.168,117.0,59.0,0.702,216.0,63.4,0.964
780,120,1,0.1,1.0,100000,1,406.0,46.3,0.752,123.0,46.3,0.738,221.0,50.2,1.111,117.0,42.7,0.688,216.0,51.4,1.02
780,120,1,0.2,0.5,240,1,406.0,59.1,0.869,123.0,65.0,1.001,221.0,63.3,1.08,117.0,61.5,0.951,216.0,66.2,1.242
780,-1,0,0.1,0.3,60,1,449.0,69.5,0.604,128.0,61.7,0.443,222.0,69.8,0.707,114.0,70.2,0.645,223.0,67.7,0.602
780,-1,0,0.1,0.5,100000,1,449.0,61.5,0.679,128.0,57.0,0.611,222.0,64.0,0.907,114.0,64.9,0.803,223.0,61.0,0.764
780,-1,0,0.2,0.3,240,1,449.0,69.0,0.739,128.0,68.0,0.742,222.0,73.4,0.991,114.0,74.6,0.987,223.0,70.4,0.829
780,-1,0,0.2,1.0,60,1,449.0,47.0,0.722,128.0,37.5,0.604,222.0,50.0,0.957,114.0,37.7,0.592,223.0,45.7,0.852
780,-1,1,0.1,0.3,100000,1,452.0,73.0,0.694,130.0,70.0,0.632,221.0,71.9,0.829,125.0,66.4,0.52,221.0,71.9,0.805
780,-1,1,0.1,1.0,240,1,452.0,49.6,0.882,130.0,47.7,0.777,221.0,45.2,0.779,125.0,41.6,0.634,221.0,45.7,0.754
780,-1,1,0.2,0.5,60,1,452.0,52.0,0.896,130.0,52.3,0.817,221.0,51.1,0.848,125.0,48.8,0.652,221.0,50.7,0.855
780,-1,1,0.2,1.0,100000,1,452.0,50.2,0.953,130.0,53.8,1.024,221.0,51.6,0.95,125.0,50.4,0.941,221.0,50.7,1.004
780,-2,0,0.1,0.5,240,1,447.0,64.9,0.814,126.0,60.3,0.682,229.0,56.3,0.612,124.0,62.9,0.752,228.0,57.5,0.605
780,-2,0,0.2,0.3,60,1,447.0,62.9,0.774,126.0,60.3,0.835,229.0,59.0,0.695,124.0,63.7,0.885,228.0,57.5,0.643
780,-2,0,0.2,0.5,100000,1,447.0,62.6,0.945,126.0,56.3,0.824,229.0,55.0,0.709,124.0,58.1,0.851,228.0,55.3,0.693
780,-2,1,0.1,0.3,240,1,454.0,71.1,0.6,132.0,68.2,0.589,214.0,75.2,0.968,113.0,69.0,0.584,216.0,75.0,0.938
780,-2,1,0.1,1.0,60,1,454.0,44.9,0.709,132.0,40.9,0.606,214.0,54.7,1.136,113.0,38.9,0.545,216.0,50.9,0.961
780,-2,1,0.2,0.3,100000,1,454.0,66.7,0.699,132.0,72.7,0.928,214.0,76.6,1.21,113.0,75.2,0.962,216.0,76.9,1.498
780,-2,1,0.2,1.0,240,1,454.0,46.0,0.804,132.0,53.0,0.91,214.0,55.6,1.193,113.0,53.1,0.945,216.0,53.2,1.196
840,30,0,0.1,0.5,60,1,453.0,56.7,0.721,122.0,63.1,0.926,220.0,58.2,0.942,106.0,65.1,1.122,222.0,61.7,1.065
840,30,0,0.1,1.0,100000,1,453.0,44.2,0.768,122.0,58.2,1.275,220.0,51.4,1.257,106.0,59.4,1.421,222.0,52.7,1.286
840,30,0,0.2,0.5,240,1,453.0,51.9,0.764,122.0,62.3,1.136,220.0,61.4,1.274,106.0,61.3,1.291,222.0,60.4,1.23
840,30,1,0.1,0.3,60,1,436.0,63.5,0.549,135.0,65.2,0.707,220.0,72.7,1.162,125.0,65.6,0.778,216.0,70.8,1.01
840,30,1,0.1,0.5,100000,1,436.0,58.0,0.642,135.0,59.3,0.745,220.0,65.9,1.061,125.0,61.6,0.844,216.0,62.5,0.882
840,30,1,0.2,0.3,240,1,436.0,62.4,0.697,135.0,63.7,0.901,220.0,69.5,0.975,125.0,65.6,1.022,216.0,70.4,1.04
840,30,1,0.2,1.0,60,1,436.0,47.7,0.823,135.0,45.9,0.967,220.0,50.9,1.147,125.0,47.2,1.108,216.0,52.8,1.146
840,60,0,0.1,0.3,100000,1,471.0,69.2,0.649,118.0,69.5,0.677,229.0,69.9,0.775,108.0,71.3,0.805,222.0,70.7,0.855
840,60,0,0.1,1.0,240,1,471.0,44.2,0.775,118.0,58.5,1.295,229.0,50.7,1.146,108.0,59.3,1.454,222.0,50.0,1.123
840,60,0,0.2,0.5,60,1,471.0,46.5,0.698,118.0,51.7,0.851,229.0,53.7,1.179,108.0,54.6,1.11,222.0,51.8,0.984
840,60,0,0.2,1.0,100000,1,471.0,43.1,0.763,118.0,55.1,1.101,229.0,53.3,1.125,108.0,55.6,1.43,222.0,51.4,1.038
840,60,1,0.1,0.5,240,1,421.0,58.2,0.636,139.0,61.9,0.833,212.0,65.6,1.095,125.0,64.8,0.93,213.0,65.7,1.005
840,60,1,0.2,0.3,60,1,421.0,56.8,0.683,139.0,61.2,1.158,212.0,61.3,1.128,125.0,60.8,1.229,213.0,65.7,1.231
840,60,1,0.2,0.5,100000,1,421.0,55.1,0.861,139.0,56.1,0.988,212.0,62.3,1.072,125.0,56.8,1.089,213.0,61.0,1.156
840,120,0,0.1,0.3,240,1,463.0,67.4,0.593,124.0,71.0,0.68,230.0,73.5,0.876,114.0,74.6,0.731,229.0,74.2,0.935
840,120,0,0.1,1.0,60,1,463.0,43.4,0.729,124.0,50.0,1.017,230.0,47.0,1.132,114.0,48.2,1.002,229.0,47.2,1.113
840,120,0,0.2,0.3,100000,1,463.0,62.2,0.763,124.0,62.9,0.791,230.0,68.7,1.087,114.0,64.9,0.882,229.0,68.6,1.052
840,120,0,0.2,1.0,240,1,463.0,47.1,0.902,124.0,51.6,1.016,230.0,54.3,1.25,114.0,49.1,1.147,229.0,51.5,1.135
840,120,1,0.1,0.5,60,1,430.0,56.3,0.673,133.0,56.4,0.851,212.0,60.8,1.031,118.0,59.3,1.134,211.0,60.7,0.938
840,120,1,0.1,1.0,100000,1,430.0,46.0,0.801,133.0,51.1,0.982,212.0,50.9,1.102,118.0,56.8,1.334,211.0,49.8,1.094
840,120,1,0.2,0.5,240,1,430.0,53.0,0.792,133.0,59.4,1.091,212.0,61.8,1.084,118.0,61.9,1.353,211.0,61.6,1.174
840,-1,0,0.1,0.3,60,1,443.0,62.8,0.535,129.0,65.9,0.558,219.0,72.6,0.949,113.0,69.0,0.661,213.0,71.4,0.936
840,-1,0,0.1,0.5,100000,1,443.0,58.5,0.661,129.0,57.4,0.624,219.0,66.2,1.029,113.0,61.1,0.741,213.0,67.1,1.078
840,-1,0,0.2,0.3,240,1,443.0,62.1,0.646,129.0,62.8,0.733,219.0,72.6,1.147,113.0,63.7,0.872,213.0,72.8,1.193
840,-1,0,0.2,1.0,60,1,443.0,44.2,0.723,129.0,47.3,0.916,219.0,48.4,1.004,113.0,46.9,1.097,213.0,49.8,0.9
840,-1,1,0.1,0.3,100000,1,451.0,68.7,0.64,128.0,75.0,1.072,223.0,70.9,0.964,123.0,74.8,1.103,228.0,72.8,0.996
840,-1,1,0.1,1.0,240,1,451.0,45.2,0.842,128.0,56.2,1.184,223.0,51.6,1.185,123.0,58.5,1.315,228.0,50.0,1.106
840,-1,1,0.2,0.5,60,1,451.0,50.1,0.812,128.0,51.6,0.997,223.0,53.4,1.209,123.0,54.5,1.243,228.0,54.8,1.212
840,-1,1,0.2,1.0,100000,1,451.0,45.0,0.908,128.0,56.2,1.339,223.0,55.2,1.094,123.0,58.5,1.482,228.0,53.5,1.087
840,-2,0,0.1,0.5,240,1,447.0,62.2,0.815,127.0,59.8,0.753,229.0,64.6,0.983,119.0,61.3,0.808,223.0,65.9,1.054
840,-2,0,0.2,0.3,60,1,447.0,56.4,0.714,127.0,60.6,0.887,229.0,59.4,1.03,119.0,60.5,1.17,223.0,60.1,1.034
840,-2,0,0.2,0.5,100000,1,447.0,55.0,0.882,127.0,53.5,0.901,229.0,60.7,1.152,119.0,55.5,1.023,223.0,59.2,1.224
840,-2,1,0.1,0.3,240,1,444.0,65.5,0.528,130.0,72.3,0.829,213.0,72.8,1.035,116.0,75.9,1.031,214.0,74.8,1.075
840,-2,1,0.1,1.0,60,1,444.0,43.7,0.713,130.0,48.5,0.955,213.0,51.6,1.145,116.0,53.4,1.218,214.0,50.9,1.097
840,-2,1,0.2,0.3,100000,1,444.0,61.5,0.671,130.0,70.0,1.039,213.0,69.5,1.06,116.0,69.8,1.165,214.0,70.1,1.04
840,-2,1,0.2,1.0,240,1,444.0,44.4,0.837,130.0,61.5,1.412,213.0,57.7,1.226,116.0,57.8,1.492,214.0,55.1,1.101
900,30,0,0.1,0.5,60,1,485.0,50.7,0.558,117.0,54.7,0.648,242.0,65.7,1.064,112.0,59.8,0.773,232.0,66.4,1.137
900,30,0,0.1,1.0,100000,1,485.0,40.2,0.676,117.0,41.0,0.648,242.0,52.1,1.087,112.0,44.6,0.693,232.0,49.6,1.069
900,30,0,0.2,0.5,240,1,485.0,42.9,0.705,117.0,44.4,0.744,242.0,55.0,0.931,112.0,47.3,0.704,232.0,53.0,1.138
900,30,1,0.1,0.3,60,1,404.0,66.3,0.65,132.0,62.1,0.554,189.0,67.2,0.772,111.0,61.3,0.59,197.0,66.0,0.741
900,30,1,0.1,0.5,100000,1,404.0,56.9,0.729,132.0,52.3,0.616,189.0,58.2,0.828,111.0,51.4,0.627,197.0,59.4,0.908
900,30,1,0.2,0.3,240,1,404.0,58.2,0.781,132.0,53.0,0.719,189.0,58.2,0.775,111.0,53.2,0.725,197.0,59.9,0.893
900,30,1,0.2,1.0,60,1,404.0,48.5,0.83,132.0,45.5,0.904,189.0,50.8,0.889,111.0,45.0,0.98,197.0,48.7,0.923
900,60,0,0.1,0.3,100000,1,478.0,60.9,0.488,132.0,59.8,0.47,226.0,75.2,1.075,126.0,65.9,0.617,225.0,75.1,1.058
900,60,0,0.1,1.0,240,1,478.0,42.7,0.719,132.0,38.6,0.611,226.0,54.9,1.188,126.0,43.7,0.727,225.0,54.7,1.246
900,60,0,0.2,0.5,60,1,478.0,45.8,0.781,132.0,43.2,0.749,226.0,59.7,1.114,126.0,47.6,0.835,225.0,59.6,1.422
900,60,0,0.2,1.0,100000,1,478.0,42.5,0.792,132.0,42.4,0.937,226.0,57.5,1.275,126.0,45.2,0.96,225.0,56.4,1.383
900,60,1,0.1,0.5,240,1,412.0,54.9,0.664,117.0,54.7,0.666,205.0,57.6,0.795,104.0,53.8,0.689,202.0,56.4,0.81
900,60,1,0.2,0.3,60,1,412.0,55.6,0.693,117.0,53.8,0.725,205.0,56.6,0.688,104.0,54.8,0.745,202.0,54.0,0.727
900,60,1,0.2,0.5,100000,1,412.0,46.8,0.708,117.0,48.7,0.737,205.0,47.3,0.642,104.0,48.1,0.73,202.0,43.6,0.67
900,120,0,0.1,0.3,240,1,493.0,61.9,0.5,122.0,63.1,0.536,223.0,74.4,1.125,102.0,68.6,0.666,226.0,73.0,0.922
900,120,0,0.1,1.0,60,1,493.0,42.8,0.709,122.0,43.4,0.669,223.0,52.5,1.246,102.0,43.1,0.699,226.0,50.9,1.164
900,120,0,0.2,0.3,100000,1,493.0,53.3,0.682,122.0,55.7,0.798,223.0,64.6,1.132,102.0,60.8,0.861,226.0,65.0,1.173
900,120,0,0.2,1.0,240,1,493.0,43.6,0.816,122.0,46.7,0.947,223.0,52.9,1.158,102.0,48.0,0.973,226.0,51.3,1.131
900,120,1,0.1,0.5,60,1,397.0,53.4,0.638,127.0,52.8,0.633,208.0,61.1,0.799,120.0,53.3,0.69,204.0,59.8,0.917
900,120,1,0.1,1.0,100000,1,397.0,43.3,0.724,127.0,40.2,0.639,208.0,46.6,0.695,120.0,43.3,0.688,204.0,44.6,0.756
900,120,1,0.2,0.5,240,1,397.0,46.3,0.722,127.0,44.1,0.722,208.0,51.0,0.624,120.0,48.3,0.799,204.0,48.5,0.762
900,-1,0,0.1,0.3,60,1,448.0,62.3,0.522,127.0,59.1,0.492,217.0,70.0,0.853,114.0,64.0,0.569,214.0,71.0,0.883
900,-1,0,0.1,0.5,100000,1,448.0,53.8,0.615,127.0,52.8,0.643,217.0,63.6,1.018,114.0,57.9,0.747,214.0,65.4,1.162
900,-1,0,0.2,0.3,240,1,448.0,54.0,0.66,127.0,51.2,0.658,217.0,64.5,1.065,114.0,55.3,0.648,214.0,63.1,1.132
900,-1,0,0.2,1.0,60,1,448.0,46.4,0.838,127.0,39.4,0.622,217.0,54.4,1.237,114.0,37.7,0.549,214.0,50.9,1.318
900,-1,1,0.1,0.3,100000,1,442.0,62.9,0.547,122.0,65.6,0.575,214.0,69.6,0.825,117.0,66.7,0.71,217.0,66.8,0.741
900,-1,1,0.1,1.0,240,1,442.0,41.4,0.706,122.0,45.1,0.739,214.0,48.1,0.919,117.0,47.0,0.85,217.0,45.6,0.876
900,-1,1,0.2,0.5,60,1,442.0,44.8,0.728,122.0,50.8,0.966,214.0,52.3,0.751,117.0,53.8,1.194,217.0,50.7,0.899
900,-1,1,0.2,1.0,100000,1,442.0,41.6,0.741,122.0,50.0,1.195,214.0,48.6,0.73,117.0,53.8,1.426,217.0,47.0,0.76
900,-2,0,0.1,0.5,240,1,443.0,52.6,0.594,122.0,51.6,0.6,213.0,64.3,1.213,118.0,56.8,0.723,216.0,63.4,1.159
900,-2,0,0.2,0.3,60,1,443.0,52.8,0.68,122.0,49.2,0.575,213.0,64.8,1.146,118.0,54.2,0.648,216.0,63.4,1.29
900,-2,0,0.2,0.5,100000,1,443.0,47.0,0.798,122.0,41.0,0.504,213.0,56.3,1.135,118.0,42.4,0.518,216.0,54.2,1.292
900,-2,1,0.1,0.3,240,1,446.0,62.8,0.55,126.0,64.3,0.579,218.0,67.9,0.689,113.0,64.6,0.655,215.0,68.4,0.721
900,-2,1,0.1,1.0,60,1,446.0,42.6,0.703,126.0,43.7,0.778,218.0,47.2,0.788,113.0,45.1,0.843,215.0,45.6,0.81
900,-2,1,0.2,0.3,100000,1,446.0,55.2,0.694,126.0,57.9,1.029,218.0,61.5,0.776,113.0,60.2,1.055,215.0,60.9,0.854
900,-2,1,0.2,1.0,240,1,446.0,43.3,0.685,126.0,50.0,1.268,218.0,47.7,0.689,113.0,53.1,1.431,215.0,46.0,0.705
