cfg,risk,wr,trades_per_week,pass60_all,fail60_all,pass60_2024_26,fail60_2024_26,pass60_2025_26,fail60_2025_26
A rr4 cap.2 1/d,100,44.4,2.3,6.0,0.0,4.7,0.0,0.0,0.0
A rr4 cap.2 1/d,200,44.4,2.4,10.5,4.0,10.7,10.4,2.1,17.4
A rr4 cap.2 1/d,300,44.4,2.4,28.7,12.2,17.8,20.2,2.1,33.7
A rr4 cap.2 1/d,400,44.4,2.4,46.6,24.3,37.7,30.9,26.4,44.6
A rr4 cap.2 1/d,500,44.4,2.4,55.3,35.1,56.1,37.2,54.7,43.8
B rr2 cap.2 2/d,100,46.9,2.5,0.7,0.0,0.0,0.0,0.0,0.0
B rr2 cap.2 2/d,200,46.9,2.7,1.9,4.8,3.3,12.6,0.8,21.0
B rr2 cap.2 2/d,300,46.9,2.7,24.9,14.6,16.4,27.6,13.0,35.5
B rr2 cap.2 2/d,400,46.9,2.7,42.7,19.7,30.9,28.8,28.0,38.3
B rr2 cap.2 2/d,500,46.9,2.7,56.8,28.9,49.9,35.2,47.7,34.5
C rr1.5 cap.3 2/d,100,53.5,1.7,0.0,0.0,0.0,0.0,0.0,0.0
C rr1.5 cap.3 2/d,200,53.5,2.4,1.4,3.6,2.0,9.3,3.4,15.5
C rr1.5 cap.3 2/d,300,53.5,2.5,4.4,4.3,9.8,11.2,3.4,18.7
C rr1.5 cap.3 2/d,400,53.5,2.5,21.5,10.3,16.6,17.4,12.4,29.0
C rr1.5 cap.3 2/d,500,53.5,2.5,37.0,17.5,27.3,27.8,25.4,35.0
D C+gap,100,55.9,0.9,0.0,0.0,0.0,0.0,0.0,0.0
D C+gap,200,55.9,1.3,0.0,0.0,0.0,0.0,0.0,0.0
D C+gap,300,55.9,1.3,0.1,0.0,0.0,0.0,0.0,0.0
D C+gap,400,55.9,1.3,5.0,2.4,1.6,0.0,0.0,0.0
D C+gap,500,55.9,1.3,15.9,6.0,6.2,2.0,1.0,3.4
E B+gap,100,49.9,1.3,0.0,0.0,0.0,0.0,0.0,0.0
E B+gap,200,49.9,1.4,0.0,0.0,0.0,0.0,0.0,0.0
E B+gap,300,49.9,1.4,6.1,3.6,0.0,3.3,0.0,5.4
E B+gap,400,49.9,1.4,23.1,14.5,15.7,13.2,12.2,22.0
E B+gap,500,49.9,1.4,40.5,19.7,29.8,24.0,23.1,26.2
