family,cfg,n_is,wr_is,avg_is,pf_is,tot_is,dd_is,n_oos,wr_oos,avg_oos,pf_oos,tot_oos,dd_oos,avg_risk
GAP,gap 0.05-0.3xATRd stop0.5xgap fill0.5 delay0,462,47.4,-0.099,0.82,-45.6,59.4,299,49.2,-0.052,0.9,-15.5,30.0,23.8
GAP,gap 0.05-0.3xATRd stop0.5xgap fill0.5 delay5,333,42.3,-0.072,0.88,-23.8,37.6,216,48.1,0.046,1.09,9.9,18.3,25.2
GAP,gap 0.05-0.3xATRd stop0.5xgap fill1.0 delay0,462,33.5,-0.047,0.93,-21.6,54.6,299,34.8,-0.001,1.0,-0.2,24.1,23.8
GAP,gap 0.05-0.3xATRd stop0.5xgap fill1.0 delay5,399,34.3,-0.079,0.89,-31.3,38.1,263,36.9,-0.016,0.97,-4.3,33.5,25.0
GAP,gap 0.05-0.3xATRd stop1.0xgap fill0.5 delay0,462,64.3,-0.049,0.86,-22.4,34.8,299,68.2,0.013,1.04,3.9,16.5,47.5
GAP,gap 0.05-0.3xATRd stop1.0xgap fill0.5 delay5,333,56.8,-0.028,0.93,-9.4,30.9,216,62.0,0.047,1.12,10.1,12.7,50.4
GAP,gap 0.05-0.3xATRd stop1.0xgap fill1.0 delay0,462,48.5,-0.045,0.91,-20.7,34.1,299,53.2,0.049,1.1,14.5,13.1,47.5
GAP,gap 0.05-0.3xATRd stop1.0xgap fill1.0 delay5,399,46.9,-0.073,0.86,-29.2,44.2,263,54.0,0.042,1.09,11.0,12.0,50.1
GAP,gap 0.1-0.5xATRd stop0.5xgap fill0.5 delay0,551,49.7,-0.033,0.94,-18.0,36.8,351,49.9,-0.022,0.96,-7.9,27.6,39.3
GAP,gap 0.1-0.5xATRd stop0.5xgap fill0.5 delay5,450,49.3,-0.035,0.93,-15.9,28.0,289,47.8,-0.076,0.86,-21.9,36.5,41.4
GAP,gap 0.1-0.5xATRd stop0.5xgap fill1.0 delay0,551,36.1,0.034,1.05,18.9,33.3,351,36.5,0.052,1.08,18.1,21.8,39.3
GAP,gap 0.1-0.5xATRd stop0.5xgap fill1.0 delay5,522,37.5,-0.009,0.98,-5.0,41.7,336,39.6,-0.027,0.96,-9.0,29.4,40.3
GAP,gap 0.1-0.5xATRd stop1.0xgap fill0.5 delay0,551,64.4,-0.036,0.9,-19.8,24.8,351,66.4,0.001,1.0,0.4,20.6,78.7
GAP,gap 0.1-0.5xATRd stop1.0xgap fill0.5 delay5,450,61.6,-0.048,0.87,-21.6,27.6,289,62.6,-0.044,0.88,-12.7,23.5,82.8
GAP,gap 0.1-0.5xATRd stop1.0xgap fill1.0 delay0,551,51.2,0.013,1.03,7.3,23.1,351,51.0,0.033,1.07,11.4,17.3,78.7
GAP,gap 0.1-0.5xATRd stop1.0xgap fill1.0 delay5,522,49.2,-0.064,0.87,-33.3,41.1,336,53.3,-0.029,0.93,-9.8,24.2,80.6
GAP,gap 0.3-1.0xATRd stop0.5xgap fill0.5 delay0,380,50.0,-0.009,0.98,-3.6,31.8,280,50.7,0.0,1.0,0.1,13.2,81.9
GAP,gap 0.3-1.0xATRd stop0.5xgap fill0.5 delay5,357,51.8,-0.006,0.99,-2.1,24.2,268,48.1,-0.104,0.79,-27.9,33.2,83.3
GAP,gap 0.3-1.0xATRd stop0.5xgap fill1.0 delay0,380,35.8,0.021,1.03,7.9,24.5,280,42.5,0.123,1.23,34.5,10.7,81.9
GAP,gap 0.3-1.0xATRd stop0.5xgap fill1.0 delay5,379,38.0,0.037,1.06,14.0,28.1,280,41.4,-0.003,1.0,-0.7,20.8,82.0
GAP,gap 0.3-1.0xATRd stop1.0xgap fill0.5 delay0,380,61.8,-0.019,0.94,-7.4,19.9,280,62.9,-0.003,0.99,-0.9,9.2,163.8
GAP,gap 0.3-1.0xATRd stop1.0xgap fill0.5 delay5,357,61.3,-0.042,0.87,-15.0,25.9,268,61.2,-0.052,0.83,-14.0,16.8,166.5
GAP,gap 0.3-1.0xATRd stop1.0xgap fill1.0 delay0,380,48.9,0.024,1.06,9.3,11.6,280,51.1,0.034,1.09,9.4,7.4,163.8
GAP,gap 0.3-1.0xATRd stop1.0xgap fill1.0 delay5,379,48.8,-0.011,0.97,-4.1,19.7,280,51.8,-0.013,0.96,-3.6,14.9,163.9
