t,L,rev,sk,R,H,tfil,is_n,is_wr,is_pf,c24_n,c24_wr,c24_pf,fut_n,fut_wr,fut_pf
1110,30,0,0.1,0.3,240,1,487,70.2,0.673,205,79.5,1.166,311,74.9,0.863
1110,30,0,0.1,1.0,60,1,487,43.5,0.691,205,55.6,1.322,311,51.1,1.056
1110,30,0,0.2,0.3,100000,1,487,72.7,0.708,205,80.5,1.216,311,78.5,0.984
1110,30,0,0.2,1.0,240,1,487,44.1,0.807,205,58.0,1.243,311,55.3,1.062
1110,30,1,0.1,0.5,60,1,469,54.6,0.921,189,56.1,0.803,286,58.0,0.955
1110,30,1,0.1,1.0,100000,1,469,49.5,0.939,189,46.0,0.778,286,47.2,0.859
1110,30,1,0.2,0.5,240,1,469,58.0,0.977,189,58.2,0.758,286,59.8,0.903
1110,60,0,0.1,0.3,60,1,0,,,0,,,0,,
1110,60,0,0.1,0.5,100000,1,0,,,0,,,0,,
1110,60,0,0.2,0.3,240,1,0,,,0,,,0,,
1110,60,0,0.2,1.0,60,1,0,,,0,,,0,,
1110,60,1,0.1,0.3,100000,1,0,,,0,,,0,,
1110,60,1,0.1,1.0,240,1,0,,,0,,,0,,
1110,60,1,0.2,0.5,60,1,0,,,0,,,0,,
1110,60,1,0.2,1.0,100000,1,0,,,0,,,0,,
1110,120,0,0.1,0.5,240,1,0,,,0,,,0,,
1110,120,0,0.2,0.3,60,1,0,,,0,,,0,,
1110,120,0,0.2,0.5,100000,1,0,,,0,,,0,,
1110,120,1,0.1,0.3,240,1,0,,,0,,,0,,
1110,120,1,0.1,1.0,60,1,0,,,0,,,0,,
1110,120,1,0.2,0.3,100000,1,0,,,0,,,0,,
1110,120,1,0.2,1.0,240,1,0,,,0,,,0,,
1110,-1,0,0.1,0.5,60,1,466,50.6,0.706,358,54.5,0.872,294,56.5,0.828
1110,-1,0,0.1,1.0,100000,1,466,51.1,0.994,358,53.6,1.115,294,52.0,1.042
1110,-1,0,0.2,0.5,240,1,466,54.3,0.859,358,62.3,1.056,294,63.3,1.035
1110,-1,1,0.1,0.3,60,1,501,63.1,0.898,326,70.6,0.993,304,68.8,1.001
1110,-1,1,0.1,0.5,100000,1,501,66.5,0.929,326,65.6,0.887,304,64.5,0.845
1110,-1,1,0.2,0.3,240,1,501,68.3,0.933,326,68.1,0.762,304,67.4,0.794
1110,-1,1,0.2,1.0,60,1,501,47.5,1.017,326,48.5,0.798,304,46.1,0.792
1170,30,0,0.1,0.3,240,1,486,74.5,0.888,352,71.3,0.714,306,74.2,0.832
1170,30,0,0.1,1.0,60,1,486,48.8,0.807,352,48.6,0.843,306,50.3,0.926
1170,30,0,0.2,0.3,100000,1,486,77.4,1.003,352,75.9,0.877,306,78.1,0.986
1170,30,0,0.2,1.0,240,1,486,44.9,0.915,352,51.4,0.911,306,49.7,0.884
1170,30,1,0.1,0.5,60,1,483,56.3,0.897,332,57.2,0.836,294,56.8,0.843
1170,30,1,0.1,1.0,100000,1,483,51.8,0.999,332,49.1,0.879,294,49.7,0.904
1170,30,1,0.2,0.5,240,1,483,60.5,0.972,332,58.4,0.912,294,57.8,0.902
1170,60,0,0.1,0.3,60,1,467,67.2,0.819,361,68.1,0.809,312,69.2,0.846
1170,60,0,0.1,0.5,100000,1,467,63.6,0.818,361,65.1,0.882,312,67.3,0.944
1170,60,0,0.2,0.3,240,1,467,64.2,0.874,361,69.3,0.937,312,68.9,0.954
1170,60,0,0.2,1.0,60,1,467,47.3,0.815,361,45.2,0.696,312,45.8,0.692
1170,60,1,0.1,0.3,100000,1,501,76.6,0.939,322,73.0,0.74,289,74.7,0.84
1170,60,1,0.1,1.0,240,1,501,50.1,0.952,322,49.4,0.862,289,49.1,0.861
1170,60,1,0.2,0.5,60,1,501,50.5,0.951,322,50.6,0.816,289,49.5,0.819
1170,60,1,0.2,1.0,100000,1,501,53.3,1.048,322,51.9,1.049,289,50.2,0.954
1170,120,0,0.1,0.5,240,1,0,,,0,,,0,,
1170,120,0,0.2,0.3,60,1,0,,,0,,,0,,
1170,120,0,0.2,0.5,100000,1,0,,,0,,,0,,
1170,120,1,0.1,0.3,240,1,0,,,0,,,0,,
1170,120,1,0.1,1.0,60,1,0,,,0,,,0,,
1170,120,1,0.2,0.3,100000,1,0,,,0,,,0,,
1170,120,1,0.2,1.0,240,1,0,,,0,,,0,,
1170,-1,0,0.1,0.5,60,1,465,57.4,0.899,357,59.7,0.995,307,59.6,0.977
1170,-1,0,0.1,1.0,100000,1,465,51.8,1.024,357,51.0,0.967,307,52.8,1.03
1170,-1,0,0.2,0.5,240,1,465,56.6,0.936,357,59.7,0.94,307,59.0,0.915
1170,-1,1,0.1,0.3,60,1,505,64.6,0.723,328,64.3,0.613,292,66.8,0.731
1170,-1,1,0.1,0.5,100000,1,505,65.0,0.889,328,60.7,0.685,292,61.0,0.708
1170,-1,1,0.2,0.3,240,1,505,67.3,0.959,328,65.2,0.726,292,66.8,0.751
1170,-1,1,0.2,1.0,60,1,505,46.1,0.821,328,45.1,0.772,292,44.9,0.771
1230,30,0,0.1,0.3,240,1,477,70.4,0.719,354,76.0,1.025,311,76.8,0.998
1230,30,0,0.1,1.0,60,1,477,48.8,0.948,354,49.2,1.086,311,45.7,0.989
1230,30,0,0.2,0.3,100000,1,477,75.9,0.937,354,76.8,0.963,311,77.5,0.975
1230,30,0,0.2,1.0,240,1,477,47.6,0.876,354,53.1,1.051,311,50.2,0.974
1230,30,1,0.1,0.5,60,1,495,56.4,0.802,333,59.5,0.99,287,58.2,0.967
1230,30,1,0.1,1.0,100000,1,495,50.7,0.963,333,50.8,0.97,287,48.8,0.897
1230,30,1,0.2,0.5,240,1,495,56.8,0.877,333,60.7,1.091,287,58.5,1.017
1230,60,0,0.1,0.3,60,1,474,65.0,0.76,340,67.9,0.958,298,68.8,0.994
1230,60,0,0.1,0.5,100000,1,474,64.3,0.851,340,68.5,1.044,298,68.1,0.988
1230,60,0,0.2,0.3,240,1,474,62.9,0.793,340,69.4,0.964,298,68.5,0.935
1230,60,0,0.2,1.0,60,1,474,50.8,0.929,340,50.0,1.176,298,47.0,1.129
1230,60,1,0.1,0.3,100000,1,497,73.8,0.781,347,76.9,0.94,301,75.7,0.891
1230,60,1,0.1,1.0,240,1,497,49.9,0.914,347,51.6,0.993,301,49.5,0.932
1230,60,1,0.2,0.5,60,1,497,48.9,0.793,347,51.6,1.019,301,49.8,0.971
1230,60,1,0.2,1.0,100000,1,497,49.9,0.944,347,53.3,1.131,301,50.8,1.025
1230,120,0,0.1,0.5,240,1,465,60.4,0.807,355,68.5,1.164,314,66.2,1.059
1230,120,0,0.2,0.3,60,1,465,56.1,0.738,355,56.3,0.956,314,53.2,0.919
1230,120,0,0.2,0.5,100000,1,465,64.3,0.875,355,72.4,1.253,314,72.0,1.223
1230,120,1,0.1,0.3,240,1,505,74.3,0.83,329,76.0,0.918,285,75.1,0.877
1230,120,1,0.1,1.0,60,1,505,48.3,0.865,329,49.5,1.051,285,48.4,1.042
1230,120,1,0.2,0.3,100000,1,505,78.2,1.037,329,76.6,0.953,285,76.8,0.959
1230,120,1,0.2,1.0,240,1,505,50.5,0.94,329,52.0,1.069,285,50.5,1.036
1230,-1,0,0.1,0.5,60,1,452,57.5,0.872,352,57.7,1.005,304,54.9,0.937
1230,-1,0,0.1,1.0,100000,1,452,52.7,1.104,352,56.2,1.267,304,55.6,1.203
1230,-1,0,0.2,0.5,240,1,452,54.6,0.909,352,63.9,1.25,304,61.5,1.157
1230,-1,1,0.1,0.3,60,1,520,65.0,0.763,335,67.5,0.906,296,67.9,0.934
1230,-1,1,0.1,0.5,100000,1,520,65.8,0.891,335,66.3,0.932,296,65.5,0.908
1230,-1,1,0.2,0.3,240,1,520,67.7,0.963,335,66.3,0.945,296,65.5,0.927
1230,-1,1,0.2,1.0,60,1,520,47.5,0.824,335,49.3,1.091,296,49.3,1.129
1290,30,0,0.1,0.3,240,1,502,72.1,0.747,347,70.9,0.74,291,72.5,0.79
1290,30,0,0.1,1.0,60,1,502,45.6,0.842,347,50.4,0.956,291,49.8,0.918
1290,30,0,0.2,0.3,100000,1,502,74.5,0.83,347,79.3,1.133,291,80.1,1.172
1290,30,0,0.2,1.0,240,1,502,49.2,0.948,347,51.3,1.107,291,50.9,1.057
1290,30,1,0.1,0.5,60,1,469,55.9,0.861,340,58.2,0.933,304,56.6,0.851
1290,30,1,0.1,1.0,100000,1,469,48.6,0.888,340,53.8,1.093,304,51.0,0.945
1290,30,1,0.2,0.5,240,1,469,50.5,0.782,340,58.2,0.929,304,57.2,0.859
1290,60,0,0.1,0.3,60,1,486,61.1,0.651,356,62.1,0.692,301,64.1,0.734
1290,60,0,0.1,0.5,100000,1,486,60.7,0.707,356,65.7,0.916,301,66.4,0.931
1290,60,0,0.2,0.3,240,1,486,58.8,0.678,356,67.1,0.983,301,68.4,0.986
1290,60,0,0.2,1.0,60,1,486,45.3,0.821,356,46.9,0.873,301,46.5,0.787
1290,60,1,0.1,0.3,100000,1,483,76.4,0.895,331,79.5,1.008,297,78.1,0.913
1290,60,1,0.1,1.0,240,1,483,48.7,0.955,331,53.8,1.102,297,51.9,0.989
1290,60,1,0.2,0.5,60,1,483,48.7,0.83,331,55.0,1.061,297,53.9,0.986
1290,60,1,0.2,1.0,100000,1,483,50.9,0.986,331,53.2,1.074,297,51.9,1.003
1290,120,0,0.1,0.5,240,1,478,55.4,0.644,342,61.7,0.823,290,61.7,0.795
1290,120,0,0.2,0.3,60,1,478,47.7,0.674,342,53.8,0.839,290,54.5,0.784
1290,120,0,0.2,0.5,100000,1,478,61.1,0.716,342,69.3,1.099,290,67.6,0.994
1290,120,1,0.1,0.3,240,1,492,75.8,1.021,345,76.8,1.001,308,77.3,1.009
1290,120,1,0.1,1.0,60,1,492,51.0,1.028,345,52.2,1.018,308,50.6,0.969
1290,120,1,0.2,0.3,100000,1,492,77.4,1.017,345,78.0,0.95,308,77.9,0.949
1290,120,1,0.2,1.0,240,1,492,49.6,1.019,345,51.0,1.013,308,51.0,0.99
1290,-1,0,0.1,0.5,60,1,456,51.1,0.677,367,59.7,1.017,307,59.6,0.94
1290,-1,0,0.1,1.0,100000,1,456,44.3,0.714,367,54.0,1.148,307,53.7,1.126
1290,-1,0,0.2,0.5,240,1,456,49.1,0.681,367,61.3,1.214,307,62.9,1.216
1290,-1,1,0.1,0.3,60,1,514,65.6,0.917,320,65.9,0.835,293,67.2,0.871
1290,-1,1,0.1,0.5,100000,1,514,67.1,0.989,320,67.2,0.916,293,66.2,0.844
1290,-1,1,0.2,0.3,240,1,514,65.4,0.97,320,63.4,0.758,293,63.1,0.738
1290,-1,1,0.2,1.0,60,1,514,48.1,0.979,320,45.6,0.737,293,45.7,0.773
1350,30,0,0.1,0.3,240,1,508,71.9,0.696,335,74.6,0.908,294,74.1,0.914
1350,30,0,0.1,1.0,60,1,508,44.9,0.658,335,50.4,1.0,294,48.3,0.949
1350,30,0,0.2,0.3,100000,1,508,72.6,0.724,335,75.5,0.85,294,74.1,0.788
1350,30,0,0.2,1.0,240,1,508,46.9,0.897,335,52.2,1.046,294,50.3,0.943
1350,30,1,0.1,0.5,60,1,461,51.8,0.904,351,58.7,1.157,303,55.4,1.093
1350,30,1,0.1,1.0,100000,1,461,51.4,0.992,351,51.0,0.988,303,50.5,0.944
1350,30,1,0.2,0.5,240,1,461,55.5,0.892,351,57.5,1.035,303,57.1,0.986
1350,60,0,0.1,0.3,60,1,484,56.6,0.665,357,65.8,1.094,305,64.3,1.074
1350,60,0,0.1,0.5,100000,1,484,62.2,0.743,357,70.3,1.176,305,70.5,1.178
1350,60,0,0.2,0.3,240,1,484,62.0,0.788,357,69.5,1.079,305,69.2,1.09
1350,60,0,0.2,1.0,60,1,484,44.6,0.782,357,52.7,1.123,305,49.5,1.019
1350,60,1,0.1,0.3,100000,1,486,76.7,0.869,329,77.5,1.067,290,77.6,1.072
1350,60,1,0.1,1.0,240,1,486,48.8,0.842,329,49.2,0.915,290,47.9,0.869
1350,60,1,0.2,0.5,60,1,486,50.2,0.779,329,52.3,0.834,290,48.3,0.798
1350,60,1,0.2,1.0,100000,1,486,49.4,0.922,329,51.4,1.086,290,51.0,1.042
1350,120,0,0.1,0.5,240,1,493,60.2,0.753,380,65.3,1.034,327,64.5,1.009
1350,120,0,0.2,0.3,60,1,493,48.3,0.687,380,53.9,0.913,327,50.8,0.858
1350,120,0,0.2,0.5,100000,1,493,64.3,0.83,380,66.1,1.005,327,65.4,0.957
1350,120,1,0.1,0.3,240,1,477,74.4,0.848,306,79.4,1.236,272,78.7,1.19
1350,120,1,0.1,1.0,60,1,477,49.7,0.911,306,55.2,1.05,272,52.2,0.999
1350,120,1,0.2,0.3,100000,1,477,75.7,0.886,306,76.5,0.916,272,75.7,0.894
1350,120,1,0.2,1.0,240,1,477,50.3,0.949,306,48.4,0.898,272,47.8,0.85
1350,-1,0,0.1,0.5,60,1,467,46.9,0.646,363,58.4,1.122,308,58.4,1.292
1350,-1,0,0.1,1.0,100000,1,467,49.5,0.857,363,53.7,1.133,308,54.9,1.189
1350,-1,0,0.2,0.5,240,1,467,51.2,0.754,363,59.5,1.207,308,59.4,1.214
1350,-1,1,0.1,0.3,60,1,503,62.8,0.873,323,65.3,1.013,291,61.9,0.875
1350,-1,1,0.1,0.5,100000,1,503,66.6,0.911,323,68.4,1.03,291,66.7,0.923
1350,-1,1,0.2,0.3,240,1,503,67.6,0.992,323,64.4,0.762,291,61.5,0.652
1350,-1,1,0.2,1.0,60,1,503,50.7,0.945,323,51.1,0.988,291,45.4,0.769
1410,30,0,0.1,0.3,240,1,492,78.3,0.989,343,74.3,0.973,300,76.3,1.045
1410,30,0,0.1,1.0,60,1,492,48.2,1.034,343,47.2,1.003,300,46.3,1.083
1410,30,0,0.2,0.3,100000,1,492,78.3,1.043,343,74.9,0.948,300,76.3,0.985
1410,30,0,0.2,1.0,240,1,492,54.7,1.206,343,46.6,0.99,300,48.7,1.087
1410,30,1,0.1,0.5,60,1,478,53.8,0.861,342,52.6,0.861,295,52.2,0.857
1410,30,1,0.1,1.0,100000,1,478,50.4,0.999,342,49.4,0.882,295,47.1,0.816
1410,30,1,0.2,0.5,240,1,478,58.8,0.974,342,58.5,0.809,295,55.9,0.718
1410,60,0,0.1,0.3,60,1,500,59.6,0.986,367,59.7,1.045,303,60.4,1.131
1410,60,0,0.1,0.5,100000,1,500,68.0,1.002,367,67.3,1.052,303,69.0,1.149
1410,60,0,0.2,0.3,240,1,500,72.4,1.085,367,68.1,0.919,303,69.0,0.966
1410,60,0,0.2,1.0,60,1,500,46.8,0.982,367,46.0,0.943,303,44.2,0.987
1410,60,1,0.1,0.3,100000,1,471,78.6,0.972,318,72.0,0.758,290,72.1,0.708
1410,60,1,0.1,1.0,240,1,471,49.5,0.963,318,48.1,0.805,290,46.2,0.73
1410,60,1,0.2,0.5,60,1,471,51.2,0.874,318,47.8,0.743,290,45.5,0.655
1410,60,1,0.2,1.0,100000,1,471,48.8,0.93,318,45.0,0.797,290,44.5,0.754
1410,120,0,0.1,0.5,240,1,493,66.5,1.009,375,67.2,1.113,320,67.2,1.088
1410,120,0,0.2,0.3,60,1,493,50.5,0.984,375,51.7,1.071,320,50.3,1.001
1410,120,0,0.2,0.5,100000,1,493,66.7,0.924,375,67.7,1.044,320,66.6,0.978
1410,120,1,0.1,0.3,240,1,478,78.7,0.965,310,70.6,0.682,278,72.3,0.742
1410,120,1,0.1,1.0,60,1,478,51.0,0.984,310,46.1,0.697,278,45.3,0.712
1410,120,1,0.2,0.3,100000,1,478,77.6,1.013,310,72.3,0.771,278,73.7,0.83
1410,120,1,0.2,1.0,240,1,478,49.8,1.001,310,48.1,0.831,278,49.3,0.848
1410,-1,0,0.1,0.5,60,1,455,51.9,1.032,368,51.1,1.028,307,52.8,1.178
1410,-1,0,0.1,1.0,100000,1,455,50.1,0.963,368,51.1,1.085,307,52.8,1.144
1410,-1,0,0.2,0.5,240,1,455,57.1,0.985,368,59.5,1.109,307,59.6,1.119
1410,-1,1,0.1,0.3,60,1,516,63.8,0.913,317,61.5,0.812,293,58.7,0.734
1410,-1,1,0.1,0.5,100000,1,516,67.2,0.947,317,62.8,0.753,293,61.4,0.745
1410,-1,1,0.2,0.3,240,1,516,73.3,1.017,317,65.6,0.694,293,64.8,0.684
1410,-1,1,0.2,1.0,60,1,516,49.8,0.826,317,46.4,0.759,293,43.0,0.64
0,30,0,0.1,0.3,240,1,511,71.6,0.706,349,75.1,0.928,309,77.0,0.995
0,30,0,0.1,1.0,60,1,511,41.7,0.678,349,46.7,0.976,309,46.6,0.951
0,30,0,0.2,0.3,100000,1,511,71.6,0.75,349,74.8,0.809,309,72.8,0.727
0,30,0,0.2,1.0,240,1,511,44.2,0.768,349,49.6,0.917,309,47.2,0.827
0,30,1,0.1,0.5,60,1,458,55.7,0.927,337,52.2,0.903,286,51.7,0.916
0,30,1,0.1,1.0,100000,1,458,55.5,1.167,337,50.4,1.013,286,50.0,0.977
0,30,1,0.2,0.5,240,1,458,65.3,1.137,337,59.3,0.97,286,58.4,0.93
0,60,0,0.1,0.3,60,1,514,57.4,0.741,345,60.0,0.903,299,60.9,0.985
0,60,0,0.1,0.5,100000,1,514,64.4,0.847,345,67.8,1.106,299,68.6,1.106
0,60,0,0.2,0.3,240,1,514,68.9,0.843,345,70.7,0.99,299,70.2,0.96
0,60,0,0.2,1.0,60,1,514,44.2,0.701,345,46.1,1.031,299,45.2,0.998
0,60,1,0.1,0.3,100000,1,456,74.8,0.799,341,74.8,0.854,298,75.2,0.859
0,60,1,0.1,1.0,240,1,456,50.4,0.956,341,51.0,0.96,298,48.3,0.88
0,60,1,0.2,0.5,60,1,456,50.7,0.942,341,46.9,0.83,298,46.3,0.741
0,60,1,0.2,1.0,100000,1,456,49.1,0.933,341,47.2,0.867,298,45.6,0.79
0,120,0,0.1,0.5,240,1,522,63.2,0.807,354,68.4,1.14,308,68.5,1.166
0,120,0,0.2,0.3,60,1,522,47.1,0.713,354,52.0,0.988,308,50.3,0.894
0,120,0,0.2,0.5,100000,1,522,64.4,0.871,354,68.4,1.08,308,69.2,1.104
0,120,1,0.1,0.3,240,1,447,76.5,0.893,332,72.9,0.834,291,73.9,0.814
0,120,1,0.1,1.0,60,1,447,49.9,0.908,332,44.6,0.8,291,46.0,0.785
0,120,1,0.2,0.3,100000,1,447,76.5,0.943,332,74.7,0.852,291,73.9,0.77
0,120,1,0.2,1.0,240,1,447,51.2,0.962,332,48.8,0.934,291,47.4,0.846
0,-1,0,0.1,0.5,60,1,469,49.7,0.776,360,52.2,1.046,303,52.5,1.033
0,-1,0,0.1,1.0,100000,1,469,50.3,0.946,360,53.6,1.199,303,52.8,1.158
0,-1,0,0.2,0.5,240,1,469,58.8,0.918,360,60.6,1.14,303,59.7,1.107
0,-1,1,0.1,0.3,60,1,501,59.7,0.748,326,58.9,0.728,297,60.6,0.819
0,-1,1,0.1,0.5,100000,1,501,65.5,0.887,326,65.0,0.858,297,64.3,0.825
0,-1,1,0.2,0.3,240,1,501,71.7,0.921,326,69.0,0.806,297,67.7,0.728
0,-1,1,0.2,1.0,60,1,501,48.3,0.847,326,45.7,0.855,297,45.1,0.824
60,30,0,0.1,0.3,240,1,485,75.5,0.842,330,75.5,0.942,287,77.0,1.042
60,30,0,0.1,1.0,60,1,485,43.7,0.753,330,49.7,0.89,287,49.1,0.905
60,30,0,0.2,0.3,100000,1,485,74.6,0.846,330,79.4,1.156,287,79.1,1.165
60,30,0,0.2,1.0,240,1,485,51.8,1.043,330,51.2,1.066,287,51.2,1.148
60,30,1,0.1,0.5,60,1,484,51.9,0.805,354,56.2,0.892,310,55.2,0.939
60,30,1,0.1,1.0,100000,1,484,49.0,0.964,354,49.4,0.945,310,49.7,0.966
60,30,1,0.2,0.5,240,1,484,63.8,1.015,354,59.0,0.893,310,59.7,0.953
60,60,0,0.1,0.3,60,1,503,61.4,0.715,337,66.5,0.897,291,67.0,1.036
60,60,0,0.1,0.5,100000,1,503,63.8,0.817,337,67.4,1.011,291,66.7,0.988
60,60,0,0.2,0.3,240,1,503,70.8,0.856,337,72.1,0.954,291,71.5,1.004
60,60,0,0.2,1.0,60,1,503,43.5,0.833,337,48.4,0.888,291,47.4,0.865
60,60,1,0.1,0.3,100000,1,467,73.9,0.789,346,76.6,0.895,300,78.0,1.001
60,60,1,0.1,1.0,240,1,467,48.6,0.904,346,46.2,0.815,300,46.7,0.848
60,60,1,0.2,0.5,60,1,467,45.4,0.827,346,48.8,0.895,300,46.0,0.795
60,60,1,0.2,1.0,100000,1,467,51.0,0.971,346,47.4,0.903,300,47.7,0.901
60,120,0,0.1,0.5,240,1,485,63.7,0.819,348,67.5,0.99,303,67.3,0.999
60,120,0,0.2,0.3,60,1,485,45.6,0.691,348,55.7,0.925,303,54.5,0.936
60,120,0,0.2,0.5,100000,1,485,67.6,1.06,348,69.3,1.134,303,69.6,1.186
60,120,1,0.1,0.3,240,1,485,74.6,0.824,336,75.9,0.893,293,77.5,0.992
60,120,1,0.1,1.0,60,1,485,46.6,0.86,336,46.7,0.824,293,44.4,0.759
60,120,1,0.2,0.3,100000,1,485,75.3,0.874,336,76.2,0.966,293,75.8,0.903
60,120,1,0.2,1.0,240,1,485,51.8,1.018,336,47.9,0.849,293,47.8,0.862
60,-1,0,0.1,0.5,60,1,462,48.1,0.664,359,58.2,0.987,296,56.1,1.005
60,-1,0,0.1,1.0,100000,1,462,48.5,0.907,359,53.5,1.101,296,53.0,1.158
60,-1,0,0.2,0.5,240,1,462,61.0,0.902,359,62.7,1.036,296,61.1,1.1
60,-1,1,0.1,0.3,60,1,508,65.6,0.857,325,64.3,0.789,302,66.2,0.92
60,-1,1,0.1,0.5,100000,1,508,65.2,0.885,325,64.0,0.82,302,64.2,0.835
60,-1,1,0.2,0.3,240,1,508,74.2,0.962,325,69.2,0.824,302,69.5,0.827
60,-1,1,0.2,1.0,60,1,508,45.7,0.86,325,46.2,0.894,302,43.0,0.771
120,30,0,0.1,0.3,240,1,501,75.8,0.998,365,77.3,1.027,298,78.2,1.084
120,30,0,0.1,1.0,60,1,501,49.9,1.08,365,49.3,0.972,298,50.7,1.081
120,30,0,0.2,0.3,100000,1,501,77.8,1.105,365,77.8,1.062,298,79.5,1.194
120,30,0,0.2,1.0,240,1,501,50.9,1.103,365,52.3,1.102,298,54.4,1.216
120,30,1,0.1,0.5,60,1,469,57.4,0.868,320,60.0,0.889,291,62.2,1.01
120,30,1,0.1,1.0,100000,1,469,51.2,1.014,320,47.2,0.818,291,47.1,0.83
120,30,1,0.2,0.5,240,1,469,62.9,0.982,320,59.4,0.855,291,56.0,0.819
120,60,0,0.1,0.3,60,1,470,68.3,0.986,344,73.3,1.128,294,73.8,1.135
120,60,0,0.1,0.5,100000,1,470,68.3,1.08,344,70.1,1.152,294,70.7,1.19
120,60,0,0.2,0.3,240,1,470,73.6,1.063,344,74.7,1.152,294,75.2,1.244
120,60,0,0.2,1.0,60,1,470,47.0,0.929,344,53.5,1.205,294,53.7,1.326
120,60,1,0.1,0.3,100000,1,500,74.0,0.827,341,73.9,0.738,301,74.1,0.767
120,60,1,0.1,1.0,240,1,500,50.6,1.015,341,46.0,0.772,301,46.2,0.808
120,60,1,0.2,0.5,60,1,500,52.2,1.077,341,49.3,0.84,301,49.5,0.84
120,60,1,0.2,1.0,100000,1,500,52.6,1.092,341,46.9,0.835,301,45.8,0.799
120,120,0,0.1,0.5,240,1,482,67.2,1.042,349,69.6,1.15,289,70.9,1.264
120,120,0,0.2,0.3,60,1,482,56.2,0.946,349,61.9,1.141,289,64.4,1.437
120,120,0,0.2,0.5,100000,1,482,67.0,1.03,349,68.2,1.055,289,70.6,1.172
120,120,1,0.1,0.3,240,1,488,74.6,0.847,336,74.1,0.75,308,74.0,0.766
120,120,1,0.1,1.0,60,1,488,50.4,1.009,336,45.2,0.801,308,44.8,0.782
120,120,1,0.2,0.3,100000,1,488,76.0,0.947,336,74.1,0.812,308,73.1,0.779
120,120,1,0.2,1.0,240,1,488,50.4,1.015,336,44.0,0.767,308,43.2,0.749
120,-1,0,0.1,0.5,60,1,472,56.8,0.924,360,63.1,1.116,305,63.0,1.225
120,-1,0,0.1,1.0,100000,1,472,51.1,1.053,360,50.6,0.955,305,52.5,1.024
120,-1,0,0.2,0.5,240,1,472,60.8,0.991,360,62.2,1.024,305,62.3,1.069
120,-1,1,0.1,0.3,60,1,498,68.7,0.861,325,67.4,0.847,292,69.9,0.865
120,-1,1,0.1,0.5,100000,1,498,66.3,0.95,325,64.3,0.838,292,65.8,0.909
120,-1,1,0.2,0.3,240,1,498,75.1,1.047,325,71.1,0.851,292,70.9,0.874
120,-1,1,0.2,1.0,60,1,498,49.8,1.107,325,46.8,0.901,292,49.7,0.98
180,30,0,0.1,0.3,240,1,498,72.3,0.818,355,77.2,0.964,306,77.5,0.979
180,30,0,0.1,1.0,60,1,498,47.6,0.921,355,49.6,0.943,306,49.3,0.907
180,30,0,0.2,0.3,100000,1,498,73.1,0.803,355,77.5,0.995,306,76.8,0.959
180,30,0,0.2,1.0,240,1,498,48.2,0.879,355,50.7,0.922,306,50.0,0.89
180,30,1,0.1,0.5,60,1,469,64.6,0.979,330,59.1,0.93,289,61.2,1.031
180,30,1,0.1,1.0,100000,1,469,52.5,1.045,330,45.2,0.836,289,46.4,0.926
180,30,1,0.2,0.5,240,1,469,64.2,1.003,330,60.3,0.95,289,62.3,1.016
180,60,0,0.1,0.3,60,1,483,68.7,0.741,345,71.6,0.898,298,73.2,0.96
180,60,0,0.1,0.5,100000,1,483,62.9,0.805,345,64.6,0.946,298,66.1,1.009
180,60,0,0.2,0.3,240,1,483,69.4,0.789,345,71.0,0.932,298,71.8,0.908
180,60,0,0.2,1.0,60,1,483,45.5,0.791,345,49.6,0.903,298,48.7,0.911
180,60,1,0.1,0.3,100000,1,483,74.5,0.922,340,76.5,0.905,301,77.1,0.947
180,60,1,0.1,1.0,240,1,483,51.3,1.027,340,48.5,0.856,301,49.2,0.898
180,60,1,0.2,0.5,60,1,483,58.4,1.111,340,52.6,0.929,301,53.2,0.936
180,60,1,0.2,1.0,100000,1,483,49.7,0.948,340,48.8,0.935,301,47.8,0.906
180,120,0,0.1,0.5,240,1,475,62.3,0.799,354,66.7,1.067,305,67.5,1.101
180,120,0,0.2,0.3,60,1,475,60.0,0.773,354,60.2,0.892,305,60.3,0.92
180,120,0,0.2,0.5,100000,1,475,63.8,0.814,354,66.4,1.039,305,67.2,1.071
180,120,1,0.1,0.3,240,1,492,75.2,0.975,331,73.1,0.743,293,74.1,0.796
180,120,1,0.1,1.0,60,1,492,53.0,1.114,331,46.2,0.847,293,47.1,0.866
180,120,1,0.2,0.3,100000,1,492,75.8,0.935,331,76.7,0.977,293,77.5,1.036
180,120,1,0.2,1.0,240,1,492,50.8,0.963,331,48.9,0.862,293,48.8,0.834
180,-1,0,0.1,0.5,60,1,487,59.5,0.808,370,58.6,0.91,304,60.9,1.054
180,-1,0,0.1,1.0,100000,1,487,49.1,0.913,370,47.0,0.898,304,48.7,0.989
180,-1,0,0.2,0.5,240,1,487,58.7,0.85,370,58.9,0.934,304,61.8,1.036
180,-1,1,0.1,0.3,60,1,481,74.8,1.024,315,74.3,0.914,293,73.7,0.875
180,-1,1,0.1,0.5,100000,1,481,66.9,1.02,315,67.3,0.956,293,66.9,0.945
180,-1,1,0.2,0.3,240,1,481,74.8,0.995,315,74.3,1.018,293,72.4,0.911
180,-1,1,0.2,1.0,60,1,481,52.8,1.028,315,47.6,0.809,293,47.8,0.774
240,30,0,0.1,0.3,240,1,485,69.5,0.643,340,73.2,0.849,299,72.2,0.809
240,30,0,0.1,1.0,60,1,485,47.4,0.861,340,45.6,0.781,299,45.2,0.807
240,30,0,0.2,0.3,100000,1,485,75.9,0.901,340,72.6,0.798,299,72.9,0.817
240,30,0,0.2,1.0,240,1,485,52.8,1.084,340,50.9,0.932,299,49.8,0.916
240,30,1,0.1,0.5,60,1,484,57.0,0.697,345,62.3,0.857,294,63.3,0.92
240,30,1,0.1,1.0,100000,1,484,44.8,0.758,345,47.0,0.856,294,46.9,0.86
240,30,1,0.2,0.5,240,1,484,56.4,0.784,345,58.6,0.87,294,57.1,0.836
240,60,0,0.1,0.3,60,1,494,65.2,0.614,339,69.3,0.791,295,70.2,0.844
240,60,0,0.1,0.5,100000,1,494,62.8,0.789,339,64.0,0.866,295,64.4,0.904
240,60,0,0.2,0.3,240,1,494,67.4,0.765,339,67.0,0.77,295,67.5,0.778
240,60,0,0.2,1.0,60,1,494,49.0,0.935,339,42.5,0.829,295,43.1,0.831
240,60,1,0.1,0.3,100000,1,474,70.7,0.669,346,76.3,0.862,303,76.6,0.884
240,60,1,0.1,1.0,240,1,474,44.9,0.755,346,46.5,0.806,303,46.5,0.836
240,60,1,0.2,0.5,60,1,474,50.0,0.777,346,48.8,0.731,303,49.8,0.814
240,60,1,0.2,1.0,100000,1,474,49.8,0.951,346,51.4,1.128,303,52.5,1.135
240,120,0,0.1,0.5,240,1,513,60.6,0.745,342,63.2,0.824,296,63.9,0.87
240,120,0,0.2,0.3,60,1,513,58.9,0.834,342,56.4,0.778,296,55.4,0.813
240,120,0,0.2,0.5,100000,1,513,67.1,0.929,342,60.8,0.775,296,58.8,0.724
240,120,1,0.1,0.3,240,1,456,70.6,0.663,343,76.7,0.867,302,75.5,0.844
240,120,1,0.1,1.0,60,1,456,46.1,0.738,343,43.7,0.727,302,46.0,0.806
240,120,1,0.2,0.3,100000,1,456,74.3,0.814,343,75.5,0.949,302,75.8,0.928
240,120,1,0.2,1.0,240,1,456,48.0,0.855,343,54.8,1.04,302,54.0,1.026
240,-1,0,0.1,0.5,60,1,487,59.1,0.791,365,60.8,0.877,305,59.7,0.837
240,-1,0,0.1,1.0,100000,1,487,47.4,0.82,365,48.2,0.895,305,47.9,0.908
240,-1,0,0.2,0.5,240,1,487,57.3,0.848,365,58.1,0.82,305,57.0,0.836
240,-1,1,0.1,0.3,60,1,482,66.4,0.614,320,71.9,0.808,293,72.0,0.854
240,-1,1,0.1,0.5,100000,1,482,60.2,0.693,320,62.5,0.781,293,65.9,0.912
240,-1,1,0.2,0.3,240,1,482,69.9,0.756,320,70.9,0.92,293,71.0,0.895
240,-1,1,0.2,1.0,60,1,482,47.5,0.815,320,43.8,0.841,293,44.4,0.902
300,30,0,0.1,0.3,240,1,503,75.9,0.88,354,78.5,1.057,316,78.2,1.007
300,30,0,0.1,1.0,60,1,503,44.3,0.791,354,52.5,1.067,316,51.6,1.039
300,30,0,0.2,0.3,100000,1,503,78.1,1.063,354,80.2,1.138,316,79.7,1.084
300,30,0,0.2,1.0,240,1,503,50.3,0.935,354,54.5,1.164,316,53.8,1.104
300,30,1,0.1,0.5,60,1,466,60.3,0.905,332,59.6,1.058,282,55.3,0.917
300,30,1,0.1,1.0,100000,1,466,46.6,0.809,332,49.7,1.015,282,44.7,0.84
300,30,1,0.2,0.5,240,1,466,59.4,0.85,332,61.7,0.928,282,58.2,0.802
300,60,0,0.1,0.3,60,1,485,67.6,0.778,310,67.4,0.888,280,68.6,0.917
300,60,0,0.1,0.5,100000,1,485,65.2,0.841,310,68.1,1.049,280,67.5,1.014
300,60,0,0.2,0.3,240,1,485,73.2,0.944,310,74.2,0.998,280,74.3,1.009
300,60,0,0.2,1.0,60,1,485,43.7,0.808,310,49.0,0.92,280,48.9,0.935
300,60,1,0.1,0.3,100000,1,484,78.7,1.026,376,79.0,1.136,315,77.8,1.051
300,60,1,0.1,1.0,240,1,484,47.5,0.867,376,50.8,1.054,315,48.6,0.971
300,60,1,0.2,0.5,60,1,484,52.1,0.945,376,55.6,1.049,315,51.7,0.948
300,60,1,0.2,1.0,100000,1,484,52.5,1.062,376,49.2,1.008,315,45.7,0.873
300,120,0,0.1,0.5,240,1,496,64.9,0.834,322,67.4,0.993,287,66.2,0.948
300,120,0,0.2,0.3,60,1,496,57.1,0.901,322,57.5,0.995,287,56.1,0.997
300,120,0,0.2,0.5,100000,1,496,66.1,0.927,322,66.5,0.911,287,64.8,0.824
300,120,1,0.1,0.3,240,1,473,77.4,0.989,364,79.4,1.175,312,78.2,1.082
300,120,1,0.1,1.0,60,1,473,48.4,0.914,364,53.8,1.14,312,51.0,1.029
300,120,1,0.2,0.3,100000,1,473,78.6,1.14,364,78.8,1.107,312,76.6,0.964
300,120,1,0.2,1.0,240,1,473,51.2,0.949,364,51.1,1.128,312,49.0,1.013
300,-1,0,0.1,0.5,60,1,502,56.8,0.842,352,57.1,0.921,299,55.2,0.84
300,-1,0,0.1,1.0,100000,1,502,47.8,0.811,352,52.0,1.061,299,47.8,0.895
300,-1,0,0.2,0.5,240,1,502,59.6,0.861,352,63.6,0.992,299,60.2,0.871
300,-1,1,0.1,0.3,60,1,467,71.9,0.914,334,72.8,1.091,298,72.1,1.076
300,-1,1,0.1,0.5,100000,1,467,66.8,0.961,334,71.6,1.284,298,68.5,1.117
300,-1,1,0.2,0.3,240,1,467,77.1,1.134,334,78.4,1.283,298,76.5,1.128
300,-1,1,0.2,1.0,60,1,467,48.4,0.934,334,54.2,1.093,298,53.7,1.146
360,30,0,0.1,0.3,240,1,500,70.6,0.666,345,76.8,0.945,302,75.2,0.875
360,30,0,0.1,1.0,60,1,500,41.6,0.657,345,51.6,1.043,302,50.7,0.943
360,30,0,0.2,0.3,100000,1,500,73.6,0.841,345,77.7,1.062,302,75.5,0.927
360,30,0,0.2,1.0,240,1,500,47.6,0.9,345,49.6,0.928,302,46.4,0.849
360,30,1,0.1,0.5,60,1,467,62.5,0.986,340,63.5,1.103,294,64.3,1.044
360,30,1,0.1,1.0,100000,1,467,53.3,1.102,340,53.2,1.163,294,52.7,1.127
360,30,1,0.2,0.5,240,1,467,69.6,1.092,340,68.8,1.122,294,69.0,1.151
360,60,0,0.1,0.3,60,1,476,65.1,0.69,380,70.0,0.96,319,71.8,1.046
360,60,0,0.1,0.5,100000,1,476,62.4,0.788,380,70.8,1.172,319,69.9,1.106
360,60,0,0.2,0.3,240,1,476,75.2,0.905,380,78.4,1.06,319,77.1,0.964
360,60,0,0.2,1.0,60,1,476,45.0,0.723,380,49.5,0.9,319,49.8,0.837
360,60,1,0.1,0.3,100000,1,492,74.0,0.78,304,76.6,0.924,276,73.9,0.804
360,60,1,0.1,1.0,240,1,492,49.8,0.943,304,57.9,1.327,276,55.8,1.21
360,60,1,0.2,0.5,60,1,492,54.5,1.064,304,56.9,1.171,276,55.8,1.11
360,60,1,0.2,1.0,100000,1,492,51.6,0.989,304,52.6,1.077,276,51.8,1.029
360,120,0,0.1,0.5,240,1,493,62.3,0.782,332,71.1,1.149,290,70.7,1.085
360,120,0,0.2,0.3,60,1,493,52.7,0.699,332,57.8,1.031,290,59.0,1.018
360,120,0,0.2,0.5,100000,1,493,64.5,0.893,332,70.2,1.169,290,69.7,1.115
360,120,1,0.1,0.3,240,1,475,75.8,0.842,353,77.3,1.001,308,75.6,0.922
360,120,1,0.1,1.0,60,1,475,52.4,0.964,353,53.8,1.062,308,53.2,0.97
360,120,1,0.2,0.3,100000,1,475,77.7,1.066,353,79.3,1.183,308,78.6,1.147
360,120,1,0.2,1.0,240,1,475,53.9,1.044,353,47.6,0.903,308,45.1,0.873
360,-1,0,0.1,0.5,60,1,503,51.7,0.673,348,58.0,0.939,300,58.3,0.871
360,-1,0,0.1,1.0,100000,1,503,45.3,0.786,348,53.7,1.172,300,51.0,1.032
360,-1,0,0.2,0.5,240,1,503,63.0,0.823,348,69.0,1.168,300,68.3,1.142
360,-1,1,0.1,0.3,60,1,464,73.1,0.91,337,73.3,1.053,298,74.2,1.05
360,-1,1,0.1,0.5,100000,1,464,67.5,0.993,337,71.8,1.24,298,71.5,1.165
360,-1,1,0.2,0.3,240,1,464,80.0,1.213,337,79.8,1.187,298,79.2,1.081
360,-1,1,0.2,1.0,60,1,464,57.8,1.314,337,56.1,1.146,298,54.7,1.054
420,30,0,0.1,0.3,240,1,522,78.0,0.976,349,78.8,1.141,293,80.2,1.256
420,30,0,0.1,1.0,60,1,522,51.3,1.026,349,53.6,1.19,293,53.2,1.207
420,30,0,0.2,0.3,100000,1,522,76.1,0.929,349,77.1,0.977,293,78.5,1.082
420,30,0,0.2,1.0,240,1,522,53.8,1.08,349,54.4,1.252,293,54.3,1.245
420,30,1,0.1,0.5,60,1,447,62.9,1.037,337,62.9,0.903,305,60.7,0.982
420,30,1,0.1,1.0,100000,1,447,52.6,1.046,337,51.9,0.952,305,48.9,0.942
420,30,1,0.2,0.5,240,1,447,66.7,0.96,337,66.8,0.924,305,64.6,0.925
420,60,0,0.1,0.3,60,1,504,71.6,0.873,366,73.8,0.883,312,73.7,1.151
420,60,0,0.1,0.5,100000,1,504,67.9,0.978,366,68.3,0.93,312,67.0,1.039
420,60,0,0.2,0.3,240,1,504,76.0,0.937,366,77.6,0.92,312,78.5,1.115
420,60,0,0.2,1.0,60,1,504,49.6,1.117,366,53.8,1.102,312,52.6,1.242
420,60,1,0.1,0.3,100000,1,463,78.4,1.025,320,76.2,1.007,286,75.9,0.986
420,60,1,0.1,1.0,240,1,463,53.3,1.084,320,54.1,1.119,286,51.4,1.003
420,60,1,0.2,0.5,60,1,463,56.2,1.103,320,58.8,1.187,286,56.3,1.026
420,60,1,0.2,1.0,100000,1,463,51.0,0.975,320,50.0,1.078,286,47.9,0.989
420,120,0,0.1,0.5,240,1,480,67.9,0.998,372,69.9,1.012,305,69.2,1.15
420,120,0,0.2,0.3,60,1,480,59.6,0.993,372,64.2,1.029,305,63.3,1.141
420,120,0,0.2,0.5,100000,1,480,66.2,0.97,372,68.8,1.027,305,67.5,1.093
420,120,1,0.1,0.3,240,1,489,78.1,0.993,314,73.6,0.856,292,73.3,0.851
420,120,1,0.1,1.0,60,1,489,53.0,1.104,314,53.5,1.087,292,50.7,0.978
420,120,1,0.2,0.3,100000,1,489,76.7,0.921,314,77.1,1.048,292,76.7,1.009
420,120,1,0.2,1.0,240,1,489,51.5,0.991,314,50.3,1.01,292,50.0,0.999
420,-1,0,0.1,0.5,60,1,503,58.1,0.79,364,61.5,0.877,312,61.2,1.093
420,-1,0,0.1,1.0,100000,1,503,47.1,0.805,364,52.2,0.981,312,50.0,0.985
420,-1,0,0.2,0.5,240,1,503,61.6,0.76,364,70.1,1.115,312,69.6,1.209
420,-1,1,0.1,0.3,60,1,466,80.3,1.401,322,76.1,1.167,288,74.0,1.002
420,-1,1,0.1,0.5,100000,1,466,73.6,1.334,322,69.6,1.153,288,67.4,1.052
420,-1,1,0.2,0.3,240,1,466,80.5,1.229,322,76.4,0.974,288,76.4,0.971
420,-1,1,0.2,1.0,60,1,466,52.1,1.266,322,53.4,0.991,288,50.7,0.903
480,30,0,0.1,0.3,240,1,493,73.4,0.745,363,76.3,0.905,303,74.3,0.786
480,30,0,0.1,1.0,60,1,493,49.1,0.849,363,49.0,0.849,303,45.9,0.752
480,30,0,0.2,0.3,100000,1,493,75.1,0.795,363,77.7,0.999,303,77.6,0.987
480,30,0,0.2,1.0,240,1,493,51.1,0.96,363,52.6,1.081,303,51.5,1.033
480,30,1,0.1,0.5,60,1,473,60.0,0.76,323,62.8,0.868,293,63.5,0.835
480,30,1,0.1,1.0,100000,1,473,47.4,0.85,323,44.9,0.785,293,44.7,0.773
480,30,1,0.2,0.5,240,1,473,64.5,0.879,323,59.8,0.732,293,60.1,0.732
480,60,0,0.1,0.3,60,1,513,68.4,0.624,383,73.9,0.888,328,72.6,0.792
480,60,0,0.1,0.5,100000,1,513,64.3,0.778,383,65.5,0.925,328,64.6,0.865
480,60,0,0.2,0.3,240,1,513,73.7,0.741,383,74.2,0.842,328,72.9,0.784
480,60,0,0.2,1.0,60,1,513,46.8,0.741,383,48.6,0.886,328,47.9,0.94
480,60,1,0.1,0.3,100000,1,455,74.5,0.839,303,75.6,0.828,270,75.9,0.845
480,60,1,0.1,1.0,240,1,455,48.4,0.905,303,45.5,0.84,270,46.3,0.847
480,60,1,0.2,0.5,60,1,455,55.6,0.892,303,53.8,0.757,270,54.1,0.763
480,60,1,0.2,1.0,100000,1,455,50.1,0.977,303,47.9,0.93,270,47.8,0.936
480,120,0,0.1,0.5,240,1,530,64.7,0.793,386,67.4,0.984,329,65.7,0.896
480,120,0,0.2,0.3,60,1,530,61.5,0.695,386,66.1,0.844,329,64.1,0.801
480,120,0,0.2,0.5,100000,1,530,65.5,0.85,386,65.5,0.945,329,64.1,0.874
480,120,1,0.1,0.3,240,1,438,72.6,0.759,300,75.3,0.854,268,75.4,0.851
480,120,1,0.1,1.0,60,1,438,47.9,0.872,300,46.3,0.781,268,46.3,0.789
480,120,1,0.2,0.3,100000,1,438,76.3,0.916,300,72.7,0.741,268,73.1,0.764
480,120,1,0.2,1.0,240,1,438,47.7,0.871,300,45.3,0.817,268,46.3,0.851
480,-1,0,0.1,0.5,60,1,503,59.6,0.79,361,64.3,0.957,316,61.7,0.826
480,-1,0,0.1,1.0,100000,1,503,48.9,0.842,361,48.5,0.953,316,46.2,0.836
480,-1,0,0.2,0.5,240,1,503,64.4,0.807,361,65.1,0.939,316,65.2,0.915
480,-1,1,0.1,0.3,60,1,465,71.2,0.71,325,73.5,0.796,284,72.2,0.756
480,-1,1,0.1,0.5,100000,1,465,64.3,0.833,325,64.6,0.82,284,65.5,0.836
480,-1,1,0.2,0.3,240,1,465,75.3,0.869,325,72.3,0.719,284,72.5,0.736
480,-1,1,0.2,1.0,60,1,465,50.1,0.873,325,47.7,0.735,284,46.8,0.771
540,30,0,0.1,0.3,240,1,488,75.8,0.902,326,75.2,0.85,277,75.1,0.863
540,30,0,0.1,1.0,60,1,488,53.5,1.105,326,50.3,0.955,277,50.5,0.971
540,30,0,0.2,0.3,100000,1,488,79.9,1.153,326,72.7,0.784,277,71.8,0.73
540,30,0,0.2,1.0,240,1,488,49.8,0.96,326,46.9,0.895,277,46.9,0.887
540,30,1,0.1,0.5,60,1,480,67.3,0.994,361,64.5,0.874,321,64.2,0.864
540,30,1,0.1,1.0,100000,1,480,49.6,0.92,361,47.9,0.914,321,45.8,0.835
540,30,1,0.2,0.5,240,1,480,65.4,0.9,361,67.3,1.011,321,67.0,1.011
540,60,0,0.1,0.3,60,1,485,76.9,0.987,345,76.2,0.936,306,75.8,0.895
540,60,0,0.1,0.5,100000,1,485,70.3,1.124,345,65.5,0.922,306,64.1,0.843
540,60,0,0.2,0.3,240,1,485,79.4,1.131,345,70.7,0.721,306,70.6,0.698
540,60,0,0.2,1.0,60,1,485,51.3,1.056,345,47.5,0.894,306,46.1,0.849
540,60,1,0.1,0.3,100000,1,483,72.9,0.776,342,71.3,0.745,294,71.1,0.758
540,60,1,0.1,1.0,240,1,483,48.2,0.874,342,48.8,0.897,294,48.6,0.921
540,60,1,0.2,0.5,60,1,483,64.4,0.905,342,65.2,0.952,294,67.0,1.069
540,60,1,0.2,1.0,100000,1,483,47.8,0.892,342,50.6,0.976,294,52.4,1.039
540,120,0,0.1,0.5,240,1,496,71.0,1.104,361,67.0,0.966,308,64.9,0.865
540,120,0,0.2,0.3,60,1,496,79.4,1.152,361,72.0,0.782,308,71.8,0.767
540,120,0,0.2,0.5,100000,1,496,70.6,1.118,361,62.9,0.853,308,63.0,0.858
540,120,1,0.1,0.3,240,1,472,73.7,0.843,326,70.9,0.735,292,71.2,0.747
540,120,1,0.1,1.0,60,1,472,47.7,0.899,326,48.5,0.894,292,48.3,0.92
540,120,1,0.2,0.3,100000,1,472,74.4,0.844,326,77.6,1.018,292,76.7,0.953
540,120,1,0.2,1.0,240,1,472,47.9,0.9,326,51.2,1.014,292,52.4,1.053
540,-1,0,0.1,0.5,60,1,504,66.3,0.88,360,66.7,0.935,310,66.8,0.931
540,-1,0,0.1,1.0,100000,1,504,50.4,0.895,360,51.1,1.009,310,51.9,1.029
540,-1,0,0.2,0.5,240,1,504,65.1,0.862,360,64.2,0.908,310,65.5,0.949
540,-1,1,0.1,0.3,60,1,464,75.9,0.975,327,71.3,0.768,291,69.8,0.71
540,-1,1,0.1,0.5,100000,1,464,70.3,1.175,327,63.9,0.849,291,62.5,0.825
540,-1,1,0.2,0.3,240,1,464,79.3,1.129,327,76.8,0.957,291,75.3,0.87
540,-1,1,0.2,1.0,60,1,464,51.1,1.076,327,50.2,0.923,291,49.5,0.896
570,30,0,0.1,0.3,240,1,492,68.7,0.997,350,66.6,1.057,289,67.1,1.022
570,30,0,0.1,1.0,60,1,492,52.6,1.062,350,49.4,1.004,289,49.1,0.951
570,30,0,0.2,0.3,100000,1,492,75.8,1.017,350,73.7,1.001,289,74.0,1.044
570,30,0,0.2,1.0,240,1,492,49.2,0.941,350,49.1,0.993,289,47.1,0.921
570,30,1,0.1,0.5,60,1,477,58.9,0.878,335,54.6,0.787,308,57.5,0.83
570,30,1,0.1,1.0,100000,1,477,50.3,1.007,335,43.0,0.809,308,44.2,0.816
570,30,1,0.2,0.5,240,1,477,67.5,1.104,335,61.2,0.836,308,61.4,0.817
570,60,0,0.1,0.3,60,1,476,70.2,1.094,332,67.2,1.066,275,66.9,1.002
570,60,0,0.1,0.5,100000,1,476,65.1,1.085,332,62.0,1.106,275,62.5,1.091
570,60,0,0.2,0.3,240,1,476,78.4,1.233,332,71.1,0.905,275,73.1,1.036
570,60,0,0.2,1.0,60,1,476,54.4,1.228,332,45.2,0.847,275,41.5,0.771
570,60,1,0.1,0.3,100000,1,493,61.9,0.751,353,62.0,0.809,321,62.9,0.799
570,60,1,0.1,1.0,240,1,493,47.7,0.884,353,46.7,0.909,321,46.4,0.881
570,60,1,0.2,0.5,60,1,493,63.3,0.884,353,66.3,1.017,321,65.1,0.956
570,60,1,0.2,1.0,100000,1,493,48.9,0.94,353,50.7,0.982,321,50.2,0.958
570,120,0,0.1,0.5,240,1,492,64.4,1.012,334,62.9,1.172,284,63.0,1.116
570,120,0,0.2,0.3,60,1,492,76.8,1.096,334,75.1,1.148,284,76.1,1.19
570,120,0,0.2,0.5,100000,1,492,69.1,1.119,334,63.2,0.942,284,63.0,0.909
570,120,1,0.1,0.3,240,1,477,63.5,0.844,351,62.1,0.781,314,63.1,0.789
570,120,1,0.1,1.0,60,1,477,48.4,0.932,351,47.0,0.895,314,47.1,0.901
570,120,1,0.2,0.3,100000,1,477,74.2,1.032,351,69.2,0.756,314,70.1,0.789
570,120,1,0.2,1.0,240,1,477,50.7,1.046,351,50.4,0.97,314,50.6,0.984
570,-1,0,0.1,0.5,60,1,493,60.6,0.864,362,59.4,0.945,308,61.4,0.963
570,-1,0,0.1,1.0,100000,1,493,50.7,0.978,362,45.0,0.848,308,46.8,0.853
570,-1,0,0.2,0.5,240,1,493,67.1,1.014,362,61.3,0.845,308,62.0,0.861
570,-1,1,0.1,0.3,60,1,476,67.2,1.018,323,64.4,0.951,291,63.2,0.878
570,-1,1,0.1,0.5,100000,1,476,62.2,1.029,323,58.5,0.943,291,58.1,0.906
570,-1,1,0.2,0.3,240,1,476,75.8,1.116,323,72.4,0.929,291,71.8,0.899
570,-1,1,0.2,1.0,60,1,476,51.9,1.082,323,51.1,0.999,291,49.1,0.945
600,30,0,0.1,0.3,240,1,508,71.1,1.039,326,70.9,1.006,286,70.3,1.018
600,30,0,0.1,1.0,60,1,508,49.2,0.966,326,52.1,1.063,286,52.1,1.062
600,30,0,0.2,0.3,100000,1,508,74.8,0.977,326,77.3,1.014,286,76.9,1.002
600,30,0,0.2,1.0,240,1,508,52.0,1.026,326,55.5,1.202,286,57.0,1.271
600,30,1,0.1,0.5,60,1,463,58.3,0.818,360,60.0,0.855,309,61.5,0.944
600,30,1,0.1,1.0,100000,1,463,46.4,0.882,360,47.2,0.922,309,48.5,0.967
600,30,1,0.2,0.5,240,1,463,63.3,0.904,360,63.6,0.947,309,63.4,0.929
600,60,0,0.1,0.3,60,1,514,71.4,1.057,348,69.3,0.927,295,69.2,0.937
600,60,0,0.1,0.5,100000,1,514,65.0,1.071,348,62.6,0.911,295,62.7,0.938
600,60,0,0.2,0.3,240,1,514,74.5,0.978,348,76.1,1.001,295,75.3,0.975
600,60,0,0.2,1.0,60,1,514,50.8,1.026,348,54.9,1.171,295,55.6,1.268
600,60,1,0.1,0.3,100000,1,456,65.1,0.843,338,68.3,0.897,302,68.5,0.972
600,60,1,0.1,1.0,240,1,456,46.1,0.858,338,48.5,0.945,302,48.3,0.937
600,60,1,0.2,0.5,60,1,456,62.7,0.911,338,62.4,0.899,302,62.6,0.882
600,60,1,0.2,1.0,100000,1,456,49.1,0.992,338,50.3,1.021,302,49.0,0.946
600,120,0,0.1,0.5,240,1,491,65.4,1.064,325,61.8,0.857,284,62.7,0.905
600,120,0,0.2,0.3,60,1,491,73.9,1.017,325,73.2,0.892,284,73.2,0.919
600,120,0,0.2,0.5,100000,1,491,66.0,0.996,325,64.3,0.921,284,66.2,0.993
600,120,1,0.1,0.3,240,1,479,64.7,0.842,361,68.1,0.911,313,67.1,0.929
600,120,1,0.1,1.0,60,1,479,46.6,0.871,361,50.4,1.031,313,49.2,0.98
600,120,1,0.2,0.3,100000,1,479,71.4,0.841,361,75.3,1.013,313,74.8,0.999
600,120,1,0.2,1.0,240,1,479,49.5,1.004,361,52.4,1.076,313,51.4,1.022
600,-1,0,0.1,0.5,60,1,520,64.8,1.06,346,59.5,0.815,294,60.5,0.865
600,-1,0,0.1,1.0,100000,1,520,51.3,1.056,346,45.7,0.836,294,47.3,0.87
600,-1,0,0.2,0.5,240,1,520,67.7,1.061,346,61.3,0.809,294,61.2,0.797
600,-1,1,0.1,0.3,60,1,451,65.4,0.857,340,69.7,0.938,302,69.9,1.014
600,-1,1,0.1,0.5,100000,1,451,57.2,0.799,340,64.7,1.033,302,65.2,1.111
600,-1,1,0.2,0.3,240,1,451,71.8,0.862,340,77.4,1.133,302,78.1,1.177
600,-1,1,0.2,1.0,60,1,451,46.8,0.944,340,56.5,1.296,302,57.3,1.322
600,-2,0,0.1,0.3,100000,1,509,71.5,1.062,338,71.0,0.952,290,70.3,0.971
600,-2,0,0.1,1.0,240,1,509,48.5,0.951,338,50.9,1.01,290,51.4,1.032
600,-2,0,0.2,0.5,60,1,509,63.1,0.941,338,65.1,0.95,290,66.2,1.014
600,-2,0,0.2,1.0,100000,1,509,51.5,1.043,338,56.5,1.273,290,57.6,1.329
600,-2,1,0.1,0.5,240,1,462,57.6,0.795,348,60.6,0.909,308,62.7,1.012
600,-2,1,0.2,0.3,60,1,462,71.0,0.871,348,72.1,0.918,308,72.4,0.943
600,-2,1,0.2,0.5,100000,1,462,64.3,0.935,348,62.4,0.883,308,62.0,0.854
630,30,0,0.1,0.3,240,1,505,76.6,1.171,359,73.5,0.93,320,72.5,0.88
630,30,0,0.1,1.0,60,1,505,52.1,1.065,359,49.6,0.94,320,49.1,0.894
630,30,0,0.2,0.3,100000,1,505,77.2,1.143,359,76.6,1.019,320,76.2,0.981
630,30,0,0.2,1.0,240,1,505,51.9,1.09,359,51.3,1.06,320,49.7,1.01
630,30,1,0.1,0.5,60,1,466,65.5,0.972,327,65.1,0.912,279,68.1,1.031
630,30,1,0.1,1.0,100000,1,466,48.1,0.914,327,50.5,1.003,279,52.3,1.06
630,30,1,0.2,0.5,240,1,466,64.6,0.947,327,67.3,1.027,279,68.5,1.078
630,60,0,0.1,0.3,60,1,490,77.8,1.214,334,74.6,0.913,297,73.4,0.873
630,60,0,0.1,0.5,100000,1,490,72.2,1.356,334,68.6,1.034,297,68.4,1.039
630,60,0,0.2,0.3,240,1,490,78.0,1.176,334,78.1,1.028,297,78.5,1.074
630,60,0,0.2,1.0,60,1,490,53.9,1.061,334,56.6,1.221,297,56.2,1.206
630,60,1,0.1,0.3,100000,1,481,69.2,0.792,352,69.3,0.809,303,71.9,0.899
630,60,1,0.1,1.0,240,1,481,47.0,0.881,352,46.9,0.886,303,49.2,0.934
630,60,1,0.2,0.5,60,1,481,62.4,0.958,352,60.2,0.91,303,62.0,0.914
630,60,1,0.2,1.0,100000,1,481,49.1,0.974,352,48.3,0.959,303,48.5,0.945
630,120,0,0.1,0.5,240,1,485,71.1,1.271,340,68.2,1.002,295,67.1,0.968
630,120,0,0.2,0.3,60,1,485,75.5,1.129,340,75.3,1.035,295,76.6,1.097
630,120,0,0.2,0.5,100000,1,485,66.8,1.037,340,66.5,0.999,295,66.4,1.01
630,120,1,0.1,0.3,240,1,485,70.1,0.846,346,69.9,0.845,304,72.4,0.928
630,120,1,0.1,1.0,60,1,485,49.3,0.98,346,47.4,0.911,304,49.7,0.953
630,120,1,0.2,0.3,100000,1,485,74.8,0.971,346,75.7,0.959,304,78.9,1.098
630,120,1,0.2,1.0,240,1,485,50.7,1.045,346,50.3,0.995,304,50.7,0.969
630,-1,0,0.1,0.5,60,1,515,70.7,1.269,348,64.4,0.911,297,63.6,0.865
630,-1,0,0.1,1.0,100000,1,515,52.2,1.066,348,47.7,0.917,297,46.1,0.857
630,-1,0,0.2,0.5,240,1,515,68.5,1.135,348,64.4,0.927,297,63.0,0.895
630,-1,1,0.1,0.3,60,1,456,68.9,0.81,338,72.2,0.892,303,74.3,1.007
630,-1,1,0.1,0.5,100000,1,456,64.9,0.961,338,65.1,0.911,303,67.7,1.024
630,-1,1,0.2,0.3,240,1,456,73.2,0.896,338,76.0,0.96,303,79.9,1.182
630,-1,1,0.2,1.0,60,1,456,48.5,0.933,338,53.0,1.152,303,53.8,1.101
630,-2,0,0.1,0.3,100000,1,486,78.6,1.252,340,75.0,0.966,301,73.8,0.919
630,-2,0,0.1,1.0,240,1,486,53.1,1.099,340,54.1,1.116,301,52.2,1.024
630,-2,0,0.2,0.5,60,1,486,64.2,1.049,340,64.7,1.051,301,64.8,1.047
630,-2,0,0.2,1.0,100000,1,486,52.7,1.101,340,56.5,1.289,301,55.1,1.256
630,-2,1,0.1,0.5,240,1,485,62.9,0.893,346,60.1,0.761,299,63.2,0.846
630,-2,1,0.2,0.3,60,1,485,73.6,0.97,346,71.4,0.858,299,75.3,0.973
630,-2,1,0.2,0.5,100000,1,485,64.1,0.93,346,63.0,0.888,299,63.9,0.89
660,30,0,0.1,0.3,240,1,507,76.3,1.046,344,74.4,0.962,300,74.7,0.933
660,30,0,0.1,1.0,60,1,507,53.5,1.075,344,50.3,0.99,300,47.7,0.861
660,30,0,0.2,0.3,100000,1,507,79.3,1.158,344,71.8,0.861,300,72.0,0.831
660,30,0,0.2,1.0,240,1,507,55.0,1.13,344,50.3,1.02,300,49.3,0.989
660,30,1,0.1,0.5,60,1,463,63.5,0.859,342,63.7,0.943,298,61.7,0.878
660,30,1,0.1,1.0,100000,1,463,49.5,0.913,342,48.5,0.903,298,46.0,0.806
660,30,1,0.2,0.5,240,1,463,64.1,0.879,342,67.8,1.008,298,66.4,0.955
660,60,0,0.1,0.3,60,1,497,77.1,1.053,378,74.6,1.006,331,74.0,0.924
660,60,0,0.1,0.5,100000,1,497,69.2,1.09,378,66.9,1.063,331,66.8,0.994
660,60,0,0.2,0.3,240,1,497,79.7,1.199,378,73.8,0.954,331,74.0,0.961
660,60,0,0.2,1.0,60,1,497,54.1,1.14,378,53.2,1.09,331,53.8,1.077
660,60,1,0.1,0.3,100000,1,474,72.4,0.862,308,70.5,0.785,267,70.8,0.819
660,60,1,0.1,1.0,240,1,474,48.9,0.899,308,43.8,0.746,267,40.4,0.67
660,60,1,0.2,0.5,60,1,474,60.5,0.889,308,60.7,0.863,267,58.4,0.776
660,60,1,0.2,1.0,100000,1,474,48.5,0.912,308,51.0,0.95,267,47.9,0.856
660,120,0,0.1,0.5,240,1,491,68.4,1.024,342,66.1,1.046,300,66.3,1.006
660,120,0,0.2,0.3,60,1,491,75.6,1.113,342,70.8,0.945,300,71.7,0.965
660,120,0,0.2,0.5,100000,1,491,68.8,1.045,342,67.3,1.106,300,65.7,1.021
660,120,1,0.1,0.3,240,1,479,71.6,0.835,344,72.1,0.849,299,70.9,0.805
660,120,1,0.1,1.0,60,1,479,49.7,0.932,344,48.3,0.855,299,44.1,0.749
660,120,1,0.2,0.3,100000,1,479,74.5,0.905,344,77.0,1.017,299,76.6,0.996
660,120,1,0.2,1.0,240,1,479,48.6,0.931,344,49.4,0.899,299,46.5,0.841
660,-1,0,0.1,0.5,60,1,509,67.4,0.995,356,66.6,1.031,304,66.1,1.007
660,-1,0,0.1,1.0,100000,1,509,54.2,1.125,356,50.8,1.056,304,49.0,0.96
660,-1,0,0.2,0.5,240,1,509,68.6,1.081,356,67.7,1.128,304,65.5,1.037
660,-1,1,0.1,0.3,60,1,462,72.1,0.863,330,70.3,0.82,295,69.8,0.79
660,-1,1,0.1,0.5,100000,1,462,64.5,0.909,330,63.6,0.912,295,62.0,0.844
660,-1,1,0.2,0.3,240,1,462,74.7,0.893,330,75.5,0.901,295,74.9,0.854
660,-1,1,0.2,1.0,60,1,462,49.4,0.919,330,49.1,0.873,295,46.8,0.78
660,-2,0,0.1,0.3,100000,1,499,76.6,1.034,344,74.1,0.98,301,74.8,0.972
660,-2,0,0.1,1.0,240,1,499,53.9,1.092,344,52.3,1.121,301,50.8,1.021
660,-2,0,0.2,0.5,60,1,499,64.7,1.069,344,62.2,1.053,301,61.8,0.983
660,-2,0,0.2,1.0,100000,1,499,53.1,1.032,344,52.6,1.149,301,52.2,1.104
660,-2,1,0.1,0.5,240,1,472,64.6,0.896,342,62.9,0.863,295,61.4,0.821
660,-2,1,0.2,0.3,60,1,472,72.9,0.93,342,71.9,0.892,295,71.2,0.889
660,-2,1,0.2,0.5,100000,1,472,65.5,0.93,342,66.1,0.936,295,64.4,0.859
690,30,0,0.1,0.3,240,1,516,77.5,1.027,363,71.3,0.825,308,71.4,0.781
690,30,0,0.1,1.0,60,1,516,51.2,0.936,363,47.1,0.915,308,48.1,0.918
690,30,0,0.2,0.3,100000,1,516,76.7,0.959,363,74.9,0.927,308,76.9,0.997
690,30,0,0.2,1.0,240,1,516,50.0,0.958,363,47.9,0.925,308,48.7,0.932
690,30,1,0.1,0.5,60,1,454,64.3,0.894,323,65.6,0.961,291,64.9,0.932
690,30,1,0.1,1.0,100000,1,454,48.9,0.879,323,48.3,0.876,291,47.4,0.862
690,30,1,0.2,0.5,240,1,454,63.7,0.895,323,65.3,0.949,291,64.6,0.917
690,60,0,0.1,0.3,60,1,514,76.3,1.03,352,73.0,0.908,306,72.2,0.82
690,60,0,0.1,0.5,100000,1,514,68.7,1.061,352,66.5,1.046,306,65.7,0.963
690,60,0,0.2,0.3,240,1,514,78.2,1.082,352,75.6,0.963,306,78.4,1.105
690,60,0,0.2,1.0,60,1,514,54.3,1.042,352,49.4,1.006,306,51.3,1.021
690,60,1,0.1,0.3,100000,1,456,73.7,0.841,334,69.8,0.72,292,70.2,0.712
690,60,1,0.1,1.0,240,1,456,47.1,0.822,334,46.4,0.815,292,45.5,0.802
690,60,1,0.2,0.5,60,1,456,57.9,0.768,334,58.4,0.891,292,56.5,0.83
690,60,1,0.2,1.0,100000,1,456,45.6,0.787,334,46.4,0.804,292,44.9,0.768
690,120,0,0.1,0.5,240,1,498,69.1,1.091,341,65.7,0.949,297,65.0,0.907
690,120,0,0.2,0.3,60,1,498,72.9,1.046,341,69.5,0.857,297,72.1,0.946
690,120,0,0.2,0.5,100000,1,498,69.1,1.057,341,65.7,0.978,297,66.0,1.013
690,120,1,0.1,0.3,240,1,472,72.9,0.805,345,69.9,0.769,302,69.9,0.738
690,120,1,0.1,1.0,60,1,472,46.8,0.775,345,47.0,0.856,302,47.4,0.864
690,120,1,0.2,0.3,100000,1,472,73.1,0.818,345,74.2,0.933,302,73.5,0.86
690,120,1,0.2,1.0,240,1,472,47.5,0.901,345,47.2,0.86,302,46.7,0.816
690,-1,0,0.1,0.5,60,1,495,66.9,1.054,355,64.5,0.917,300,63.7,0.846
690,-1,0,0.1,1.0,100000,1,495,49.7,0.923,355,48.5,0.908,300,47.7,0.88
690,-1,0,0.2,0.5,240,1,495,66.1,0.962,355,65.4,0.979,300,67.0,1.038
690,-1,1,0.1,0.3,60,1,475,72.8,0.777,331,71.3,0.855,300,72.0,0.847
690,-1,1,0.1,0.5,100000,1,475,64.4,0.847,331,63.4,0.909,300,64.3,0.934
690,-1,1,0.2,0.3,240,1,475,73.9,0.837,331,73.4,0.892,300,73.3,0.861
690,-1,1,0.2,1.0,60,1,475,51.6,0.952,331,42.9,0.786,300,43.7,0.794
690,-2,0,0.1,0.3,100000,1,497,78.1,1.117,345,73.6,0.886,301,72.4,0.808
690,-2,0,0.1,1.0,240,1,497,52.7,1.05,345,50.1,0.995,301,48.5,0.936
690,-2,0,0.2,0.5,60,1,497,63.4,0.996,345,61.7,1.029,301,62.8,1.06
690,-2,0,0.2,1.0,100000,1,497,52.5,0.988,345,50.4,1.045,301,51.2,1.079
690,-2,1,0.1,0.5,240,1,473,62.8,0.809,341,61.9,0.847,295,63.1,0.855
690,-2,1,0.2,0.3,60,1,473,68.5,0.795,341,67.4,0.845,295,67.1,0.814
690,-2,1,0.2,0.5,100000,1,473,63.4,0.884,341,62.2,0.82,295,60.7,0.757
720,30,0,0.1,0.3,240,1,490,75.5,1.005,349,71.9,0.777,298,69.1,0.691
720,30,0,0.1,1.0,60,1,490,52.0,1.044,349,47.3,0.906,298,46.0,0.862
720,30,0,0.2,0.3,100000,1,490,77.8,1.116,349,71.9,0.85,298,72.5,0.861
720,30,0,0.2,1.0,240,1,490,53.3,1.181,349,47.6,0.887,298,44.6,0.786
720,30,1,0.1,0.5,60,1,480,67.3,1.02,336,61.9,0.818,297,61.6,0.779
720,30,1,0.1,1.0,100000,1,480,50.2,0.934,336,48.2,0.917,297,46.8,0.86
720,30,1,0.2,0.5,240,1,480,66.0,0.969,336,63.4,0.852,297,64.3,0.878
720,60,0,0.1,0.3,60,1,522,74.7,0.957,350,73.4,0.88,302,72.5,0.835
720,60,0,0.1,0.5,100000,1,522,66.1,0.961,350,64.9,0.928,302,64.6,0.918
720,60,0,0.2,0.3,240,1,522,76.6,1.002,350,74.6,0.908,302,77.2,1.049
720,60,0,0.2,1.0,60,1,522,50.4,0.931,350,50.6,1.022,302,50.0,1.075
720,60,1,0.1,0.3,100000,1,447,74.7,0.948,334,72.2,0.795,295,69.5,0.697
720,60,1,0.1,1.0,240,1,447,52.3,1.046,334,47.0,0.889,295,44.4,0.825
720,60,1,0.2,0.5,60,1,447,63.1,1.099,334,54.8,0.78,295,54.2,0.776
720,60,1,0.2,1.0,100000,1,447,52.3,1.052,334,46.4,0.831,295,44.7,0.814
720,120,0,0.1,0.5,240,1,499,66.1,0.982,367,62.7,0.846,317,61.5,0.804
720,120,0,0.2,0.3,60,1,499,70.5,0.975,367,65.9,0.863,317,67.5,0.884
720,120,0,0.2,0.5,100000,1,499,67.1,1.026,367,61.3,0.847,317,61.5,0.856
720,120,1,0.1,0.3,240,1,471,75.8,0.991,318,74.8,0.913,279,72.4,0.808
720,120,1,0.1,1.0,60,1,471,51.6,1.031,318,49.1,0.936,279,45.5,0.804
720,120,1,0.2,0.3,100000,1,471,77.3,1.084,318,73.9,0.844,279,74.2,0.826
720,120,1,0.2,1.0,240,1,471,51.6,1.041,318,50.3,0.954,279,48.4,0.928
720,-1,0,0.1,0.5,60,1,508,65.9,0.985,352,64.5,0.941,305,63.3,0.891
720,-1,0,0.1,1.0,100000,1,508,50.6,0.96,352,51.1,1.056,305,50.8,1.047
720,-1,0,0.2,0.5,240,1,508,67.7,1.015,352,64.2,0.94,305,63.9,0.939
720,-1,1,0.1,0.3,60,1,462,75.3,0.977,333,72.1,0.843,294,70.1,0.771
720,-1,1,0.1,0.5,100000,1,462,67.5,1.03,333,60.1,0.724,294,58.2,0.669
720,-1,1,0.2,0.3,240,1,462,77.5,1.157,333,73.0,0.82,294,73.1,0.794
720,-1,1,0.2,1.0,60,1,462,51.7,1.145,333,46.5,0.865,294,45.2,0.872
720,-2,0,0.1,0.3,100000,1,508,76.6,1.013,350,72.9,0.818,307,70.7,0.744
720,-2,0,0.1,1.0,240,1,508,52.6,1.035,350,50.0,0.989,307,49.8,0.988
720,-2,0,0.2,0.5,60,1,508,62.6,0.955,350,58.0,0.944,307,59.0,1.032
720,-2,0,0.2,1.0,100000,1,508,54.1,1.097,350,50.6,0.94,307,49.5,0.91
720,-2,1,0.1,0.5,240,1,462,66.2,0.99,335,60.9,0.768,292,59.2,0.703
720,-2,1,0.2,0.3,60,1,462,70.3,1.049,335,67.5,0.815,292,67.5,0.791
720,-2,1,0.2,0.5,100000,1,462,65.6,1.041,335,61.5,0.857,292,61.0,0.822
780,30,0,0.1,0.3,240,1,515,74.0,0.908,338,72.5,0.803,303,72.6,0.837
780,30,0,0.1,1.0,60,1,515,54.4,1.161,338,51.2,1.03,303,49.8,0.989
780,30,0,0.2,0.3,100000,1,515,77.5,1.094,338,74.0,0.944,303,73.6,0.952
780,30,0,0.2,1.0,240,1,515,55.7,1.268,338,53.6,1.116,303,53.5,1.09
780,30,1,0.1,0.5,60,1,428,68.5,1.009,327,66.7,1.022,278,63.3,0.858
780,30,1,0.1,1.0,100000,1,428,52.6,1.018,327,50.5,0.955,278,47.8,0.849
780,30,1,0.2,0.5,240,1,428,67.3,0.993,327,64.5,0.951,278,61.5,0.82
780,60,0,0.1,0.3,60,1,520,75.0,0.95,345,72.2,0.874,298,71.8,0.862
780,60,0,0.1,0.5,100000,1,520,68.3,1.025,345,64.1,0.916,298,63.1,0.885
780,60,0,0.2,0.3,240,1,520,78.3,1.103,345,74.2,0.952,298,73.5,0.915
780,60,0,0.2,1.0,60,1,520,53.5,1.109,345,56.2,1.172,298,55.0,1.114
780,60,1,0.1,0.3,100000,1,424,74.8,0.9,319,72.7,0.781,283,71.7,0.732
780,60,1,0.1,1.0,240,1,424,53.5,1.072,319,49.5,0.922,283,48.4,0.863
780,60,1,0.2,0.5,60,1,424,60.8,0.979,319,58.0,0.936,283,56.9,0.875
780,60,1,0.2,1.0,100000,1,424,53.1,1.093,319,48.9,0.894,283,48.8,0.878
780,120,0,0.1,0.5,240,1,507,66.5,0.938,352,63.1,0.84,310,62.6,0.822
780,120,0,0.2,0.3,60,1,507,70.8,0.95,352,68.2,0.921,310,67.1,0.855
780,120,0,0.2,0.5,100000,1,507,67.5,1.07,352,64.2,0.985,310,63.2,0.951
780,120,1,0.1,0.3,240,1,437,76.2,0.973,313,74.8,0.861,273,73.3,0.793
780,120,1,0.1,1.0,60,1,437,53.5,1.102,313,51.8,1.035,273,49.5,0.972
780,120,1,0.2,0.3,100000,1,437,79.4,1.167,313,77.3,1.072,273,76.2,0.986
780,120,1,0.2,1.0,240,1,437,51.7,1.032,313,51.4,1.024,273,51.3,1.028
780,-1,0,0.1,0.5,60,1,495,64.8,0.909,337,64.1,0.896,290,64.5,0.891
780,-1,0,0.1,1.0,100000,1,495,51.5,1.015,337,51.0,1.013,290,50.7,1.001
780,-1,0,0.2,0.5,240,1,495,68.1,1.085,337,66.2,1.094,290,65.2,1.068
780,-1,1,0.1,0.3,60,1,449,77.5,1.044,328,72.0,0.836,294,70.1,0.761
780,-1,1,0.1,0.5,100000,1,449,71.3,1.181,328,67.7,1.057,294,63.6,0.891
780,-1,1,0.2,0.3,240,1,449,78.4,1.08,328,74.7,0.94,294,72.1,0.824
780,-1,1,0.2,1.0,60,1,449,50.1,1.079,328,51.5,1.075,294,49.3,0.948
780,-2,0,0.1,0.3,100000,1,497,75.1,0.91,330,72.1,0.855,293,71.7,0.833
780,-2,0,0.1,1.0,240,1,497,52.7,1.06,330,50.9,1.05,293,50.9,1.043
780,-2,0,0.2,0.5,60,1,497,63.0,1.076,330,60.6,1.04,293,61.4,1.059
780,-2,0,0.2,1.0,100000,1,497,58.6,1.328,330,53.9,1.138,293,53.9,1.14
780,-2,1,0.1,0.5,240,1,447,68.5,1.055,335,68.1,0.995,290,64.1,0.838
780,-2,1,0.2,0.3,60,1,447,72.3,0.983,335,71.3,1.024,290,69.0,0.909
780,-2,1,0.2,0.5,100000,1,447,66.2,0.992,335,64.5,0.925,290,61.7,0.83
840,30,0,0.1,0.3,240,1,492,73.0,0.858,346,72.3,0.801,303,70.3,0.7
840,30,0,0.1,1.0,60,1,492,49.0,0.923,346,46.5,0.869,303,44.6,0.81
840,30,0,0.2,0.3,100000,1,492,74.0,0.99,346,67.9,0.73,303,66.7,0.718
840,30,0,0.2,1.0,240,1,492,50.0,0.996,346,50.0,0.867,303,49.2,0.912
840,30,1,0.1,0.5,60,1,448,64.7,1.054,314,62.4,0.927,273,61.9,0.871
840,30,1,0.1,1.0,100000,1,448,51.3,1.056,314,49.4,1.007,273,48.0,0.95
840,30,1,0.2,0.5,240,1,448,64.1,1.016,314,64.0,1.193,273,61.9,1.058
840,60,0,0.1,0.3,60,1,509,74.1,1.01,369,71.8,0.85,320,69.4,0.749
840,60,0,0.1,0.5,100000,1,509,66.6,1.052,369,64.2,0.885,320,63.4,0.841
840,60,0,0.2,0.3,240,1,509,76.2,1.134,369,69.6,0.829,320,68.1,0.797
840,60,0,0.2,1.0,60,1,509,52.3,1.034,369,46.6,0.815,320,45.3,0.769
840,60,1,0.1,0.3,100000,1,432,70.1,0.82,292,67.1,0.711,258,66.3,0.649
840,60,1,0.1,1.0,240,1,432,48.4,0.903,292,49.3,0.974,258,47.7,0.898
840,60,1,0.2,0.5,60,1,432,59.5,0.929,292,60.6,1.034,258,60.5,1.013
840,60,1,0.2,1.0,100000,1,432,48.8,0.946,292,51.7,1.065,258,51.9,1.116
840,120,0,0.1,0.5,240,1,511,63.4,0.886,354,63.3,0.845,308,62.7,0.823
840,120,0,0.2,0.3,60,1,511,70.3,1.057,354,65.5,0.918,308,65.9,0.908
840,120,0,0.2,0.5,100000,1,511,63.0,1.052,354,60.7,0.934,308,58.8,0.875
840,120,1,0.1,0.3,240,1,430,74.0,1.044,307,69.1,0.758,270,66.7,0.648
840,120,1,0.1,1.0,60,1,430,52.3,1.06,307,50.2,0.974,270,48.1,0.878
840,120,1,0.2,0.3,100000,1,430,74.9,0.978,307,70.0,0.902,270,69.6,0.902
840,120,1,0.2,1.0,240,1,430,50.9,1.029,307,49.8,0.919,270,50.7,0.997
840,-1,0,0.1,0.5,60,1,497,61.6,0.88,336,62.8,0.919,282,61.0,0.809
840,-1,0,0.1,1.0,100000,1,497,49.3,0.945,336,53.0,1.049,282,50.4,0.957
840,-1,0,0.2,0.5,240,1,497,64.8,1.094,336,64.6,1.124,282,61.7,0.978
840,-1,1,0.1,0.3,60,1,444,73.2,0.976,325,68.0,0.758,296,67.9,0.731
840,-1,1,0.1,0.5,100000,1,444,66.9,1.071,325,60.0,0.824,296,61.1,0.828
840,-1,1,0.2,0.3,240,1,444,75.5,1.053,325,70.5,0.848,296,71.6,0.938
840,-1,1,0.2,1.0,60,1,444,50.9,0.991,325,46.8,0.851,296,48.0,0.98
840,-2,0,0.1,0.3,100000,1,502,72.3,0.851,319,71.5,0.783,278,70.1,0.734
840,-2,0,0.1,1.0,240,1,502,50.2,0.989,319,51.4,1.029,278,49.6,0.986
840,-2,0,0.2,0.5,60,1,502,60.4,1.011,319,57.7,0.98,278,57.2,0.945
840,-2,0,0.2,1.0,100000,1,502,51.4,1.116,319,51.4,1.039,278,47.8,1.007
840,-2,1,0.1,0.5,240,1,439,66.1,1.042,342,62.0,0.856,300,60.0,0.743
840,-2,1,0.2,0.3,60,1,439,70.8,1.088,342,65.5,0.842,300,64.7,0.801
840,-2,1,0.2,0.5,100000,1,439,64.2,1.018,342,61.1,0.911,300,60.3,0.875
870,30,0,0.1,0.3,240,1,490,72.2,0.78,341,72.4,0.759,301,72.4,0.801
870,30,0,0.1,1.0,60,1,490,46.7,0.797,341,44.3,0.742,301,42.9,0.702
870,30,0,0.2,0.3,100000,1,490,73.5,0.878,341,69.8,0.86,301,69.8,0.88
870,30,0,0.2,1.0,240,1,490,49.0,0.88,341,50.7,0.982,301,49.2,0.887
870,30,1,0.1,0.5,60,1,451,63.0,0.818,319,68.3,1.23,277,67.1,1.119
870,30,1,0.1,1.0,100000,1,451,46.1,0.803,319,53.9,1.191,277,52.0,1.068
870,30,1,0.2,0.5,240,1,451,58.3,0.734,319,63.9,1.171,277,63.9,1.182
870,60,0,0.1,0.3,60,1,512,73.2,0.836,342,73.7,0.924,304,74.0,0.984
870,60,0,0.1,0.5,100000,1,512,64.3,0.851,342,64.3,0.891,304,64.1,0.902
870,60,0,0.2,0.3,240,1,512,73.2,0.89,342,71.1,1.005,304,71.4,1.031
870,60,0,0.2,1.0,60,1,512,48.8,0.883,342,49.1,1.055,304,48.4,1.037
870,60,1,0.1,0.3,100000,1,429,71.8,0.813,318,74.8,0.952,272,73.2,0.871
870,60,1,0.1,1.0,240,1,429,45.7,0.767,318,51.3,1.015,272,48.9,0.897
870,60,1,0.2,0.5,60,1,429,54.8,0.696,318,58.2,0.968,272,55.1,0.864
870,60,1,0.2,1.0,100000,1,429,47.1,0.81,318,54.1,1.114,272,52.2,0.985
870,120,0,0.1,0.5,240,1,505,64.4,0.858,348,63.2,0.859,312,63.1,0.862
870,120,0,0.2,0.3,60,1,505,68.1,0.822,348,66.4,1.044,312,66.7,1.018
870,120,0,0.2,0.5,100000,1,505,61.2,0.831,348,58.6,0.973,312,56.7,0.858
870,120,1,0.1,0.3,240,1,436,70.4,0.745,312,75.6,0.98,266,74.4,0.912
870,120,1,0.1,1.0,60,1,436,46.1,0.783,312,51.6,1.016,266,49.6,0.938
870,120,1,0.2,0.3,100000,1,436,71.6,0.81,312,75.3,1.118,266,76.3,1.222
870,120,1,0.2,1.0,240,1,436,49.1,0.894,312,55.1,1.109,266,54.1,1.068
870,-1,0,0.1,0.5,60,1,492,61.8,0.8,321,63.6,0.999,275,63.6,0.995
870,-1,0,0.1,1.0,100000,1,492,48.4,0.884,321,50.8,1.081,275,49.1,0.999
870,-1,0,0.2,0.5,240,1,492,62.2,0.931,321,62.0,1.131,275,60.7,1.027
870,-1,1,0.1,0.3,60,1,449,71.9,0.799,339,74.6,0.922,302,73.8,0.912
870,-1,1,0.1,0.5,100000,1,449,63.9,0.821,339,66.7,0.97,302,65.9,0.936
870,-1,1,0.2,0.3,240,1,449,70.2,0.71,339,73.2,1.011,302,73.8,1.073
870,-1,1,0.2,1.0,60,1,449,43.9,0.725,339,50.1,1.072,302,49.0,1.029
870,-2,0,0.1,0.3,100000,1,507,74.0,0.883,318,76.1,0.976,276,75.4,0.971
870,-2,0,0.1,1.0,240,1,507,48.9,0.934,318,50.9,1.071,276,49.3,0.991
870,-2,0,0.2,0.5,60,1,507,59.8,1.015,318,58.8,1.169,276,55.1,0.995
870,-2,0,0.2,1.0,100000,1,507,52.3,1.023,318,51.3,1.115,276,49.6,1.004
870,-2,1,0.1,0.5,240,1,434,61.3,0.729,342,64.3,0.911,301,63.5,0.866
870,-2,1,0.2,0.3,60,1,434,64.5,0.619,342,68.4,0.983,301,69.4,1.047
870,-2,1,0.2,0.5,100000,1,434,56.9,0.638,342,59.6,0.868,301,59.8,0.866
900,30,0,0.1,0.3,240,1,503,74.0,0.923,362,69.9,0.719,311,70.1,0.729
900,30,0,0.1,1.0,60,1,503,49.9,1.015,362,45.6,0.837,311,45.0,0.804
900,30,0,0.2,0.3,100000,1,503,71.6,1.084,362,65.5,0.85,311,65.9,0.864
900,30,0,0.2,1.0,240,1,503,47.5,0.932,362,46.1,0.832,311,47.3,0.863
900,30,1,0.1,0.5,60,1,438,56.4,0.658,299,62.2,0.945,266,59.4,0.835
900,30,1,0.1,1.0,100000,1,438,40.2,0.633,299,48.8,0.953,266,45.1,0.798
900,30,1,0.2,0.5,240,1,438,53.0,0.723,299,57.2,0.919,266,56.0,0.851
900,60,0,0.1,0.3,60,1,511,74.2,0.875,360,70.3,0.74,311,71.7,0.782
900,60,0,0.1,0.5,100000,1,511,65.6,0.946,360,61.9,0.84,311,62.7,0.835
900,60,0,0.2,0.3,240,1,511,71.8,1.098,360,65.3,0.818,311,66.2,0.791
900,60,0,0.2,1.0,60,1,511,46.8,0.871,360,47.2,0.862,311,47.9,0.855
900,60,1,0.1,0.3,100000,1,430,67.2,0.73,301,70.4,0.868,265,67.5,0.745
900,60,1,0.1,1.0,240,1,430,42.3,0.702,301,45.5,0.846,265,40.8,0.684
900,60,1,0.2,0.5,60,1,430,53.7,0.733,301,56.1,0.912,265,55.1,0.909
900,60,1,0.2,1.0,100000,1,430,44.0,0.775,301,48.5,0.993,265,46.8,0.951
900,120,0,0.1,0.5,240,1,514,67.7,1.073,365,61.6,0.861,317,61.5,0.855
900,120,0,0.2,0.3,60,1,514,73.7,1.163,365,64.9,0.811,317,65.6,0.833
900,120,0,0.2,0.5,100000,1,514,61.1,1.124,365,54.2,0.88,317,53.9,0.864
900,120,1,0.1,0.3,240,1,427,65.6,0.665,296,69.3,0.786,261,66.7,0.683
900,120,1,0.1,1.0,60,1,427,38.6,0.612,296,47.3,0.845,261,44.8,0.728
900,120,1,0.2,0.3,100000,1,427,62.8,0.687,296,68.9,0.979,261,68.2,0.953
900,120,1,0.2,1.0,240,1,427,41.9,0.716,296,50.3,1.048,261,50.2,1.03
900,-1,0,0.1,0.5,60,1,488,65.2,0.938,331,63.4,0.925,275,61.1,0.79
900,-1,0,0.1,1.0,100000,1,488,50.6,1.007,331,50.5,1.077,275,47.6,0.886
900,-1,0,0.2,0.5,240,1,488,59.0,1.095,331,58.3,1.112,275,57.5,1.021
900,-1,1,0.1,0.3,60,1,453,68.2,0.74,330,68.8,0.754,303,70.0,0.801
900,-1,1,0.1,0.5,100000,1,453,57.4,0.698,330,59.1,0.788,303,58.4,0.779
900,-1,1,0.2,0.3,240,1,453,65.8,0.754,330,66.4,0.811,303,66.7,0.854
900,-1,1,0.2,1.0,60,1,453,41.9,0.633,330,46.4,0.815,303,47.2,0.836
900,-2,0,0.1,0.3,100000,1,505,72.9,0.858,324,73.1,0.951,279,72.0,0.878
900,-2,0,0.1,1.0,240,1,505,51.3,1.01,324,47.8,0.981,279,45.9,0.876
900,-2,0,0.2,0.5,60,1,505,60.6,1.118,324,55.9,1.044,279,55.2,1.011
900,-2,0,0.2,1.0,100000,1,505,50.5,1.076,324,47.5,0.981,279,46.2,0.935
900,-2,1,0.1,0.5,240,1,436,56.4,0.683,337,59.6,0.764,299,56.9,0.689
900,-2,1,0.2,0.3,60,1,436,64.4,0.733,337,66.8,0.783,299,66.2,0.765
900,-2,1,0.2,0.5,100000,1,436,51.1,0.676,337,55.5,0.784,299,56.5,0.807
930,30,0,0.1,0.3,240,1,446,74.9,0.983,338,68.6,0.751,292,68.2,0.752
930,30,0,0.1,1.0,60,1,446,47.1,0.857,338,46.7,0.801,292,45.5,0.785
930,30,0,0.2,0.3,100000,1,446,63.2,0.814,338,59.5,0.766,292,61.3,0.81
930,30,0,0.2,1.0,240,1,446,49.1,0.87,338,46.7,0.841,292,45.5,0.811
930,30,1,0.1,0.5,60,1,495,64.6,0.911,323,62.8,1.004,285,66.7,1.22
930,30,1,0.1,1.0,100000,1,495,50.3,0.933,323,51.4,1.028,285,51.9,1.129
930,30,1,0.2,0.5,240,1,495,59.4,0.956,323,57.6,1.039,285,58.2,1.123
930,60,0,0.1,0.3,60,1,467,74.7,0.96,346,68.5,0.745,294,69.4,0.776
930,60,0,0.1,0.5,100000,1,467,63.6,0.936,346,58.4,0.801,294,59.5,0.842
930,60,0,0.2,0.3,240,1,467,63.2,0.808,346,61.3,0.867,294,61.6,0.886
930,60,0,0.2,1.0,60,1,467,49.7,0.965,346,50.0,0.954,294,49.3,0.984
930,60,1,0.1,0.3,100000,1,474,74.3,0.896,315,72.4,0.958,283,72.4,0.962
930,60,1,0.1,1.0,240,1,474,49.2,0.873,315,49.8,0.955,283,49.5,1.006
930,60,1,0.2,0.5,60,1,474,58.6,0.905,315,55.6,0.924,283,55.8,0.962
930,60,1,0.2,1.0,100000,1,474,50.2,0.781,315,50.5,1.006,283,49.1,0.995
930,120,0,0.1,0.5,240,1,506,62.5,0.915,348,56.9,0.746,296,57.4,0.773
930,120,0,0.2,0.3,60,1,506,63.4,0.837,348,60.1,0.779,296,60.8,0.824
930,120,0,0.2,0.5,100000,1,506,54.9,0.902,348,51.4,0.784,296,50.3,0.799
930,120,1,0.1,0.3,240,1,435,75.9,0.967,313,76.0,1.138,282,78.4,1.297
930,120,1,0.1,1.0,60,1,435,49.4,0.879,313,53.0,1.056,282,53.9,1.135
930,120,1,0.2,0.3,100000,1,435,69.0,0.874,313,64.9,0.983,282,67.0,1.05
930,120,1,0.2,1.0,240,1,435,50.1,0.8,313,53.7,1.207,282,53.5,1.249
930,-1,0,0.1,0.5,60,1,488,61.9,0.896,328,57.0,0.75,267,57.7,0.758
930,-1,0,0.1,1.0,100000,1,488,47.3,0.887,328,46.3,0.832,267,45.3,0.83
930,-1,0,0.2,0.5,240,1,488,54.5,0.872,328,53.0,0.889,267,51.7,0.885
930,-1,1,0.1,0.3,60,1,453,76.2,0.979,333,74.2,1.074,311,75.9,1.211
930,-1,1,0.1,0.5,100000,1,453,66.4,0.967,333,64.9,1.043,311,67.2,1.229
930,-1,1,0.2,0.3,240,1,453,69.3,0.897,333,64.9,0.938,311,67.5,1.047
930,-1,1,0.2,1.0,60,1,453,50.1,0.812,333,51.1,1.051,311,51.8,1.127
930,-2,0,0.1,0.3,100000,1,489,72.8,0.876,331,68.6,0.747,282,67.4,0.695
930,-2,0,0.1,1.0,240,1,489,47.2,0.901,331,46.2,0.852,282,45.4,0.851
930,-2,0,0.2,0.5,60,1,489,54.6,0.898,331,51.7,0.888,282,50.7,0.883
930,-2,0,0.2,1.0,100000,1,489,49.1,0.889,331,46.8,0.874,282,45.0,0.874
930,-2,1,0.1,0.5,240,1,452,66.6,0.976,330,63.9,0.955,296,66.6,1.145
930,-2,1,0.2,0.3,60,1,452,69.2,0.885,330,65.2,0.894,296,67.6,1.0
930,-2,1,0.2,0.5,100000,1,452,58.4,0.866,330,57.6,0.95,296,58.4,1.026
