tf,N,zk,lk,stop,exit,trail,win,trend_only,IS_n,IS_wr,IS_pf,C24_n,C24_wr,C24_pf,REAL_n,REAL_wr,REAL_pf
1,10,2.0,1.0,zone,2R,2.0,480-600,0,776,31.1,0.79,496,31.7,0.78,526,31.7,0.76
1,10,2.0,1.0,zone,2R,2.0,480-600,1,404,34.2,0.87,267,30.0,0.71,256,29.7,0.7
1,10,2.0,1.0,zone,2R,2.0,570-690,0,795,34.7,0.85,585,34.2,0.82,607,33.3,0.85
1,10,2.0,1.0,zone,2R,2.0,570-690,1,409,35.0,0.82,309,35.9,0.88,292,35.3,0.91
1,10,2.0,1.0,zone,2R,2.0,570-900,0,1744,32.7,0.86,1221,31.8,0.87,1203,30.8,0.87
1,10,2.0,1.0,zone,2R,2.0,570-900,1,1125,32.4,0.87,813,34.6,0.95,748,32.5,0.93
1,10,2.0,1.0,zone,BE+trail,2.0,480-600,0,787,41.0,0.7,507,44.0,0.86,540,44.3,0.78
1,10,2.0,1.0,zone,BE+trail,2.0,480-600,1,408,45.1,0.84,270,41.9,0.78,259,40.5,0.64
1,10,2.0,1.0,zone,BE+trail,2.0,570-690,0,820,46.1,0.84,603,44.1,0.77,630,42.9,0.75
1,10,2.0,1.0,zone,BE+trail,2.0,570-690,1,416,45.9,0.79,312,46.8,0.9,298,45.6,0.88
1,10,2.0,1.0,zone,BE+trail,2.0,570-900,0,1787,45.9,0.84,1249,45.1,0.86,1238,43.8,0.81
1,10,2.0,1.0,zone,BE+trail,2.0,570-900,1,1144,44.6,0.8,830,48.1,1.0,769,46.7,0.93
1,10,2.0,1.0,zone,BE+trail,3.0,480-600,0,778,30.7,0.75,504,34.1,0.86,537,33.1,0.71
1,10,2.0,1.0,zone,BE+trail,3.0,480-600,1,406,34.5,0.8,270,32.6,0.77,259,29.3,0.6
1,10,2.0,1.0,zone,BE+trail,3.0,570-690,0,805,38.6,0.84,592,37.7,0.75,619,36.8,0.73
1,10,2.0,1.0,zone,BE+trail,3.0,570-690,1,411,40.4,0.79,311,40.5,0.88,296,40.2,0.86
1,10,2.0,1.0,zone,BE+trail,3.0,570-900,0,1775,37.8,0.85,1244,37.4,0.81,1233,36.2,0.78
1,10,2.0,1.0,zone,BE+trail,3.0,570-900,1,1138,37.8,0.84,825,40.7,0.93,764,39.0,0.88
1,10,2.0,1.0,zone,BE+trail+scale,2.0,480-600,0,787,24.8,0.71,507,28.4,0.95,540,27.0,0.8
1,10,2.0,1.0,zone,BE+trail+scale,2.0,480-600,1,408,28.2,0.89,270,26.3,0.88,259,22.8,0.66
1,10,2.0,1.0,zone,BE+trail+scale,2.0,570-690,0,820,31.3,0.84,603,32.5,0.79,630,30.6,0.73
1,10,2.0,1.0,zone,BE+trail+scale,2.0,570-690,1,416,33.2,0.83,312,35.9,0.91,298,33.9,0.83
1,10,2.0,1.0,zone,BE+trail+scale,2.0,570-900,0,1787,30.5,0.87,1249,31.2,0.87,1238,29.8,0.78
1,10,2.0,1.0,zone,BE+trail+scale,2.0,570-900,1,1144,30.9,0.82,830,34.1,1.02,769,33.0,0.86
1,10,2.0,1.0,zone,BE+trail+scale,3.0,480-600,0,778,21.6,0.81,504,22.4,0.96,537,22.3,0.73
1,10,2.0,1.0,zone,BE+trail+scale,3.0,480-600,1,406,23.4,0.84,270,21.9,0.87,259,19.3,0.64
1,10,2.0,1.0,zone,BE+trail+scale,3.0,570-690,0,805,26.7,0.86,592,24.3,0.77,619,23.6,0.73
1,10,2.0,1.0,zone,BE+trail+scale,3.0,570-690,1,411,29.2,0.84,311,28.0,0.89,296,27.0,0.8
1,10,2.0,1.0,zone,BE+trail+scale,3.0,570-900,0,1775,25.9,0.89,1244,24.0,0.8,1233,23.4,0.74
1,10,2.0,1.0,zone,BE+trail+scale,3.0,570-900,1,1138,25.8,0.92,825,26.7,0.91,764,25.4,0.8
1,10,2.0,1.0,leg,2R,2.0,480-600,0,818,28.0,0.62,526,30.4,0.68,557,31.2,0.71
1,10,2.0,1.0,leg,2R,2.0,480-600,1,419,29.8,0.61,278,29.5,0.67,263,28.9,0.61
1,10,2.0,1.0,leg,2R,2.0,570-690,0,872,30.0,0.76,645,29.6,0.71,677,28.4,0.72
1,10,2.0,1.0,leg,2R,2.0,570-690,1,432,29.6,0.75,330,32.4,0.8,311,31.8,0.91
1,10,2.0,1.0,leg,2R,2.0,570-900,0,1802,30.1,0.76,1270,30.2,0.75,1251,27.4,0.69
1,10,2.0,1.0,leg,2R,2.0,570-900,1,1169,29.9,0.79,844,33.4,0.86,783,30.3,0.83
1,10,2.0,1.0,leg,BE+trail,2.0,480-600,0,818,26.0,0.62,526,28.1,0.72,558,27.1,0.66
1,10,2.0,1.0,leg,BE+trail,2.0,480-600,1,420,28.6,0.72,279,29.0,0.77,265,24.5,0.48
1,10,2.0,1.0,leg,BE+trail,2.0,570-690,0,878,31.2,0.75,648,29.6,0.76,680,26.0,0.71
1,10,2.0,1.0,leg,BE+trail,2.0,570-690,1,430,31.6,0.78,329,32.2,0.82,310,29.4,0.77
1,10,2.0,1.0,leg,BE+trail,2.0,570-900,0,1806,29.0,0.74,1272,29.4,0.82,1254,25.9,0.72
1,10,2.0,1.0,leg,BE+trail,2.0,570-900,1,1169,28.6,0.77,845,32.4,0.96,784,28.4,0.82
1,10,2.0,1.0,leg,BE+trail,3.0,480-600,0,813,17.2,0.58,526,19.2,0.69,556,18.5,0.58
1,10,2.0,1.0,leg,BE+trail,3.0,480-600,1,419,19.3,0.67,279,19.4,0.69,265,14.3,0.37
1,10,2.0,1.0,leg,BE+trail,3.0,570-690,0,864,21.4,0.74,642,21.7,0.7,674,19.7,0.62
1,10,2.0,1.0,leg,BE+trail,3.0,570-690,1,425,23.3,0.76,328,23.5,0.74,310,20.3,0.61
1,10,2.0,1.0,leg,BE+trail,3.0,570-900,0,1798,20.4,0.75,1271,21.2,0.77,1253,18.7,0.65
1,10,2.0,1.0,leg,BE+trail,3.0,570-900,1,1165,20.9,0.8,844,23.7,0.87,783,19.7,0.7
1,10,2.0,1.0,leg,BE+trail+scale,2.0,480-600,0,818,16.7,0.63,526,19.4,0.81,558,18.3,0.71
1,10,2.0,1.0,leg,BE+trail+scale,2.0,480-600,1,420,19.3,0.78,279,19.4,0.9,265,14.7,0.52
1,10,2.0,1.0,leg,BE+trail+scale,2.0,570-690,0,878,21.9,0.77,648,21.6,0.83,680,19.3,0.76
1,10,2.0,1.0,leg,BE+trail+scale,2.0,570-690,1,430,23.3,0.86,329,23.4,0.92,310,20.3,0.79
1,10,2.0,1.0,leg,BE+trail+scale,2.0,570-900,0,1806,20.4,0.76,1272,20.8,0.88,1254,18.5,0.75
1,10,2.0,1.0,leg,BE+trail+scale,2.0,570-900,1,1169,20.4,0.82,845,23.3,1.07,784,19.8,0.84
1,10,2.0,1.0,leg,BE+trail+scale,3.0,480-600,0,813,14.4,0.59,526,15.8,0.77,556,14.7,0.61
1,10,2.0,1.0,leg,BE+trail+scale,3.0,480-600,1,419,15.0,0.73,279,16.1,0.78,265,11.7,0.4
1,10,2.0,1.0,leg,BE+trail+scale,3.0,570-690,0,864,16.9,0.78,642,16.7,0.76,674,14.7,0.65
1,10,2.0,1.0,leg,BE+trail+scale,3.0,570-690,1,425,19.3,0.84,328,18.3,0.82,310,15.5,0.58
1,10,2.0,1.0,leg,BE+trail+scale,3.0,570-900,0,1798,15.9,0.8,1271,16.4,0.83,1253,14.4,0.67
1,10,2.0,1.0,leg,BE+trail+scale,3.0,570-900,1,1165,16.5,0.88,844,19.3,0.93,783,15.6,0.7
1,10,2.0,1.5,zone,2R,2.0,480-600,0,408,30.1,0.76,248,30.6,0.73,270,29.6,0.61
1,10,2.0,1.5,zone,2R,2.0,480-600,1,201,32.8,0.76,127,30.7,0.68,122,29.5,0.6
1,10,2.0,1.5,zone,2R,2.0,570-690,0,388,33.8,0.83,245,34.3,0.8,256,32.4,0.82
1,10,2.0,1.5,zone,2R,2.0,570-690,1,172,32.0,0.69,118,33.1,0.73,116,34.5,0.97
1,10,2.0,1.5,zone,2R,2.0,570-900,0,1053,31.2,0.81,659,29.0,0.76,680,30.0,0.8
1,10,2.0,1.5,zone,2R,2.0,570-900,1,532,33.1,0.87,331,30.2,0.79,312,31.4,0.97
1,10,2.0,1.5,zone,BE+trail,2.0,480-600,0,412,40.5,0.67,254,43.7,0.76,275,45.1,0.69
1,10,2.0,1.5,zone,BE+trail,2.0,480-600,1,204,43.6,0.72,128,44.5,0.79,123,44.7,0.65
1,10,2.0,1.5,zone,BE+trail,2.0,570-690,0,391,46.0,0.84,249,42.6,0.69,258,41.9,0.68
1,10,2.0,1.5,zone,BE+trail,2.0,570-690,1,173,43.9,0.69,118,43.2,0.64,116,43.1,0.79
1,10,2.0,1.5,zone,BE+trail,2.0,570-900,0,1075,45.0,0.82,678,42.6,0.77,697,44.3,0.75
1,10,2.0,1.5,zone,BE+trail,2.0,570-900,1,536,45.7,0.82,334,44.0,0.81,316,44.9,0.86
1,10,2.0,1.5,zone,BE+trail,3.0,480-600,0,411,30.2,0.71,254,35.4,0.73,274,35.0,0.65
1,10,2.0,1.5,zone,BE+trail,3.0,480-600,1,204,32.4,0.69,128,35.9,0.71,123,31.7,0.61
1,10,2.0,1.5,zone,BE+trail,3.0,570-690,0,390,36.9,0.84,247,38.1,0.66,257,35.8,0.64
1,10,2.0,1.5,zone,BE+trail,3.0,570-690,1,173,35.3,0.63,118,37.3,0.61,116,38.8,0.71
1,10,2.0,1.5,zone,BE+trail,3.0,570-900,0,1066,37.2,0.87,676,36.4,0.74,695,36.1,0.67
1,10,2.0,1.5,zone,BE+trail,3.0,570-900,1,533,38.1,0.88,334,38.0,0.77,316,38.6,0.84
1,10,2.0,1.5,zone,BE+trail+scale,2.0,480-600,0,412,24.8,0.71,254,27.6,0.8,275,27.6,0.66
1,10,2.0,1.5,zone,BE+trail+scale,2.0,480-600,1,204,26.0,0.77,128,27.3,0.92,123,23.6,0.65
1,10,2.0,1.5,zone,BE+trail+scale,2.0,570-690,0,391,30.2,0.84,249,31.7,0.68,258,27.5,0.66
1,10,2.0,1.5,zone,BE+trail+scale,2.0,570-690,1,173,28.9,0.72,118,30.5,0.6,116,30.2,0.74
1,10,2.0,1.5,zone,BE+trail+scale,2.0,570-900,0,1075,30.4,0.84,678,29.6,0.77,697,28.6,0.7
1,10,2.0,1.5,zone,BE+trail+scale,2.0,570-900,1,536,31.9,0.85,334,31.7,0.81,316,32.0,0.79
1,10,2.0,1.5,zone,BE+trail+scale,3.0,480-600,0,411,20.9,0.79,254,22.4,0.77,274,22.6,0.64
1,10,2.0,1.5,zone,BE+trail+scale,3.0,480-600,1,204,21.6,0.75,128,21.9,0.79,123,19.5,0.64
1,10,2.0,1.5,zone,BE+trail+scale,3.0,570-690,0,390,26.4,0.86,247,22.3,0.68,257,20.6,0.62
1,10,2.0,1.5,zone,BE+trail+scale,3.0,570-690,1,173,27.7,0.65,118,22.0,0.6,116,23.3,0.64
1,10,2.0,1.5,zone,BE+trail+scale,3.0,570-900,0,1066,25.8,0.93,676,22.9,0.75,695,22.2,0.62
1,10,2.0,1.5,zone,BE+trail+scale,3.0,570-900,1,533,27.6,0.96,334,24.6,0.76,316,24.4,0.79
1,10,2.0,1.5,leg,2R,2.0,480-600,0,417,26.4,0.6,254,32.7,0.75,278,32.7,0.7
1,10,2.0,1.5,leg,2R,2.0,480-600,1,204,26.0,0.54,129,35.7,0.8,123,33.3,0.67
1,10,2.0,1.5,leg,2R,2.0,570-690,0,400,28.7,0.73,250,30.8,0.72,261,28.7,0.72
1,10,2.0,1.5,leg,2R,2.0,570-690,1,176,25.0,0.63,121,33.1,0.81,117,32.5,0.96
1,10,2.0,1.5,leg,2R,2.0,570-900,0,1089,28.9,0.73,683,28.7,0.71,698,28.4,0.7
1,10,2.0,1.5,leg,2R,2.0,570-900,1,541,29.8,0.79,335,32.8,0.85,318,29.6,0.86
1,10,2.0,1.5,leg,BE+trail,2.0,480-600,0,418,29.9,0.63,255,34.1,0.68,278,33.1,0.59
1,10,2.0,1.5,leg,BE+trail,2.0,480-600,1,206,32.0,0.66,129,38.0,0.86,123,34.1,0.55
1,10,2.0,1.5,leg,BE+trail,2.0,570-690,0,404,33.9,0.65,252,34.1,0.63,263,31.6,0.65
1,10,2.0,1.5,leg,BE+trail,2.0,570-690,1,176,33.0,0.64,120,36.7,0.56,117,35.9,0.69
1,10,2.0,1.5,leg,BE+trail,2.0,570-900,0,1096,33.1,0.7,686,34.3,0.76,705,32.5,0.7
1,10,2.0,1.5,leg,BE+trail,2.0,570-900,1,546,35.9,0.8,335,38.5,0.87,317,34.7,0.78
1,10,2.0,1.5,leg,BE+trail,3.0,480-600,0,417,19.7,0.57,255,25.1,0.69,277,24.2,0.52
1,10,2.0,1.5,leg,BE+trail,3.0,480-600,1,206,20.4,0.63,129,28.7,0.81,123,21.1,0.41
1,10,2.0,1.5,leg,BE+trail,3.0,570-690,0,401,23.4,0.63,252,25.0,0.56,263,23.2,0.53
1,10,2.0,1.5,leg,BE+trail,3.0,570-690,1,175,23.4,0.56,120,24.2,0.45,117,24.8,0.52
1,10,2.0,1.5,leg,BE+trail,3.0,570-900,0,1091,23.9,0.75,685,24.2,0.71,705,22.0,0.59
1,10,2.0,1.5,leg,BE+trail,3.0,570-900,1,544,25.2,0.84,335,27.8,0.75,317,23.7,0.72
1,10,2.0,1.5,leg,BE+trail+scale,2.0,480-600,0,418,18.2,0.6,255,23.1,0.77,278,22.7,0.63
1,10,2.0,1.5,leg,BE+trail+scale,2.0,480-600,1,206,18.9,0.66,129,27.1,1.07,123,21.1,0.63
1,10,2.0,1.5,leg,BE+trail+scale,2.0,570-690,0,404,22.3,0.65,252,23.4,0.68,263,20.5,0.69
1,10,2.0,1.5,leg,BE+trail+scale,2.0,570-690,1,176,22.2,0.7,120,21.7,0.58,117,21.4,0.67
1,10,2.0,1.5,leg,BE+trail+scale,2.0,570-900,0,1096,22.4,0.72,686,23.2,0.87,705,20.9,0.74
1,10,2.0,1.5,leg,BE+trail+scale,2.0,570-900,1,546,23.4,0.85,335,25.7,0.98,317,22.1,0.79
1,10,2.0,1.5,leg,BE+trail+scale,3.0,480-600,0,417,14.6,0.56,255,20.8,0.79,277,19.5,0.55
1,10,2.0,1.5,leg,BE+trail+scale,3.0,480-600,1,206,14.1,0.65,129,24.0,0.99,123,16.3,0.45
1,10,2.0,1.5,leg,BE+trail+scale,3.0,570-690,0,401,18.0,0.65,252,17.5,0.59,263,14.1,0.53
1,10,2.0,1.5,leg,BE+trail+scale,3.0,570-690,1,175,20.6,0.6,120,16.7,0.44,117,13.7,0.45
1,10,2.0,1.5,leg,BE+trail+scale,3.0,570-900,0,1091,18.4,0.81,685,18.0,0.81,705,15.6,0.6
1,10,2.0,1.5,leg,BE+trail+scale,3.0,570-900,1,544,19.9,0.92,335,21.2,0.8,317,16.1,0.72
1,10,3.0,1.0,zone,2R,2.0,480-600,0,1988,33.5,0.88,1359,32.3,0.88,1306,32.5,0.93
1,10,3.0,1.0,zone,2R,2.0,480-600,1,1526,35.0,0.92,1078,34.6,0.95,934,33.6,0.94
1,10,3.0,1.0,zone,2R,2.0,570-690,0,1846,36.9,0.93,1242,39.7,1.12,1200,39.0,1.1
1,10,3.0,1.0,zone,2R,2.0,570-690,1,1457,38.6,0.94,979,40.7,1.03,863,39.3,0.97
1,10,3.0,1.0,zone,2R,2.0,570-900,0,2005,33.9,0.95,1366,35.8,1.09,1319,36.2,1.09
1,10,3.0,1.0,zone,2R,2.0,570-900,1,1869,34.1,0.96,1312,36.1,1.02,1144,34.7,0.96
1,10,3.0,1.0,zone,BE+trail,2.0,480-600,0,2036,47.2,0.82,1392,47.2,0.95,1339,48.1,0.94
1,10,3.0,1.0,zone,BE+trail,2.0,480-600,1,1602,47.6,0.85,1109,49.1,1.03,972,49.4,0.98
1,10,3.0,1.0,zone,BE+trail,2.0,570-690,0,1991,47.8,0.89,1349,51.1,1.08,1308,49.8,1.02
1,10,3.0,1.0,zone,BE+trail,2.0,570-690,1,1572,47.6,0.88,1054,51.3,1.03,924,49.9,0.97
1,10,3.0,1.0,zone,BE+trail,2.0,570-900,0,2053,48.1,0.91,1407,50.1,1.06,1357,49.5,1.0
1,10,3.0,1.0,zone,BE+trail,2.0,570-900,1,1929,47.7,0.88,1361,50.6,1.0,1189,50.1,0.98
1,10,3.0,1.0,zone,BE+trail,3.0,480-600,0,2023,41.8,0.9,1387,42.0,0.94,1327,43.0,0.98
1,10,3.0,1.0,zone,BE+trail,3.0,480-600,1,1568,41.5,0.87,1093,43.4,1.06,957,42.5,1.01
1,10,3.0,1.0,zone,BE+trail,3.0,570-690,0,1961,44.9,0.93,1326,47.3,1.06,1281,46.1,1.01
1,10,3.0,1.0,zone,BE+trail,3.0,570-690,1,1522,46.4,0.89,1026,48.3,1.01,905,46.4,0.94
1,10,3.0,1.0,zone,BE+trail,3.0,570-900,0,2053,45.3,0.96,1407,46.5,1.02,1357,46.1,0.99
1,10,3.0,1.0,zone,BE+trail,3.0,570-900,1,1928,46.3,0.89,1359,47.4,0.97,1188,46.5,0.93
1,10,3.0,1.0,zone,BE+trail+scale,2.0,480-600,0,2036,30.9,0.8,1392,33.0,0.99,1339,33.8,0.93
1,10,3.0,1.0,zone,BE+trail+scale,2.0,480-600,1,1602,32.5,0.86,1109,35.5,1.1,972,33.7,1.02
1,10,3.0,1.0,zone,BE+trail+scale,2.0,570-690,0,1991,37.3,0.89,1349,40.7,1.1,1308,39.1,1.03
1,10,3.0,1.0,zone,BE+trail+scale,2.0,570-690,1,1572,39.1,0.87,1054,42.5,1.01,924,39.3,0.93
1,10,3.0,1.0,zone,BE+trail+scale,2.0,570-900,0,2053,37.4,0.91,1407,39.4,1.08,1357,38.9,1.0
1,10,3.0,1.0,zone,BE+trail+scale,2.0,570-900,1,1929,38.8,0.87,1361,41.2,0.97,1189,39.4,0.94
1,10,3.0,1.0,zone,BE+trail+scale,3.0,480-600,0,2023,26.5,0.92,1387,27.1,0.97,1327,25.8,0.98
1,10,3.0,1.0,zone,BE+trail+scale,3.0,480-600,1,1568,26.7,0.92,1093,30.1,1.16,957,26.0,1.07
1,10,3.0,1.0,zone,BE+trail+scale,3.0,570-690,0,1961,31.8,0.95,1326,33.2,1.07,1281,31.9,1.02
1,10,3.0,1.0,zone,BE+trail+scale,3.0,570-690,1,1522,33.7,0.89,1026,33.1,0.96,905,30.7,0.88
1,10,3.0,1.0,zone,BE+trail+scale,3.0,570-900,0,2053,31.5,0.96,1407,32.0,1.02,1357,31.5,0.99
1,10,3.0,1.0,zone,BE+trail+scale,3.0,570-900,1,1928,32.7,0.88,1359,31.7,0.9,1188,31.0,0.86
1,10,3.0,1.0,leg,2R,2.0,480-600,0,2046,30.3,0.71,1403,31.1,0.77,1350,32.4,0.86
1,10,3.0,1.0,leg,2R,2.0,480-600,1,1668,31.4,0.8,1169,31.6,0.81,1023,31.5,0.79
1,10,3.0,1.0,leg,2R,2.0,570-690,0,2049,31.4,0.85,1393,33.4,0.94,1338,33.5,0.97
1,10,3.0,1.0,leg,2R,2.0,570-690,1,1685,31.8,0.88,1143,34.8,0.96,1004,34.7,0.99
1,10,3.0,1.0,leg,2R,2.0,570-900,0,2062,31.3,0.86,1409,33.3,0.95,1356,33.2,0.96
1,10,3.0,1.0,leg,2R,2.0,570-900,1,1941,31.9,0.89,1368,34.1,0.96,1195,33.8,0.97
1,10,3.0,1.0,leg,BE+trail,2.0,480-600,0,2052,28.6,0.67,1406,30.4,0.87,1356,28.5,0.85
1,10,3.0,1.0,leg,BE+trail,2.0,480-600,1,1681,30.3,0.78,1174,30.7,0.91,1030,28.4,0.77
1,10,3.0,1.0,leg,BE+trail,2.0,570-690,0,2058,33.6,0.84,1404,33.4,0.98,1352,32.4,0.95
1,10,3.0,1.0,leg,BE+trail,2.0,570-690,1,1697,32.4,0.87,1149,34.6,0.99,1010,33.8,0.95
1,10,3.0,1.0,leg,BE+trail,2.0,570-900,0,2062,33.6,0.83,1412,33.5,0.99,1360,32.5,0.96
1,10,3.0,1.0,leg,BE+trail,2.0,570-900,1,1941,31.9,0.85,1370,33.9,0.97,1197,32.4,0.94
1,10,3.0,1.0,leg,BE+trail,3.0,480-600,0,2046,20.9,0.7,1405,22.3,0.87,1354,21.3,0.84
1,10,3.0,1.0,leg,BE+trail,3.0,480-600,1,1665,22.5,0.84,1163,23.1,1.04,1025,21.4,0.83
1,10,3.0,1.0,leg,BE+trail,3.0,570-690,0,2047,24.4,0.83,1394,24.0,0.99,1341,23.4,0.97
1,10,3.0,1.0,leg,BE+trail,3.0,570-690,1,1669,23.8,0.88,1129,24.4,0.92,993,23.3,0.88
1,10,3.0,1.0,leg,BE+trail,3.0,570-900,0,2062,24.4,0.83,1412,23.9,0.99,1360,23.4,0.97
1,10,3.0,1.0,leg,BE+trail,3.0,570-900,1,1941,23.0,0.85,1370,23.7,0.91,1197,22.7,0.85
1,10,3.0,1.0,leg,BE+trail+scale,2.0,480-600,0,2052,19.9,0.68,1406,21.6,0.95,1356,20.7,0.87
1,10,3.0,1.0,leg,BE+trail+scale,2.0,480-600,1,1681,21.1,0.79,1174,21.7,1.0,1030,20.4,0.8
1,10,3.0,1.0,leg,BE+trail+scale,2.0,570-690,0,2058,23.7,0.86,1404,24.3,1.04,1352,22.9,0.97
1,10,3.0,1.0,leg,BE+trail+scale,2.0,570-690,1,1697,23.3,0.89,1149,25.0,1.0,1010,23.7,0.97
1,10,3.0,1.0,leg,BE+trail+scale,2.0,570-900,0,2062,23.6,0.85,1412,24.4,1.05,1360,23.0,0.98
1,10,3.0,1.0,leg,BE+trail+scale,2.0,570-900,1,1941,22.7,0.87,1370,24.3,0.98,1197,23.0,0.95
1,10,3.0,1.0,leg,BE+trail+scale,3.0,480-600,0,2046,15.5,0.74,1405,17.6,0.93,1354,17.1,0.86
1,10,3.0,1.0,leg,BE+trail+scale,3.0,480-600,1,1665,16.8,0.9,1163,19.1,1.17,1025,16.4,0.9
1,10,3.0,1.0,leg,BE+trail+scale,3.0,570-690,0,2047,18.5,0.86,1394,19.2,1.07,1341,18.6,1.01
1,10,3.0,1.0,leg,BE+trail+scale,3.0,570-690,1,1669,19.1,0.91,1129,19.1,0.91,993,17.8,0.87
1,10,3.0,1.0,leg,BE+trail+scale,3.0,570-900,0,2062,18.5,0.86,1412,19.1,1.07,1360,18.6,1.01
1,10,3.0,1.0,leg,BE+trail+scale,3.0,570-900,1,1941,18.3,0.89,1370,18.3,0.91,1197,17.3,0.84
1,10,3.0,1.5,zone,2R,2.0,480-600,0,1742,32.9,0.85,1154,32.7,0.93,1128,32.8,0.95
1,10,3.0,1.5,zone,2R,2.0,480-600,1,1046,35.5,0.93,739,34.9,1.06,650,33.7,1.0
1,10,3.0,1.5,zone,2R,2.0,570-690,0,1548,37.1,0.94,993,37.5,0.99,970,37.0,0.95
1,10,3.0,1.5,zone,2R,2.0,570-690,1,876,39.4,1.0,552,36.4,0.91,508,37.0,0.89
1,10,3.0,1.5,zone,2R,2.0,570-900,0,1987,34.4,0.98,1336,34.4,0.99,1297,34.4,0.96
1,10,3.0,1.5,zone,2R,2.0,570-900,1,1640,34.1,0.97,1075,34.9,0.95,940,34.1,0.93
1,10,3.0,1.5,zone,BE+trail,2.0,480-600,0,1802,45.9,0.8,1206,47.8,0.95,1174,48.0,0.93
1,10,3.0,1.5,zone,BE+trail,2.0,480-600,1,1105,46.9,0.82,760,49.9,1.16,672,50.0,1.04
1,10,3.0,1.5,zone,BE+trail,2.0,570-690,0,1640,47.7,0.93,1055,48.7,0.97,1033,48.1,0.92
1,10,3.0,1.5,zone,BE+trail,2.0,570-690,1,914,47.4,0.97,569,47.5,0.9,525,47.6,0.88
1,10,3.0,1.5,zone,BE+trail,2.0,570-900,0,2039,48.0,0.94,1394,48.1,0.95,1346,48.4,0.9
1,10,3.0,1.5,zone,BE+trail,2.0,570-900,1,1699,45.9,0.87,1128,48.9,0.9,988,49.1,0.9
1,10,3.0,1.5,zone,BE+trail,3.0,480-600,0,1779,39.9,0.84,1194,42.3,0.91,1160,41.9,0.89
1,10,3.0,1.5,zone,BE+trail,3.0,480-600,1,1080,40.8,0.82,746,44.6,1.13,662,43.4,1.06
1,10,3.0,1.5,zone,BE+trail,3.0,570-690,0,1604,43.7,0.97,1026,44.8,0.93,1002,44.0,0.9
1,10,3.0,1.5,zone,BE+trail,3.0,570-690,1,893,44.6,0.96,561,45.3,0.86,515,44.7,0.9
1,10,3.0,1.5,zone,BE+trail,3.0,570-900,0,2037,43.9,0.98,1392,44.5,0.89,1344,44.6,0.88
1,10,3.0,1.5,zone,BE+trail,3.0,570-900,1,1695,43.1,0.88,1121,46.1,0.88,985,45.4,0.89
1,10,3.0,1.5,zone,BE+trail+scale,2.0,480-600,0,1802,30.9,0.8,1206,34.3,1.0,1174,33.4,0.93
1,10,3.0,1.5,zone,BE+trail+scale,2.0,480-600,1,1105,31.5,0.83,760,37.8,1.25,672,34.4,1.05
1,10,3.0,1.5,zone,BE+trail+scale,2.0,570-690,0,1640,37.6,0.94,1055,39.3,0.97,1033,37.5,0.9
1,10,3.0,1.5,zone,BE+trail+scale,2.0,570-690,1,914,40.4,1.03,569,39.0,0.86,525,37.7,0.85
1,10,3.0,1.5,zone,BE+trail+scale,2.0,570-900,0,2039,37.4,0.95,1394,38.1,0.92,1346,36.7,0.86
1,10,3.0,1.5,zone,BE+trail+scale,2.0,570-900,1,1699,37.6,0.89,1128,38.4,0.84,988,38.2,0.86
1,10,3.0,1.5,zone,BE+trail+scale,3.0,480-600,0,1779,25.5,0.88,1194,26.5,0.94,1160,25.9,0.87
1,10,3.0,1.5,zone,BE+trail+scale,3.0,480-600,1,1080,26.5,0.85,746,30.3,1.17,662,27.0,1.06
1,10,3.0,1.5,zone,BE+trail+scale,3.0,570-690,0,1604,32.3,1.0,1026,30.3,0.93,1002,28.8,0.89
1,10,3.0,1.5,zone,BE+trail+scale,3.0,570-690,1,893,35.6,1.0,561,30.1,0.8,515,28.9,0.89
1,10,3.0,1.5,zone,BE+trail+scale,3.0,570-900,0,2037,31.5,1.01,1392,29.0,0.87,1344,28.6,0.86
1,10,3.0,1.5,zone,BE+trail+scale,3.0,570-900,1,1695,31.4,0.9,1121,29.8,0.81,985,28.5,0.85
1,10,3.0,1.5,leg,2R,2.0,480-600,0,1847,31.0,0.76,1234,32.6,0.84,1205,33.5,0.91
1,10,3.0,1.5,leg,2R,2.0,480-600,1,1150,31.3,0.81,795,34.2,0.96,701,33.4,0.9
1,10,3.0,1.5,leg,2R,2.0,570-690,0,1695,31.7,0.89,1089,32.5,0.92,1068,33.3,0.93
1,10,3.0,1.5,leg,2R,2.0,570-690,1,952,31.3,0.88,594,32.8,0.87,550,34.0,0.92
1,10,3.0,1.5,leg,2R,2.0,570-900,0,2054,31.2,0.87,1403,31.8,0.9,1348,32.2,0.9
1,10,3.0,1.5,leg,2R,2.0,570-900,1,1725,30.3,0.84,1146,34.1,0.92,1012,33.3,0.9
1,10,3.0,1.5,leg,BE+trail,2.0,480-600,0,1868,34.2,0.71,1250,37.4,0.95,1221,36.9,0.96
1,10,3.0,1.5,leg,BE+trail,2.0,480-600,1,1169,35.8,0.74,807,38.4,1.04,708,37.9,0.96
1,10,3.0,1.5,leg,BE+trail,2.0,570-690,0,1725,39.2,0.91,1111,38.3,0.94,1086,37.6,0.93
1,10,3.0,1.5,leg,BE+trail,2.0,570-690,1,964,38.7,0.93,602,39.9,0.92,559,38.8,0.88
1,10,3.0,1.5,leg,BE+trail,2.0,570-900,0,2056,37.8,0.88,1408,37.9,0.9,1354,37.4,0.89
1,10,3.0,1.5,leg,BE+trail,2.0,570-900,1,1736,36.6,0.82,1159,41.1,0.94,1019,38.1,0.86
1,10,3.0,1.5,leg,BE+trail,3.0,480-600,0,1855,24.7,0.73,1238,27.9,0.93,1209,27.0,0.95
1,10,3.0,1.5,leg,BE+trail,3.0,480-600,1,1150,26.3,0.73,792,29.8,1.05,697,27.8,1.0
1,10,3.0,1.5,leg,BE+trail,3.0,570-690,0,1702,28.6,0.96,1090,28.1,0.9,1064,27.3,0.9
1,10,3.0,1.5,leg,BE+trail,3.0,570-690,1,944,29.1,0.96,593,30.0,0.86,549,28.2,0.91
1,10,3.0,1.5,leg,BE+trail,3.0,570-900,0,2054,27.6,0.91,1408,27.1,0.84,1353,27.1,0.87
1,10,3.0,1.5,leg,BE+trail,3.0,570-900,1,1734,27.0,0.82,1156,30.4,0.87,1016,27.1,0.84
1,10,3.0,1.5,leg,BE+trail+scale,2.0,480-600,0,1868,21.9,0.67,1250,26.3,1.07,1221,25.7,1.01
1,10,3.0,1.5,leg,BE+trail+scale,2.0,480-600,1,1169,23.9,0.73,807,27.8,1.16,708,25.8,1.02
1,10,3.0,1.5,leg,BE+trail+scale,2.0,570-690,0,1725,26.1,0.89,1111,27.2,0.99,1086,25.4,0.97
1,10,3.0,1.5,leg,BE+trail+scale,2.0,570-690,1,964,26.9,0.95,602,28.4,0.91,559,25.6,0.9
1,10,3.0,1.5,leg,BE+trail+scale,2.0,570-900,0,2056,25.1,0.86,1408,26.4,0.95,1354,25.2,0.9
1,10,3.0,1.5,leg,BE+trail+scale,2.0,570-900,1,1736,24.6,0.84,1159,29.0,0.95,1019,25.2,0.86
1,10,3.0,1.5,leg,BE+trail+scale,3.0,480-600,0,1855,17.1,0.72,1238,22.0,1.03,1209,21.8,1.01
1,10,3.0,1.5,leg,BE+trail+scale,3.0,480-600,1,1150,18.2,0.74,792,24.1,1.16,697,22.1,1.06
1,10,3.0,1.5,leg,BE+trail+scale,3.0,570-690,0,1702,21.3,0.97,1090,20.9,0.94,1064,19.5,0.94
1,10,3.0,1.5,leg,BE+trail+scale,3.0,570-690,1,944,23.2,1.0,593,21.4,0.86,549,19.9,0.95
1,10,3.0,1.5,leg,BE+trail+scale,3.0,570-900,0,2054,20.3,0.92,1408,19.9,0.87,1353,18.8,0.89
1,10,3.0,1.5,leg,BE+trail+scale,3.0,570-900,1,1734,20.5,0.85,1156,21.5,0.86,1016,18.5,0.84
1,20,2.0,1.0,zone,2R,2.0,480-600,0,3,33.3,,2,0.0,,3,33.3,
1,20,2.0,1.0,zone,2R,2.0,480-600,1,1,0.0,,0,,,2,50.0,
1,20,2.0,1.0,zone,2R,2.0,570-690,0,1,0.0,,2,0.0,,3,0.0,
1,20,2.0,1.0,zone,2R,2.0,570-690,1,0,,,0,,,1,0.0,
1,20,2.0,1.0,zone,2R,2.0,570-900,0,4,25.0,,7,0.0,,7,14.3,
1,20,2.0,1.0,zone,2R,2.0,570-900,1,2,50.0,,2,0.0,,4,25.0,
1,20,2.0,1.0,zone,BE+trail,2.0,480-600,0,3,33.3,,2,0.0,,3,33.3,
1,20,2.0,1.0,zone,BE+trail,2.0,480-600,1,1,0.0,,0,,,2,50.0,
1,20,2.0,1.0,zone,BE+trail,2.0,570-690,0,1,100.0,,2,50.0,,3,33.3,
1,20,2.0,1.0,zone,BE+trail,2.0,570-690,1,0,,,0,,,1,0.0,
1,20,2.0,1.0,zone,BE+trail,2.0,570-900,0,4,75.0,,7,14.3,,7,28.6,
1,20,2.0,1.0,zone,BE+trail,2.0,570-900,1,2,100.0,,2,0.0,,4,25.0,
1,20,2.0,1.0,zone,BE+trail,3.0,480-600,0,3,33.3,,2,0.0,,3,33.3,
1,20,2.0,1.0,zone,BE+trail,3.0,480-600,1,1,0.0,,0,,,2,50.0,
1,20,2.0,1.0,zone,BE+trail,3.0,570-690,0,1,100.0,,2,50.0,,3,0.0,
1,20,2.0,1.0,zone,BE+trail,3.0,570-690,1,0,,,0,,,1,0.0,
1,20,2.0,1.0,zone,BE+trail,3.0,570-900,0,4,50.0,,7,14.3,,7,14.3,
1,20,2.0,1.0,zone,BE+trail,3.0,570-900,1,2,50.0,,2,0.0,,4,25.0,
1,20,2.0,1.0,zone,BE+trail+scale,2.0,480-600,0,3,33.3,,2,0.0,,3,33.3,
1,20,2.0,1.0,zone,BE+trail+scale,2.0,480-600,1,1,0.0,,0,,,2,50.0,
1,20,2.0,1.0,zone,BE+trail+scale,2.0,570-690,0,1,0.0,,2,0.0,,3,0.0,
1,20,2.0,1.0,zone,BE+trail+scale,2.0,570-690,1,0,,,0,,,1,0.0,
1,20,2.0,1.0,zone,BE+trail+scale,2.0,570-900,0,4,25.0,,7,0.0,,7,14.3,
1,20,2.0,1.0,zone,BE+trail+scale,2.0,570-900,1,2,50.0,,2,0.0,,4,25.0,
1,20,2.0,1.0,zone,BE+trail+scale,3.0,480-600,0,3,33.3,,2,0.0,,3,33.3,
1,20,2.0,1.0,zone,BE+trail+scale,3.0,480-600,1,1,0.0,,0,,,2,50.0,
1,20,2.0,1.0,zone,BE+trail+scale,3.0,570-690,0,1,0.0,,2,0.0,,3,0.0,
1,20,2.0,1.0,zone,BE+trail+scale,3.0,570-690,1,0,,,0,,,1,0.0,
1,20,2.0,1.0,zone,BE+trail+scale,3.0,570-900,0,4,25.0,,7,0.0,,7,14.3,
1,20,2.0,1.0,zone,BE+trail+scale,3.0,570-900,1,2,50.0,,2,0.0,,4,25.0,
1,20,2.0,1.0,leg,2R,2.0,480-600,0,3,0.0,,2,0.0,,3,33.3,
1,20,2.0,1.0,leg,2R,2.0,480-600,1,1,0.0,,0,,,2,50.0,
1,20,2.0,1.0,leg,2R,2.0,570-690,0,1,0.0,,2,0.0,,3,0.0,
1,20,2.0,1.0,leg,2R,2.0,570-690,1,0,,,0,,,1,0.0,
1,20,2.0,1.0,leg,2R,2.0,570-900,0,4,25.0,,7,0.0,,7,14.3,
1,20,2.0,1.0,leg,2R,2.0,570-900,1,2,50.0,,2,0.0,,4,25.0,
1,20,2.0,1.0,leg,BE+trail,2.0,480-600,0,3,0.0,,2,0.0,,3,33.3,
1,20,2.0,1.0,leg,BE+trail,2.0,480-600,1,1,0.0,,0,,,2,50.0,
1,20,2.0,1.0,leg,BE+trail,2.0,570-690,0,1,100.0,,2,0.0,,3,0.0,
1,20,2.0,1.0,leg,BE+trail,2.0,570-690,1,0,,,0,,,1,0.0,
1,20,2.0,1.0,leg,BE+trail,2.0,570-900,0,4,75.0,,7,0.0,,7,14.3,
1,20,2.0,1.0,leg,BE+trail,2.0,570-900,1,2,100.0,,2,0.0,,4,25.0,
1,20,2.0,1.0,leg,BE+trail,3.0,480-600,0,3,0.0,,2,0.0,,3,33.3,
1,20,2.0,1.0,leg,BE+trail,3.0,480-600,1,1,0.0,,0,,,2,50.0,
1,20,2.0,1.0,leg,BE+trail,3.0,570-690,0,1,100.0,,2,0.0,,3,0.0,
1,20,2.0,1.0,leg,BE+trail,3.0,570-690,1,0,,,0,,,1,0.0,
1,20,2.0,1.0,leg,BE+trail,3.0,570-900,0,4,50.0,,7,0.0,,7,14.3,
1,20,2.0,1.0,leg,BE+trail,3.0,570-900,1,2,50.0,,2,0.0,,4,25.0,
1,20,2.0,1.0,leg,BE+trail+scale,2.0,480-600,0,3,0.0,,2,0.0,,3,33.3,
1,20,2.0,1.0,leg,BE+trail+scale,2.0,480-600,1,1,0.0,,0,,,2,50.0,
1,20,2.0,1.0,leg,BE+trail+scale,2.0,570-690,0,1,100.0,,2,0.0,,3,0.0,
1,20,2.0,1.0,leg,BE+trail+scale,2.0,570-690,1,0,,,0,,,1,0.0,
1,20,2.0,1.0,leg,BE+trail+scale,2.0,570-900,0,4,50.0,,7,0.0,,7,14.3,
1,20,2.0,1.0,leg,BE+trail+scale,2.0,570-900,1,2,50.0,,2,0.0,,4,25.0,
1,20,2.0,1.0,leg,BE+trail+scale,3.0,480-600,0,3,0.0,,2,0.0,,3,33.3,
1,20,2.0,1.0,leg,BE+trail+scale,3.0,480-600,1,1,0.0,,0,,,2,50.0,
1,20,2.0,1.0,leg,BE+trail+scale,3.0,570-690,0,1,0.0,,2,0.0,,3,0.0,
1,20,2.0,1.0,leg,BE+trail+scale,3.0,570-690,1,0,,,0,,,1,0.0,
1,20,2.0,1.0,leg,BE+trail+scale,3.0,570-900,0,4,25.0,,7,0.0,,7,14.3,
1,20,2.0,1.0,leg,BE+trail+scale,3.0,570-900,1,2,50.0,,2,0.0,,4,25.0,
1,20,2.0,1.5,zone,2R,2.0,480-600,0,3,33.3,,1,0.0,,1,0.0,
1,20,2.0,1.5,zone,2R,2.0,480-600,1,1,0.0,,0,,,1,0.0,
1,20,2.0,1.5,zone,2R,2.0,570-690,0,1,0.0,,1,0.0,,2,0.0,
1,20,2.0,1.5,zone,2R,2.0,570-690,1,0,,,0,,,1,0.0,
1,20,2.0,1.5,zone,2R,2.0,570-900,0,3,33.3,,5,0.0,,3,0.0,
1,20,2.0,1.5,zone,2R,2.0,570-900,1,2,50.0,,1,0.0,,1,0.0,
1,20,2.0,1.5,zone,BE+trail,2.0,480-600,0,3,33.3,,1,0.0,,1,0.0,
1,20,2.0,1.5,zone,BE+trail,2.0,480-600,1,1,0.0,,0,,,1,0.0,
1,20,2.0,1.5,zone,BE+trail,2.0,570-690,0,1,100.0,,1,0.0,,2,0.0,
1,20,2.0,1.5,zone,BE+trail,2.0,570-690,1,0,,,0,,,1,0.0,
1,20,2.0,1.5,zone,BE+trail,2.0,570-900,0,3,100.0,,5,0.0,,3,0.0,
1,20,2.0,1.5,zone,BE+trail,2.0,570-900,1,2,100.0,,1,0.0,,1,0.0,
1,20,2.0,1.5,zone,BE+trail,3.0,480-600,0,3,33.3,,1,0.0,,1,0.0,
1,20,2.0,1.5,zone,BE+trail,3.0,480-600,1,1,0.0,,0,,,1,0.0,
1,20,2.0,1.5,zone,BE+trail,3.0,570-690,0,1,100.0,,1,0.0,,2,0.0,
1,20,2.0,1.5,zone,BE+trail,3.0,570-690,1,0,,,0,,,1,0.0,
1,20,2.0,1.5,zone,BE+trail,3.0,570-900,0,3,66.7,,5,0.0,,3,0.0,
1,20,2.0,1.5,zone,BE+trail,3.0,570-900,1,2,50.0,,1,0.0,,1,0.0,
1,20,2.0,1.5,zone,BE+trail+scale,2.0,480-600,0,3,33.3,,1,0.0,,1,0.0,
1,20,2.0,1.5,zone,BE+trail+scale,2.0,480-600,1,1,0.0,,0,,,1,0.0,
1,20,2.0,1.5,zone,BE+trail+scale,2.0,570-690,0,1,0.0,,1,0.0,,2,0.0,
1,20,2.0,1.5,zone,BE+trail+scale,2.0,570-690,1,0,,,0,,,1,0.0,
1,20,2.0,1.5,zone,BE+trail+scale,2.0,570-900,0,3,33.3,,5,0.0,,3,0.0,
1,20,2.0,1.5,zone,BE+trail+scale,2.0,570-900,1,2,50.0,,1,0.0,,1,0.0,
1,20,2.0,1.5,zone,BE+trail+scale,3.0,480-600,0,3,33.3,,1,0.0,,1,0.0,
1,20,2.0,1.5,zone,BE+trail+scale,3.0,480-600,1,1,0.0,,0,,,1,0.0,
1,20,2.0,1.5,zone,BE+trail+scale,3.0,570-690,0,1,0.0,,1,0.0,,2,0.0,
1,20,2.0,1.5,zone,BE+trail+scale,3.0,570-690,1,0,,,0,,,1,0.0,
1,20,2.0,1.5,zone,BE+trail+scale,3.0,570-900,0,3,33.3,,5,0.0,,3,0.0,
1,20,2.0,1.5,zone,BE+trail+scale,3.0,570-900,1,2,50.0,,1,0.0,,1,0.0,
1,20,2.0,1.5,leg,2R,2.0,480-600,0,3,0.0,,1,0.0,,1,0.0,
1,20,2.0,1.5,leg,2R,2.0,480-600,1,1,0.0,,0,,,1,0.0,
1,20,2.0,1.5,leg,2R,2.0,570-690,0,1,0.0,,1,0.0,,2,0.0,
1,20,2.0,1.5,leg,2R,2.0,570-690,1,0,,,0,,,1,0.0,
1,20,2.0,1.5,leg,2R,2.0,570-900,0,3,33.3,,5,0.0,,3,0.0,
1,20,2.0,1.5,leg,2R,2.0,570-900,1,2,50.0,,1,0.0,,1,0.0,
1,20,2.0,1.5,leg,BE+trail,2.0,480-600,0,3,0.0,,1,0.0,,1,0.0,
1,20,2.0,1.5,leg,BE+trail,2.0,480-600,1,1,0.0,,0,,,1,0.0,
1,20,2.0,1.5,leg,BE+trail,2.0,570-690,0,1,100.0,,1,0.0,,2,0.0,
1,20,2.0,1.5,leg,BE+trail,2.0,570-690,1,0,,,0,,,1,0.0,
1,20,2.0,1.5,leg,BE+trail,2.0,570-900,0,3,100.0,,5,0.0,,3,0.0,
1,20,2.0,1.5,leg,BE+trail,2.0,570-900,1,2,100.0,,1,0.0,,1,0.0,
1,20,2.0,1.5,leg,BE+trail,3.0,480-600,0,3,0.0,,1,0.0,,1,0.0,
1,20,2.0,1.5,leg,BE+trail,3.0,480-600,1,1,0.0,,0,,,1,0.0,
1,20,2.0,1.5,leg,BE+trail,3.0,570-690,0,1,100.0,,1,0.0,,2,0.0,
1,20,2.0,1.5,leg,BE+trail,3.0,570-690,1,0,,,0,,,1,0.0,
1,20,2.0,1.5,leg,BE+trail,3.0,570-900,0,3,66.7,,5,0.0,,3,0.0,
1,20,2.0,1.5,leg,BE+trail,3.0,570-900,1,2,50.0,,1,0.0,,1,0.0,
1,20,2.0,1.5,leg,BE+trail+scale,2.0,480-600,0,3,0.0,,1,0.0,,1,0.0,
1,20,2.0,1.5,leg,BE+trail+scale,2.0,480-600,1,1,0.0,,0,,,1,0.0,
1,20,2.0,1.5,leg,BE+trail+scale,2.0,570-690,0,1,100.0,,1,0.0,,2,0.0,
1,20,2.0,1.5,leg,BE+trail+scale,2.0,570-690,1,0,,,0,,,1,0.0,
1,20,2.0,1.5,leg,BE+trail+scale,2.0,570-900,0,3,66.7,,5,0.0,,3,0.0,
1,20,2.0,1.5,leg,BE+trail+scale,2.0,570-900,1,2,50.0,,1,0.0,,1,0.0,
1,20,2.0,1.5,leg,BE+trail+scale,3.0,480-600,0,3,0.0,,1,0.0,,1,0.0,
1,20,2.0,1.5,leg,BE+trail+scale,3.0,480-600,1,1,0.0,,0,,,1,0.0,
1,20,2.0,1.5,leg,BE+trail+scale,3.0,570-690,0,1,0.0,,1,0.0,,2,0.0,
1,20,2.0,1.5,leg,BE+trail+scale,3.0,570-690,1,0,,,0,,,1,0.0,
1,20,2.0,1.5,leg,BE+trail+scale,3.0,570-900,0,3,33.3,,5,0.0,,3,0.0,
1,20,2.0,1.5,leg,BE+trail+scale,3.0,570-900,1,2,50.0,,1,0.0,,1,0.0,
1,20,3.0,1.0,zone,2R,2.0,480-600,0,604,29.1,0.74,443,30.5,0.86,507,31.0,0.89
1,20,3.0,1.0,zone,2R,2.0,480-600,1,302,34.8,0.9,235,29.8,0.78,232,32.3,0.91
1,20,3.0,1.0,zone,2R,2.0,570-690,0,672,39.3,0.96,436,38.8,0.9,488,38.7,0.98
1,20,3.0,1.0,zone,2R,2.0,570-690,1,325,40.0,0.99,210,40.0,0.87,226,40.7,0.99
1,20,3.0,1.0,zone,2R,2.0,570-900,0,1552,34.0,0.97,1034,33.1,0.87,1030,34.3,0.93
1,20,3.0,1.0,zone,2R,2.0,570-900,1,929,33.8,0.99,598,35.8,0.89,578,37.0,0.91
1,20,3.0,1.0,zone,BE+trail,2.0,480-600,0,623,43.0,0.7,452,46.5,0.89,518,46.1,0.94
1,20,3.0,1.0,zone,BE+trail,2.0,480-600,1,307,48.5,0.8,238,47.9,0.9,234,49.6,1.09
1,20,3.0,1.0,zone,BE+trail,2.0,570-690,0,693,47.3,0.91,446,48.4,0.9,504,48.6,0.91
1,20,3.0,1.0,zone,BE+trail,2.0,570-690,1,334,47.3,0.92,210,49.5,0.91,229,50.7,0.93
1,20,3.0,1.0,zone,BE+trail,2.0,570-900,0,1642,48.0,0.89,1092,48.6,0.88,1096,47.4,0.85
1,20,3.0,1.0,zone,BE+trail,2.0,570-900,1,971,47.2,0.86,625,49.8,0.86,615,48.8,0.81
1,20,3.0,1.0,zone,BE+trail,3.0,480-600,0,619,39.1,0.74,448,41.3,0.88,513,40.7,0.92
1,20,3.0,1.0,zone,BE+trail,3.0,480-600,1,307,43.6,0.79,238,42.0,0.88,234,44.4,1.07
1,20,3.0,1.0,zone,BE+trail,3.0,570-690,0,681,47.0,0.94,437,45.3,0.87,493,46.0,0.91
1,20,3.0,1.0,zone,BE+trail,3.0,570-690,1,327,46.5,0.93,206,47.1,0.88,225,48.9,0.98
1,20,3.0,1.0,zone,BE+trail,3.0,570-900,0,1620,46.9,0.93,1083,45.6,0.84,1086,44.8,0.83
1,20,3.0,1.0,zone,BE+trail,3.0,570-900,1,956,46.2,0.92,617,47.3,0.83,605,46.8,0.83
1,20,3.0,1.0,zone,BE+trail+scale,2.0,480-600,0,623,29.9,0.64,452,34.5,0.93,518,34.2,0.96
1,20,3.0,1.0,zone,BE+trail+scale,2.0,480-600,1,307,34.5,0.73,238,36.6,0.91,234,36.8,1.15
1,20,3.0,1.0,zone,BE+trail+scale,2.0,570-690,0,693,40.5,0.9,446,40.1,0.89,504,39.7,0.88
1,20,3.0,1.0,zone,BE+trail+scale,2.0,570-690,1,334,41.0,0.89,210,41.9,0.9,229,41.0,0.87
1,20,3.0,1.0,zone,BE+trail+scale,2.0,570-900,0,1642,38.8,0.86,1092,38.8,0.85,1096,37.8,0.82
1,20,3.0,1.0,zone,BE+trail+scale,2.0,570-900,1,971,39.1,0.82,625,41.3,0.83,615,39.2,0.75
1,20,3.0,1.0,zone,BE+trail+scale,3.0,480-600,0,619,23.4,0.74,448,24.8,0.91,513,24.6,0.94
1,20,3.0,1.0,zone,BE+trail+scale,3.0,480-600,1,307,25.4,0.75,238,26.1,0.9,234,26.9,1.1
1,20,3.0,1.0,zone,BE+trail+scale,3.0,570-690,0,681,34.4,0.94,437,31.6,0.85,493,33.1,0.89
1,20,3.0,1.0,zone,BE+trail+scale,3.0,570-690,1,327,34.6,0.9,206,33.5,0.87,225,34.2,0.97
1,20,3.0,1.0,zone,BE+trail+scale,3.0,570-900,0,1620,31.9,0.94,1083,29.5,0.79,1086,30.3,0.8
1,20,3.0,1.0,zone,BE+trail+scale,3.0,570-900,1,956,31.8,0.93,617,30.8,0.81,605,31.4,0.82
1,20,3.0,1.0,leg,2R,2.0,480-600,0,667,26.4,0.6,482,29.9,0.82,547,31.8,0.86
1,20,3.0,1.0,leg,2R,2.0,480-600,1,322,28.6,0.66,247,31.6,0.83,239,33.9,0.89
1,20,3.0,1.0,leg,2R,2.0,570-690,0,733,32.1,0.87,484,32.9,0.83,551,31.0,0.77
1,20,3.0,1.0,leg,2R,2.0,570-690,1,339,31.9,0.89,215,39.5,1.02,237,38.4,0.97
1,20,3.0,1.0,leg,2R,2.0,570-900,0,1700,30.7,0.82,1127,32.2,0.83,1130,30.8,0.77
1,20,3.0,1.0,leg,2R,2.0,570-900,1,1006,30.6,0.82,651,34.6,0.87,641,33.7,0.84
1,20,3.0,1.0,leg,BE+trail,2.0,480-600,0,681,26.9,0.62,488,31.8,0.81,556,31.8,0.85
1,20,3.0,1.0,leg,BE+trail,2.0,480-600,1,329,28.3,0.67,249,32.5,0.78,241,35.3,1.01
1,20,3.0,1.0,leg,BE+trail,2.0,570-690,0,749,33.8,0.84,489,33.7,0.84,554,31.2,0.74
1,20,3.0,1.0,leg,BE+trail,2.0,570-690,1,343,34.7,0.94,216,36.6,0.94,238,35.7,0.97
1,20,3.0,1.0,leg,BE+trail,2.0,570-900,0,1705,31.6,0.75,1136,31.6,0.8,1135,29.1,0.75
1,20,3.0,1.0,leg,BE+trail,2.0,570-900,1,1013,32.1,0.83,655,33.4,0.86,642,31.0,0.82
1,20,3.0,1.0,leg,BE+trail,3.0,480-600,0,679,21.6,0.71,485,22.5,0.91,552,22.8,0.88
1,20,3.0,1.0,leg,BE+trail,3.0,480-600,1,328,23.5,0.72,249,26.5,0.94,240,26.7,1.21
1,20,3.0,1.0,leg,BE+trail,3.0,570-690,0,735,25.6,0.9,482,23.7,0.88,548,21.5,0.77
1,20,3.0,1.0,leg,BE+trail,3.0,570-690,1,337,26.4,0.95,213,27.7,1.04,236,27.1,1.19
1,20,3.0,1.0,leg,BE+trail,3.0,570-900,0,1699,23.0,0.8,1129,21.5,0.78,1128,19.9,0.72
1,20,3.0,1.0,leg,BE+trail,3.0,570-900,1,1007,23.3,0.85,648,22.8,0.81,637,22.0,0.85
1,20,3.0,1.0,leg,BE+trail+scale,2.0,480-600,0,681,20.0,0.61,488,21.3,0.85,556,21.9,0.88
1,20,3.0,1.0,leg,BE+trail+scale,2.0,480-600,1,329,22.5,0.73,249,23.7,0.79,241,25.3,1.05
1,20,3.0,1.0,leg,BE+trail+scale,2.0,570-690,0,749,25.1,0.86,489,24.1,0.88,554,20.4,0.77
1,20,3.0,1.0,leg,BE+trail+scale,2.0,570-690,1,343,26.2,1.05,216,27.3,1.01,238,26.1,0.98
1,20,3.0,1.0,leg,BE+trail+scale,2.0,570-900,0,1705,21.5,0.72,1136,22.2,0.83,1135,19.8,0.79
1,20,3.0,1.0,leg,BE+trail+scale,2.0,570-900,1,1013,21.8,0.88,655,24.0,0.91,642,22.6,0.83
1,20,3.0,1.0,leg,BE+trail+scale,3.0,480-600,0,679,14.9,0.78,485,17.1,1.02,552,17.0,0.93
1,20,3.0,1.0,leg,BE+trail+scale,3.0,480-600,1,328,17.7,0.82,249,19.3,1.05,240,20.0,1.31
1,20,3.0,1.0,leg,BE+trail+scale,3.0,570-690,0,735,18.8,0.94,482,19.1,0.96,548,16.8,0.82
1,20,3.0,1.0,leg,BE+trail+scale,3.0,570-690,1,337,19.6,1.04,213,23.0,1.16,236,21.6,1.3
1,20,3.0,1.0,leg,BE+trail+scale,3.0,570-900,0,1699,16.8,0.82,1129,17.7,0.83,1128,16.0,0.76
1,20,3.0,1.0,leg,BE+trail+scale,3.0,570-900,1,1007,17.8,0.92,648,18.8,0.85,637,18.1,0.88
1,20,3.0,1.5,zone,2R,2.0,480-600,0,398,31.4,0.81,272,34.9,1.06,320,34.7,1.0
1,20,3.0,1.5,zone,2R,2.0,480-600,1,190,37.9,0.97,148,35.1,1.1,143,35.0,1.12
1,20,3.0,1.5,zone,2R,2.0,570-690,0,351,39.3,1.03,221,37.1,0.79,279,37.3,0.92
1,20,3.0,1.5,zone,2R,2.0,570-690,1,152,38.2,0.97,96,39.6,0.86,114,39.5,0.93
1,20,3.0,1.5,zone,2R,2.0,570-900,0,1019,34.2,0.99,590,32.5,0.82,645,33.5,0.88
1,20,3.0,1.5,zone,2R,2.0,570-900,1,476,36.3,1.05,271,32.8,0.8,280,33.2,0.8
1,20,3.0,1.5,zone,BE+trail,2.0,480-600,0,408,45.1,0.8,276,47.5,1.05,326,48.2,1.0
1,20,3.0,1.5,zone,BE+trail,2.0,480-600,1,193,50.8,0.87,149,52.3,1.3,144,52.8,1.35
1,20,3.0,1.5,zone,BE+trail,2.0,570-690,0,356,48.0,1.03,225,45.8,0.87,282,46.8,0.89
1,20,3.0,1.5,zone,BE+trail,2.0,570-690,1,154,46.1,0.92,96,49.0,0.99,114,49.1,0.88
1,20,3.0,1.5,zone,BE+trail,2.0,570-900,0,1059,46.8,0.9,610,45.6,0.84,672,44.8,0.79
1,20,3.0,1.5,zone,BE+trail,2.0,570-900,1,488,48.6,0.89,276,46.0,0.81,289,42.9,0.65
1,20,3.0,1.5,zone,BE+trail,3.0,480-600,0,407,41.0,0.84,275,42.9,1.1,324,42.6,1.02
1,20,3.0,1.5,zone,BE+trail,3.0,480-600,1,193,45.1,0.79,149,48.3,1.3,144,47.9,1.41
1,20,3.0,1.5,zone,BE+trail,3.0,570-690,0,354,46.3,1.04,222,44.1,0.93,276,43.8,0.9
1,20,3.0,1.5,zone,BE+trail,3.0,570-690,1,153,43.1,0.82,95,49.5,1.1,112,48.2,1.01
1,20,3.0,1.5,zone,BE+trail,3.0,570-900,0,1051,44.9,0.91,604,42.7,0.82,663,42.4,0.76
1,20,3.0,1.5,zone,BE+trail,3.0,570-900,1,485,46.8,0.92,273,44.3,0.82,285,40.4,0.67
1,20,3.0,1.5,zone,BE+trail+scale,2.0,480-600,0,408,32.6,0.76,276,35.5,1.16,326,36.8,1.04
1,20,3.0,1.5,zone,BE+trail+scale,2.0,480-600,1,193,36.3,0.84,149,41.6,1.41,144,39.6,1.4
1,20,3.0,1.5,zone,BE+trail+scale,2.0,570-690,0,356,41.0,1.12,225,38.7,0.89,282,37.2,0.9
1,20,3.0,1.5,zone,BE+trail+scale,2.0,570-690,1,154,39.0,0.98,96,45.8,1.03,114,41.2,0.84
1,20,3.0,1.5,zone,BE+trail+scale,2.0,570-900,0,1059,37.4,0.9,610,37.0,0.84,672,35.7,0.78
1,20,3.0,1.5,zone,BE+trail+scale,2.0,570-900,1,488,39.1,0.88,276,39.9,0.79,289,33.2,0.6
1,20,3.0,1.5,zone,BE+trail+scale,3.0,480-600,0,407,25.6,0.85,275,27.6,1.21,324,26.5,1.08
1,20,3.0,1.5,zone,BE+trail+scale,3.0,480-600,1,193,26.9,0.73,149,30.9,1.35,144,29.2,1.42
1,20,3.0,1.5,zone,BE+trail+scale,3.0,570-690,0,354,35.3,1.14,222,31.5,0.98,276,30.8,0.92
1,20,3.0,1.5,zone,BE+trail+scale,3.0,570-690,1,153,32.0,0.83,95,34.7,1.21,112,32.1,1.09
1,20,3.0,1.5,zone,BE+trail+scale,3.0,570-900,0,1051,31.2,0.94,604,28.0,0.8,663,26.8,0.76
1,20,3.0,1.5,zone,BE+trail+scale,3.0,570-900,1,485,33.0,0.94,273,28.6,0.83,285,24.2,0.68
1,20,3.0,1.5,leg,2R,2.0,480-600,0,418,26.3,0.62,285,33.7,0.98,333,34.5,0.98
1,20,3.0,1.5,leg,2R,2.0,480-600,1,197,29.4,0.68,152,34.9,0.99,145,35.2,1.04
1,20,3.0,1.5,leg,2R,2.0,570-690,0,365,33.4,0.94,236,30.1,0.78,295,30.2,0.77
1,20,3.0,1.5,leg,2R,2.0,570-690,1,155,31.6,0.89,97,34.0,0.77,115,34.8,0.83
1,20,3.0,1.5,leg,2R,2.0,570-900,0,1090,30.2,0.81,631,30.1,0.79,700,29.0,0.76
1,20,3.0,1.5,leg,2R,2.0,570-900,1,501,31.1,0.85,282,30.5,0.72,298,28.9,0.71
1,20,3.0,1.5,leg,BE+trail,2.0,480-600,0,428,32.5,0.69,289,38.4,0.97,338,39.9,0.99
1,20,3.0,1.5,leg,BE+trail,2.0,480-600,1,200,33.5,0.66,152,38.8,0.93,145,43.4,1.11
1,20,3.0,1.5,leg,BE+trail,2.0,570-690,0,373,41.0,1.06,237,36.7,0.83,296,35.5,0.78
1,20,3.0,1.5,leg,BE+trail,2.0,570-690,1,157,37.6,0.98,97,40.2,0.75,116,39.7,0.83
1,20,3.0,1.5,leg,BE+trail,2.0,570-900,0,1099,36.8,0.8,635,36.1,0.81,705,34.0,0.76
1,20,3.0,1.5,leg,BE+trail,2.0,570-900,1,504,37.3,0.83,284,39.8,0.73,301,36.9,0.7
1,20,3.0,1.5,leg,BE+trail,3.0,480-600,0,428,25.9,0.77,287,29.6,1.17,337,29.4,1.07
1,20,3.0,1.5,leg,BE+trail,3.0,480-600,1,200,26.5,0.63,152,33.6,1.21,145,32.4,1.45
1,20,3.0,1.5,leg,BE+trail,3.0,570-690,0,369,32.5,1.07,235,28.9,1.01,292,26.4,0.84
1,20,3.0,1.5,leg,BE+trail,3.0,570-690,1,156,29.5,0.87,96,34.4,1.1,114,33.3,1.21
1,20,3.0,1.5,leg,BE+trail,3.0,570-900,0,1095,27.7,0.8,629,25.3,0.84,698,23.6,0.75
1,20,3.0,1.5,leg,BE+trail,3.0,570-900,1,501,28.5,0.77,281,25.6,0.8,297,25.9,0.81
1,20,3.0,1.5,leg,BE+trail+scale,2.0,480-600,0,428,23.1,0.67,289,26.3,1.09,338,27.8,1.05
1,20,3.0,1.5,leg,BE+trail+scale,2.0,480-600,1,200,25.0,0.72,152,28.9,0.97,145,29.7,1.14
1,20,3.0,1.5,leg,BE+trail+scale,2.0,570-690,0,373,30.8,1.1,237,27.0,0.9,296,22.6,0.84
1,20,3.0,1.5,leg,BE+trail+scale,2.0,570-690,1,157,28.0,1.18,97,30.9,0.82,116,28.4,0.84
1,20,3.0,1.5,leg,BE+trail+scale,2.0,570-900,0,1099,24.2,0.79,635,24.4,0.87,705,22.4,0.82
1,20,3.0,1.5,leg,BE+trail+scale,2.0,570-900,1,504,24.2,0.9,284,24.6,0.7,301,24.6,0.72
1,20,3.0,1.5,leg,BE+trail+scale,3.0,480-600,0,428,16.8,0.82,287,23.0,1.39,337,23.1,1.16
1,20,3.0,1.5,leg,BE+trail+scale,3.0,480-600,1,200,18.5,0.68,152,25.0,1.4,145,26.2,1.6
1,20,3.0,1.5,leg,BE+trail+scale,3.0,570-690,0,369,23.6,1.09,235,23.0,1.2,292,20.2,0.94
1,20,3.0,1.5,leg,BE+trail+scale,3.0,570-690,1,156,21.8,0.96,96,29.2,1.44,114,28.1,1.47
1,20,3.0,1.5,leg,BE+trail+scale,3.0,570-900,0,1095,19.9,0.8,629,19.4,0.91,698,18.6,0.81
1,20,3.0,1.5,leg,BE+trail+scale,3.0,570-900,1,501,20.8,0.83,281,19.9,0.84,297,20.9,0.92
