window,dir,stop,n,wr,avg_is,avg_oos,pf_is,pf_oos,sh_is,sh_oos,pos_years,risk
18:00->09:25,long,0.2,1739,39.7,0.009,0.156,1.01,1.27,0.1,1.52,6,59.5
18:00->09:25,long,0.3,1739,47.7,0.024,0.089,1.05,1.2,0.34,1.19,6,89.3
18:00->09:25,long,0.5,1739,53.6,0.005,0.068,1.02,1.24,0.1,1.36,5,148.8
18:00->09:25,trend,0.2,1665,38.0,-0.057,0.094,0.91,1.16,-0.63,0.97,4,59.9
18:00->09:25,trend,0.3,1665,46.0,-0.002,0.051,0.99,1.12,-0.03,0.71,6,89.9
18:00->09:25,trend,0.5,1665,50.8,-0.009,0.012,0.97,1.04,-0.19,0.25,4,149.8
18:00->09:25,short,0.2,1739,31.1,-0.102,-0.075,0.84,0.88,-1.08,-0.77,1,59.5
18:00->09:25,short,0.3,1739,38.6,-0.054,-0.051,0.89,0.9,-0.76,-0.69,1,89.3
18:00->09:25,short,0.5,1739,42.5,-0.032,-0.054,0.9,0.84,-0.67,-1.08,1,148.8
18:00->08:00,long,0.2,1739,43.2,0.01,0.129,1.02,1.25,0.13,1.42,5,59.5
18:00->08:00,long,0.3,1739,50.3,0.016,0.073,1.04,1.19,0.25,1.1,5,89.3
18:00->08:00,long,0.5,1739,54.2,0.002,0.058,1.01,1.23,0.05,1.29,5,148.8
18:00->08:00,trend,0.2,1665,41.7,-0.025,0.095,0.95,1.18,-0.3,1.08,5,59.9
18:00->08:00,trend,0.3,1665,48.3,0.011,0.054,1.03,1.14,0.18,0.82,5,89.9
18:00->08:00,trend,0.5,1665,51.2,0.004,0.012,1.02,1.04,0.1,0.26,4,149.8
18:00->08:00,short,0.2,1739,33.8,-0.102,-0.095,0.83,0.84,-1.17,-1.09,0,59.5
18:00->08:00,short,0.3,1739,40.4,-0.048,-0.071,0.89,0.84,-0.73,-1.08,1,89.3
18:00->08:00,short,0.5,1739,43.0,-0.026,-0.062,0.9,0.79,-0.6,-1.41,1,148.8
18:00->03:00,long,0.2,1739,48.1,0.024,0.105,1.06,1.25,0.37,1.42,5,59.5
18:00->03:00,long,0.3,1739,52.2,0.022,0.068,1.07,1.22,0.45,1.27,5,89.3
18:00->03:00,long,0.5,1739,53.6,0.005,0.046,1.03,1.25,0.16,1.35,5,148.8
18:00->03:00,trend,0.2,1665,46.1,-0.021,0.059,0.95,1.14,-0.33,0.85,3,59.9
18:00->03:00,trend,0.3,1665,49.9,-0.006,0.033,0.98,1.11,-0.13,0.63,3,89.9
18:00->03:00,trend,0.5,1665,51.0,-0.014,0.006,0.93,1.03,-0.46,0.19,2,149.8
18:00->03:00,short,0.2,1739,39.9,-0.071,-0.093,0.84,0.81,-1.05,-1.33,0,59.5
18:00->03:00,short,0.3,1739,42.8,-0.044,-0.082,0.86,0.77,-0.87,-1.57,1,89.3
18:00->03:00,short,0.5,1739,44.0,-0.029,-0.06,0.86,0.74,-0.9,-1.76,1,148.8
20:00->09:25,long,0.2,1738,41.3,0.035,0.092,1.06,1.17,0.39,1.02,6,59.5
20:00->09:25,long,0.3,1738,48.8,0.024,0.056,1.06,1.13,0.35,0.83,5,89.3
20:00->09:25,long,0.5,1738,54.0,0.011,0.042,1.04,1.15,0.25,0.93,5,148.8
20:00->09:25,trend,0.2,1664,38.8,0.002,0.017,1.0,1.03,0.02,0.18,4,59.9
20:00->09:25,trend,0.3,1664,45.8,-0.009,0.009,0.98,1.02,-0.13,0.14,3,89.9
20:00->09:25,trend,0.5,1664,50.1,0.004,-0.002,1.01,0.99,0.08,-0.04,5,149.8
20:00->09:25,short,0.2,1738,34.2,-0.034,-0.058,0.94,0.91,-0.36,-0.59,1,59.5
20:00->09:25,short,0.3,1738,40.0,-0.038,-0.058,0.92,0.88,-0.54,-0.81,2,89.3
20:00->09:25,short,0.5,1738,43.1,-0.027,-0.046,0.91,0.85,-0.59,-0.98,1,148.8
03:00->09:25,long,0.2,1737,43.1,-0.02,0.043,0.96,1.09,-0.25,0.56,3,59.5
03:00->09:25,long,0.3,1737,48.1,-0.008,0.015,0.98,1.04,-0.14,0.26,4,89.3
03:00->09:25,long,0.5,1737,50.9,-0.005,0.017,0.98,1.08,-0.13,0.47,4,148.8
03:00->09:25,trend,0.2,1663,41.4,-0.013,-0.014,0.97,0.97,-0.17,-0.18,3,59.9
03:00->09:25,trend,0.3,1663,46.2,-0.004,-0.026,0.99,0.93,-0.07,-0.44,4,89.9
03:00->09:25,trend,0.5,1663,48.7,0.007,-0.017,1.03,0.93,0.19,-0.46,4,149.8
03:00->09:25,short,0.2,1737,39.4,-0.041,-0.033,0.92,0.94,-0.51,-0.41,3,59.5
03:00->09:25,short,0.3,1737,44.7,-0.018,-0.03,0.95,0.92,-0.31,-0.49,1,89.3
03:00->09:25,short,0.5,1737,46.7,-0.007,-0.023,0.97,0.9,-0.18,-0.6,1,148.8
08:00->09:25,long,0.2,1734,47.1,-0.011,-0.01,0.97,0.97,-0.2,-0.19,1,59.5
08:00->09:25,long,0.3,1734,48.6,0.008,-0.005,1.04,0.98,0.2,-0.15,4,89.3
08:00->09:25,long,0.5,1734,48.8,-0.001,-0.006,0.99,0.95,-0.03,-0.26,4,148.8
08:00->09:25,trend,0.2,1660,46.1,-0.023,-0.033,0.93,0.9,-0.44,-0.66,2,59.9
08:00->09:25,trend,0.3,1660,47.2,-0.007,-0.032,0.97,0.86,-0.18,-0.91,3,89.9
08:00->09:25,trend,0.5,1660,47.5,-0.011,-0.025,0.92,0.83,-0.45,-1.11,1,149.8
08:00->09:25,short,0.2,1734,46.5,-0.011,-0.001,0.96,1.0,-0.21,-0.01,3,59.5
08:00->09:25,short,0.3,1734,47.6,-0.011,-0.008,0.95,0.96,-0.27,-0.23,3,89.3
08:00->09:25,short,0.5,1734,48.1,-0.008,-0.006,0.94,0.96,-0.32,-0.24,2,148.8
16:00->17:00,long,0.2,1678,51.5,-0.009,0.022,0.96,1.08,-0.17,0.33,4,59.6
16:00->17:00,long,0.3,1678,51.9,-0.009,0.009,0.95,1.05,-0.27,0.2,4,89.4
16:00->17:00,long,0.5,1678,52.1,-0.012,0.006,0.89,1.05,-0.56,0.21,3,148.9
16:00->17:00,trend,0.2,1613,47.9,-0.003,-0.062,0.99,0.82,-0.06,-0.97,2,60.0
16:00->17:00,trend,0.3,1613,48.3,-0.002,-0.044,0.99,0.81,-0.05,-1.02,2,89.9
16:00->17:00,trend,0.5,1613,48.7,-0.003,-0.028,0.97,0.8,-0.12,-1.05,2,149.9
16:00->17:00,short,0.2,1678,43.4,-0.023,-0.063,0.91,0.81,-0.47,-1.03,3,59.6
16:00->17:00,short,0.3,1678,44.3,-0.014,-0.033,0.92,0.85,-0.4,-0.79,3,89.4
16:00->17:00,short,0.5,1678,44.6,-0.006,-0.024,0.95,0.82,-0.26,-0.95,3,148.9
RTH 09:30->16:00,long,0.2,1736,31.6,0.132,0.122,1.19,1.18,1.07,1.04,7,59.5
RTH 09:30->16:00,long,0.3,1736,40.7,0.102,0.086,1.18,1.16,1.1,0.95,7,89.3
RTH 09:30->16:00,long,0.5,1736,50.5,0.076,0.045,1.2,1.12,1.2,0.73,7,148.8
RTH 09:30->16:00,trend,0.2,1662,29.3,0.109,0.063,1.15,1.09,0.86,0.53,6,59.9
RTH 09:30->16:00,trend,0.3,1662,37.6,0.062,0.039,1.11,1.07,0.65,0.42,6,89.9
RTH 09:30->16:00,trend,0.5,1662,47.5,0.065,0.011,1.16,1.03,0.98,0.17,4,149.8
RTH 09:30->16:00,short,0.2,1736,26.6,-0.064,0.092,0.91,1.13,-0.53,0.72,4,59.5
RTH 09:30->16:00,short,0.3,1736,34.4,-0.033,0.02,0.95,1.03,-0.35,0.2,4,89.3
RTH 09:30->16:00,short,0.5,1736,41.6,-0.038,0.006,0.92,1.01,-0.57,0.09,3,148.8
