switch_utc,old_id,new_id,spread,method
2026-07-31 00:00:00,42011464,41271,64.5,daily
2026-05-29 00:00:00,19181,42011464,33.8,daily
2026-03-30 00:00:00,42000890,19181,30.0,daily
2026-01-30 00:00:00,42001025,42000890,49.2,daily
2025-11-27 00:00:00,39231,42001025,34.6,daily
2025-07-31 00:00:00,42008094,39231,57.7,daily
2025-05-30 00:00:00,287,42008094,27.5,daily
2025-03-30 22:00:00,19604,287,28.0,daily
2025-01-31 00:00:00,1551,19604,27.6,daily
2024-11-29 00:00:00,393,1551,25.0,daily
2024-07-31 00:00:00,2017,393,46.8,daily
2024-05-31 00:00:00,669,2017,21.0,daily
2024-03-28 00:00:00,44740,669,20.4,daily
2024-01-31 00:00:00,41512,44740,19.1,daily
2023-11-30 00:00:00,7246,41512,19.3,daily
2023-07-31 00:00:00,9466,7246,38.2,daily
2023-06-01 00:00:00,30052,9466,16.8,daily
2023-03-31 00:00:00,4235,30052,16.2,daily
2023-02-01 00:00:00,3324,4235,15.4,daily
2022-12-01 00:00:00,225405,3324,16.9,daily
2022-07-31 22:00:00,5568,225405,18.7,daily
2022-05-30 00:00:00,1064,5568,5.6,daily
2022-03-31 00:00:00,1619,1064,6.1,daily
2022-01-30 23:00:00,14725,1619,2.2,daily
2021-12-01 00:00:00,51659,14725,0.4,daily
2021-08-01 22:00:00,152,51659,4.4,daily
2021-05-28 00:00:00,100440,152,4.0,daily
2021-03-31 00:00:00,3067,100440,3.9,daily
2021-01-31 23:00:00,6466,3067,3.9,daily
2020-11-30 00:00:00,422,6466,5.6,daily
2020-08-02 22:00:00,4794,422,20.7,daily
2020-05-29 00:00:00,1026,4794,15.9,daily
2020-03-30 00:00:00,42623,1026,20.5,daily
2020-02-02 23:00:00,113040,42623,4.9,daily
2019-11-29 00:00:00,116834,113040,6.9,daily
2019-08-01 00:00:00,4226,116834,12.1,daily
2019-05-31 00:00:00,142620,4226,4.9,daily
2019-03-31 22:00:00,14651,142620,6.2,daily
2019-02-01 00:00:00,32257,14651,5.5,daily
2018-12-02 23:00:00,276142,32257,5.7,daily
2018-08-01 00:00:00,178970,276142,9.4,daily
2018-06-01 00:00:00,51253,178970,5.7,daily
2018-03-29 00:00:00,2115,51253,6.3,daily
2018-02-01 00:00:00,15562,2115,3.4,daily
2017-12-01 00:00:00,60173,15562,2.9,daily
2017-07-31 00:00:00,66404,60173,6.2,daily
2017-06-01 00:00:00,160078,66404,2.7,daily
2017-04-02 22:00:00,805,160078,4.2,daily
2017-02-01 00:00:00,2188,805,3.3,daily
2016-12-01 00:00:00,140396,2188,3.9,daily
2016-07-31 22:00:00,870,140396,8.2,daily
2016-05-30 00:00:00,145725,870,2.7,daily
2016-03-31 00:00:00,1023,145725,1.5,daily
2016-01-31 23:00:00,77179,1023,0.4,daily
2015-11-30 00:00:00,122816,77179,-0.3,daily
2015-08-02 22:00:00,49895,122816,0.1,daily
2015-05-31 22:00:00,140855,49895,0.1,daily
2015-04-01 00:00:00,149695,140855,0.6,daily
2015-02-01 23:00:00,90781,149695,0.7,daily
2014-11-30 23:00:00,152343,90781,0.3,daily
2014-08-01 00:00:00,75820,152343,1.3,daily
2014-06-01 22:00:00,107772,75820,0.9,daily
2014-03-31 00:00:00,128149,107772,0.3,daily
2014-02-02 23:00:00,99832,128149,1.4,daily
2013-12-01 23:00:00,118470,99832,-0.2,daily
2013-08-01 00:00:00,17311,118470,0.2,daily
2013-06-02 22:00:00,119585,17311,0.9,daily
2013-03-31 22:00:00,118305,119585,0.9,daily
2013-02-01 00:00:00,170024,118305,1.8,daily
2012-12-02 23:00:00,118951,170024,1.6,daily
2012-08-01 00:00:00,171052,118951,4.0,daily
2012-06-01 00:00:00,100686,171052,1.5,daily
2012-04-01 22:00:00,169060,100686,2.8,daily
2012-02-01 00:00:00,143862,169060,1.8,daily
2011-12-01 00:00:00,197210,143862,6.0,daily
2011-07-31 22:00:00,107159,197210,2.4,daily
2011-05-30 00:00:00,197015,107159,1.1,daily
2011-03-31 00:00:00,116332,197015,1.0,daily
2011-01-31 00:00:00,102263,116332,1.1,daily
2010-12-01 00:00:00,197012,102263,0.8,daily
2010-08-01 22:00:00,104313,197012,2.4,daily
