eval,atr,fund,X,IS_mo,IS_p10,IS_evals,IS_passes,IS_fbust,IS_payouts,IS_grads,C24_mo,C24_p10,C24_evals,C24_passes,C24_fbust,C24_payouts,C24_grads,REAL_mo,REAL_p10,REAL_evals,REAL_passes,REAL_fbust,REAL_payouts,REAL_grads
S<600<=FG DL0,1.15,Ultra,4000.0,851,282,2.3,1.68,0.19,5.81,0.8,622,256,3.72,2.47,1.65,4.36,0.41,766,115,3.64,2.21,1.08,5.32,0.69
S<600<=FG DL0,1.15,Ultra,5000.0,775,291,2.12,1.56,0.07,5.29,0.71,708,274,3.38,2.11,0.94,4.92,0.8,714,115,3.35,2.18,0.9,4.96,0.72
S<600<=FG DL0,1.15,Ultra,6000.0,704,155,2.03,1.51,0.06,4.81,0.63,684,274,3.09,2.04,0.74,4.74,0.78,649,25,3.36,2.16,0.9,4.53,0.79
S<600<=FG DL0,1.15,Ultra,7000.0,631,141,1.95,1.48,0.05,4.32,0.6,616,124,3.06,1.88,0.72,4.28,0.77,648,25,3.23,2.1,0.75,4.51,0.79
S<600<=FG DL0,1.15,SAFE,4000.0,422,133,1.52,1.27,0.0,2.9,0.35,541,282,1.97,1.52,0.44,3.72,0.17,559,274,2.15,1.58,0.48,3.85,0.19
S<600<=FG DL0,1.15,SAFE,5000.0,378,-9,1.52,1.18,0.0,2.61,0.33,530,282,1.58,1.06,0.06,3.62,0.22,546,282,1.83,1.27,0.11,3.75,0.28
S<600<=FG DL0,1.15,SAFE,6000.0,331,-9,1.51,1.09,0.0,2.3,0.3,448,141,1.55,1.04,0.04,3.08,0.19,493,282,1.81,1.24,0.1,3.39,0.25
S<600<=FG DL0,1.15,SAFE,7000.0,285,-9,1.36,1.07,0.0,1.98,0.19,388,132,1.44,1.04,0.04,2.67,0.03,427,132,1.72,1.19,0.1,2.95,0.16
S<600<=FG DL0,1.15,SAFEG,4000.0,459,141,1.53,1.31,0.0,3.15,0.36,593,282,2.22,1.5,0.39,4.08,0.43,617,282,2.11,1.53,0.33,4.24,0.29
S<600<=FG DL0,1.15,SAFEG,5000.0,400,-9,1.52,1.21,0.0,2.76,0.34,572,282,1.97,1.29,0.12,3.93,0.38,575,282,1.81,1.33,0.13,3.94,0.31
S<600<=FG DL0,1.15,SAFEG,6000.0,362,-9,1.52,1.1,0.0,2.5,0.31,490,132,1.81,1.22,0.1,3.38,0.28,499,282,1.76,1.3,0.1,3.43,0.28
S<600<=FG DL0,1.15,SAFEG,7000.0,306,-9,1.45,1.07,0.0,2.12,0.24,466,132,1.72,1.22,0.09,3.21,0.23,463,136,1.77,1.3,0.13,3.19,0.24
S<600<=FG DL0,1.15,S<1000<=NOB,4000.0,617,291,1.9,1.53,0.13,4.22,0.54,845,576,2.94,1.83,0.4,5.81,0.83,885,706,3.26,1.83,0.33,6.09,0.95
S<600<=FG DL0,1.15,S<1000<=NOB,5000.0,556,141,1.75,1.5,0.07,3.81,0.49,814,628,2.81,1.63,0.16,5.59,0.92,840,706,2.93,1.7,0.18,5.77,0.98
S<600<=FG DL0,1.15,S<1000<=NOB,6000.0,503,141,1.85,1.41,0.07,3.46,0.47,755,582,2.62,1.58,0.1,5.19,0.81,787,632,2.75,1.59,0.07,5.41,0.9
S<600<=FG DL0,1.15,S<1000<=NOB,7000.0,446,-9,1.66,1.37,0.07,3.07,0.43,726,484,2.44,1.51,0.06,4.99,0.83,747,582,2.61,1.58,0.07,5.13,0.88
S<600<=FG DL0,1.15,SG<1000<=NOB,4000.0,612,141,1.91,1.57,0.13,4.19,0.54,875,582,2.96,1.85,0.37,6.01,0.92,883,706,3.17,1.83,0.31,6.07,0.98
S<600<=FG DL0,1.15,SG<1000<=NOB,5000.0,552,133,1.77,1.5,0.09,3.78,0.49,813,582,2.78,1.59,0.1,5.58,0.92,816,582,3.02,1.77,0.25,5.61,0.93
S<600<=FG DL0,1.15,SG<1000<=NOB,6000.0,498,-9,1.87,1.44,0.09,3.43,0.47,756,582,2.54,1.53,0.05,5.19,0.83,786,586,2.7,1.59,0.07,5.4,0.89
S<600<=FG DL0,1.15,SG<1000<=NOB,7000.0,442,-17,1.69,1.4,0.09,3.05,0.43,740,484,2.49,1.51,0.05,5.08,0.83,743,582,2.61,1.58,0.07,5.1,0.85
S<600<=FG DL0,1.15,S<1000<=FULL,4000.0,793,291,2.16,1.72,0.26,5.41,0.67,731,256,3.34,2.12,0.97,5.07,0.62,908,484,3.32,1.86,0.4,6.24,0.96
S<600<=FG DL0,1.15,S<1000<=FULL,5000.0,770,283,2.05,1.59,0.1,5.26,0.69,817,582,2.92,1.71,0.27,5.62,0.94,871,577,3.15,1.83,0.33,5.99,1.0
S<600<=FG DL0,1.15,S<1000<=FULL,6000.0,689,282,2.0,1.52,0.05,4.71,0.62,765,582,2.71,1.62,0.18,5.26,0.87,802,427,3.07,1.79,0.3,5.53,0.94
S<600<=FG DL0,1.15,S<1000<=FULL,7000.0,616,133,1.92,1.48,0.05,4.22,0.58,717,432,2.55,1.53,0.1,4.93,0.81,801,427,2.96,1.69,0.19,5.51,0.93
S<600<=FG DL0,1.15,SG<1000<=FULL,4000.0,775,282,2.35,1.83,0.37,5.3,0.7,736,565,3.65,2.43,1.21,5.12,0.78,826,268,3.62,2.22,0.91,5.72,0.84
S<600<=FG DL0,1.15,SG<1000<=FULL,5000.0,771,282,2.09,1.61,0.12,5.26,0.69,730,460,3.51,2.36,1.14,5.07,0.82,784,268,3.48,2.21,0.9,5.43,0.83
S<600<=FG DL0,1.15,SG<1000<=FULL,6000.0,679,282,2.04,1.54,0.07,4.65,0.62,666,460,3.4,2.23,1.05,4.64,0.82,699,118,3.32,2.11,0.78,4.85,0.84
S<600<=FG DL0,1.15,SG<1000<=FULL,7000.0,616,132,1.96,1.5,0.06,4.22,0.58,636,310,3.14,2.01,0.89,4.42,0.75,705,118,3.23,2.07,0.68,4.89,0.82
S<600<=FG DL0,1.15,S<1000<=FULLG,4000.0,815,432,2.36,1.8,0.33,5.57,0.77,736,256,3.33,2.15,1.08,5.1,0.57,844,274,3.2,1.84,0.41,5.81,0.9
S<600<=FG DL0,1.15,S<1000<=FULLG,5000.0,779,291,2.05,1.6,0.11,5.31,0.69,803,582,2.99,1.85,0.4,5.53,0.83,821,184,3.13,1.81,0.41,5.66,0.9
S<600<=FG DL0,1.15,S<1000<=FULLG,6000.0,699,282,2.01,1.51,0.06,4.78,0.62,766,432,2.74,1.67,0.17,5.26,0.9,749,184,2.96,1.76,0.32,5.16,0.9
S<600<=FG DL0,1.15,S<1000<=FULLG,7000.0,633,141,1.94,1.5,0.06,4.33,0.6,707,432,2.56,1.53,0.12,4.86,0.82,738,124,2.84,1.7,0.24,5.09,0.83
S<600<=FG DL0,1.15,SG<1000<=FULLG,4000.0,773,432,2.22,1.79,0.33,5.28,0.65,816,607,3.69,2.59,1.35,5.65,0.72,739,-35,3.87,2.55,1.33,5.16,0.73
S<600<=FG DL0,1.15,SG<1000<=FULLG,5000.0,741,282,2.05,1.63,0.13,5.06,0.66,748,570,3.62,2.41,1.13,5.2,0.85,721,-35,3.76,2.53,1.29,5.03,0.73
S<600<=FG DL0,1.15,SG<1000<=FULLG,6000.0,689,282,2.03,1.53,0.07,4.71,0.62,730,565,3.35,2.29,0.94,5.06,0.89,667,-35,3.66,2.47,1.13,4.66,0.81
S<600<=FG DL0,1.15,SG<1000<=FULLG,7000.0,614,132,1.96,1.51,0.07,4.21,0.6,685,565,3.23,2.16,0.86,4.76,0.85,669,-35,3.59,2.39,1.03,4.67,0.79
S<600<=FG DL0,1.15,S<1500<=NOB,4000.0,564,282,1.81,1.43,0.06,3.86,0.5,779,432,2.79,1.81,0.4,5.35,0.69,875,582,3.02,1.83,0.29,6.01,0.96
S<600<=FG DL0,1.15,S<1500<=NOB,5000.0,545,141,1.84,1.37,0.0,3.74,0.51,761,582,2.67,1.62,0.15,5.23,0.83,821,706,2.84,1.67,0.19,5.64,0.93
S<600<=FG DL0,1.15,S<1500<=NOB,6000.0,488,141,1.7,1.36,0.0,3.35,0.43,713,432,2.6,1.56,0.13,4.9,0.8,796,706,2.76,1.61,0.09,5.47,0.9
S<600<=FG DL0,1.15,S<1500<=NOB,7000.0,447,-9,1.57,1.29,0.0,3.07,0.4,690,432,2.49,1.51,0.08,4.74,0.78,754,582,2.6,1.58,0.07,5.18,0.89
S<600<=FG DL0,1.15,SG<1500<=NOB,4000.0,513,132,2.12,1.49,0.24,3.55,0.45,866,582,3.03,1.85,0.37,5.95,0.93,831,582,3.39,2.01,0.56,5.74,0.92
S<600<=FG DL0,1.15,SG<1500<=NOB,5000.0,508,132,2.05,1.47,0.21,3.5,0.43,819,582,2.68,1.57,0.08,5.62,0.91,822,706,3.02,1.79,0.27,5.66,0.97
S<600<=FG DL0,1.15,SG<1500<=NOB,6000.0,435,132,1.76,1.45,0.21,3.0,0.33,769,441,2.63,1.53,0.06,5.28,0.88,791,706,2.84,1.67,0.21,5.44,0.93
S<600<=FG DL0,1.15,SG<1500<=NOB,7000.0,396,-18,1.73,1.4,0.21,2.74,0.31,716,432,2.44,1.52,0.06,4.92,0.8,747,582,2.78,1.65,0.21,5.14,0.88
S<600<=FG DL0,1.15,S<1500<=FULL,4000.0,718,282,2.05,1.61,0.17,4.91,0.6,748,256,3.21,2.02,0.83,5.17,0.64,846,484,3.15,1.84,0.42,5.82,0.85
S<600<=FG DL0,1.15,S<1500<=FULL,5000.0,695,282,2.07,1.55,0.1,4.76,0.62,810,582,2.86,1.66,0.24,5.57,0.92,811,334,3.11,1.81,0.36,5.59,0.88
S<600<=FG DL0,1.15,S<1500<=FULL,6000.0,632,282,2.02,1.48,0.06,4.33,0.57,746,582,2.66,1.62,0.18,5.13,0.81,809,334,3.02,1.77,0.24,5.57,0.91
S<600<=FG DL0,1.15,S<1500<=FULL,7000.0,569,132,2.0,1.46,0.05,3.91,0.55,696,432,2.52,1.51,0.11,4.78,0.78,729,184,2.98,1.61,0.21,5.04,0.9
S<600<=FG DL0,1.15,SG<1500<=FULL,4000.0,691,274,2.09,1.67,0.22,4.73,0.57,930,715,2.98,1.88,0.33,6.38,0.94,680,-35,3.79,2.5,1.3,4.76,0.7
S<600<=FG DL0,1.15,SG<1500<=FULL,5000.0,685,283,1.94,1.57,0.1,4.68,0.62,914,715,2.85,1.74,0.15,6.26,1.08,668,-35,3.62,2.46,1.16,4.67,0.73
S<600<=FG DL0,1.15,SG<1500<=FULL,6000.0,624,282,2.03,1.49,0.05,4.28,0.58,878,626,2.77,1.67,0.1,6.01,0.98,637,-35,3.55,2.35,1.01,4.45,0.79
S<600<=FG DL0,1.15,SG<1500<=FULL,7000.0,568,133,2.0,1.48,0.04,3.9,0.56,816,591,2.7,1.55,0.11,5.6,0.94,601,-35,3.49,2.3,1.02,4.21,0.76
S<600<=FG DL0,1.15,S<1500<=FULLG,4000.0,736,274,2.33,1.74,0.31,5.05,0.69,745,256,3.28,2.07,0.92,5.16,0.62,851,334,3.19,1.82,0.41,5.86,0.87
S<600<=FG DL0,1.15,S<1500<=FULLG,5000.0,718,282,2.04,1.62,0.2,4.91,0.61,807,574,2.81,1.73,0.29,5.54,0.87,808,274,3.1,1.81,0.41,5.57,0.86
S<600<=FG DL0,1.15,S<1500<=FULLG,6000.0,648,282,2.0,1.5,0.14,4.44,0.55,771,582,2.77,1.59,0.17,5.3,0.9,750,184,3.01,1.77,0.36,5.18,0.85
S<600<=FG DL0,1.15,S<1500<=FULLG,7000.0,570,132,1.95,1.48,0.14,3.91,0.51,718,477,2.57,1.52,0.11,4.94,0.8,756,184,2.85,1.69,0.21,5.21,0.86
S<600<=FG DL0,1.15,SG<1500<=FULLG,4000.0,715,274,2.2,1.71,0.24,4.89,0.62,787,565,3.59,2.38,1.13,5.46,0.76,716,-35,3.87,2.55,1.31,5.0,0.71
S<600<=FG DL0,1.15,SG<1500<=FULLG,5000.0,704,282,1.96,1.6,0.13,4.81,0.6,775,565,3.45,2.31,0.99,5.37,0.83,701,-35,3.82,2.53,1.27,4.9,0.76
S<600<=FG DL0,1.15,SG<1500<=FULLG,6000.0,638,282,1.98,1.5,0.13,4.37,0.55,745,565,3.25,2.13,0.74,5.16,0.89,703,-35,3.64,2.44,1.07,4.9,0.81
S<600<=FG DL0,1.15,SG<1500<=FULLG,7000.0,573,132,1.93,1.5,0.13,3.93,0.52,680,565,3.03,2.0,0.69,4.71,0.79,648,-35,3.65,2.33,1.04,4.53,0.79
S<600<=FG DL0,1.15,S<2000<=NOB,4000.0,540,141,1.86,1.36,0.0,3.71,0.51,700,432,2.67,1.75,0.44,4.82,0.59,817,582,2.95,1.81,0.41,5.62,0.79
S<600<=FG DL0,1.15,S<2000<=NOB,5000.0,520,141,1.76,1.36,0.0,3.57,0.48,727,432,2.57,1.64,0.19,5.0,0.78,788,574,2.87,1.73,0.3,5.42,0.84
S<600<=FG DL0,1.15,S<2000<=NOB,6000.0,471,132,1.59,1.34,0.0,3.24,0.42,706,432,2.42,1.47,0.05,4.85,0.81,753,591,2.69,1.53,0.07,5.18,0.87
S<600<=FG DL0,1.15,S<2000<=NOB,7000.0,428,-9,1.56,1.31,0.0,2.95,0.39,678,432,2.4,1.44,0.03,4.66,0.81,733,632,2.65,1.58,0.1,5.04,0.9
S<600<=FG DL0,1.15,SG<2000<=NOB,4000.0,538,132,1.91,1.43,0.08,3.7,0.5,766,432,2.81,1.81,0.4,5.27,0.76,797,582,3.04,1.9,0.42,5.49,0.85
S<600<=FG DL0,1.15,SG<2000<=NOB,5000.0,528,132,1.9,1.43,0.08,3.63,0.5,741,432,2.73,1.65,0.25,5.1,0.81,758,432,2.75,1.67,0.23,5.21,0.84
S<600<=FG DL0,1.15,SG<2000<=NOB,6000.0,465,-18,1.79,1.39,0.08,3.21,0.45,726,441,2.53,1.51,0.11,4.99,0.79,718,432,2.64,1.63,0.19,4.94,0.8
S<600<=FG DL0,1.15,SG<2000<=NOB,7000.0,429,-18,1.71,1.37,0.08,2.96,0.39,705,432,2.49,1.49,0.11,4.85,0.78,738,582,2.62,1.61,0.16,5.07,0.85
S<600<=FG DL0,1.15,S<2000<=FULL,4000.0,609,141,1.83,1.47,0.0,4.17,0.56,758,574,2.78,1.79,0.35,5.22,0.73,797,334,3.1,1.81,0.44,5.5,0.79
S<600<=FG DL0,1.15,S<2000<=FULL,5000.0,607,141,1.83,1.52,0.0,4.15,0.57,797,582,2.69,1.6,0.15,5.47,0.89,794,334,3.1,1.78,0.33,5.47,0.92
S<600<=FG DL0,1.15,S<2000<=FULL,6000.0,549,141,1.94,1.42,0.0,3.77,0.57,727,582,2.59,1.58,0.14,5.0,0.8,731,184,2.96,1.73,0.29,5.04,0.89
S<600<=FG DL0,1.15,S<2000<=FULL,7000.0,509,-9,1.92,1.39,0.0,3.51,0.55,679,432,2.56,1.51,0.07,4.67,0.76,726,184,2.81,1.67,0.21,5.01,0.84
S<600<=FG DL0,1.15,SG<2000<=FULL,4000.0,633,132,2.19,1.67,0.22,4.35,0.58,848,591,2.69,1.63,0.09,5.81,0.92,732,124,3.3,2.1,0.81,5.07,0.69
S<600<=FG DL0,1.15,SG<2000<=FULL,5000.0,623,132,2.0,1.58,0.13,4.27,0.57,793,582,2.58,1.56,0.08,5.44,0.9,793,334,3.08,1.79,0.36,5.47,0.92
S<600<=FG DL0,1.15,SG<2000<=FULL,6000.0,566,132,1.93,1.56,0.09,3.89,0.56,761,582,2.51,1.53,0.07,5.22,0.85,754,184,2.91,1.63,0.19,5.2,0.89
S<600<=FG DL0,1.15,SG<2000<=FULL,7000.0,517,-18,2.06,1.47,0.07,3.57,0.54,728,432,2.64,1.51,0.11,5.01,0.83,715,184,2.81,1.56,0.16,4.93,0.84
S<600<=FG DL0,1.15,S<2000<=FULLG,4000.0,640,155,1.78,1.52,0.0,4.37,0.56,653,259,2.83,1.81,0.68,4.52,0.5,808,277,3.06,1.8,0.43,5.56,0.81
S<600<=FG DL0,1.15,S<2000<=FULLG,5000.0,640,282,1.83,1.5,0.0,4.37,0.58,799,582,2.88,1.74,0.32,5.49,0.89,830,427,3.06,1.81,0.31,5.71,0.94
S<600<=FG DL0,1.15,S<2000<=FULLG,6000.0,589,141,1.79,1.48,0.0,4.03,0.57,763,477,2.79,1.62,0.21,5.25,0.92,772,277,3.04,1.76,0.29,5.33,0.95
S<600<=FG DL0,1.15,S<2000<=FULLG,7000.0,536,132,1.82,1.38,0.0,3.68,0.54,681,432,2.66,1.56,0.13,4.69,0.78,760,277,2.9,1.7,0.19,5.24,0.89
S<600<=FG DL0,1.15,SG<2000<=FULLG,4000.0,634,132,2.0,1.55,0.1,4.35,0.55,823,706,3.16,1.88,0.49,5.67,0.75,798,180,3.29,2.03,0.71,5.51,0.77
S<600<=FG DL0,1.15,SG<2000<=FULLG,5000.0,615,132,2.04,1.53,0.09,4.22,0.58,771,582,2.71,1.66,0.22,5.3,0.85,796,274,3.07,1.82,0.39,5.49,0.81
S<600<=FG DL0,1.15,SG<2000<=FULLG,6000.0,573,132,1.98,1.49,0.07,3.94,0.56,775,709,2.62,1.54,0.08,5.32,0.92,757,184,3.02,1.72,0.27,5.22,0.91
S<600<=FG DL0,1.15,SG<2000<=FULLG,7000.0,525,-18,1.97,1.45,0.07,3.62,0.54,747,582,2.65,1.54,0.1,5.13,0.84,750,184,2.84,1.68,0.19,5.16,0.85
S<600<=FG DL1000,1.15,Ultra,4000.0,856,282,2.31,1.68,0.19,5.84,0.8,647,256,3.67,2.47,1.64,4.53,0.42,778,178,3.62,2.22,1.07,5.4,0.71
S<600<=FG DL1000,1.15,Ultra,5000.0,779,291,2.12,1.56,0.07,5.32,0.71,708,274,3.35,2.11,0.94,4.92,0.8,731,124,3.36,2.19,0.91,5.07,0.74
S<600<=FG DL1000,1.15,Ultra,6000.0,705,155,2.03,1.51,0.06,4.82,0.63,684,274,3.09,2.04,0.74,4.74,0.78,663,124,3.35,2.17,0.9,4.61,0.81
S<600<=FG DL1000,1.15,Ultra,7000.0,631,141,1.95,1.48,0.05,4.32,0.6,616,124,3.03,1.88,0.72,4.28,0.77,663,124,3.2,2.1,0.73,4.61,0.8
S<600<=FG DL1000,1.15,SAFE,4000.0,422,133,1.52,1.27,0.0,2.9,0.35,536,282,1.97,1.51,0.44,3.69,0.17,563,274,2.11,1.6,0.5,3.87,0.2
S<600<=FG DL1000,1.15,SAFE,5000.0,378,-9,1.52,1.18,0.0,2.61,0.33,530,282,1.58,1.06,0.06,3.62,0.22,550,282,1.79,1.27,0.11,3.77,0.28
S<600<=FG DL1000,1.15,SAFE,6000.0,331,-9,1.51,1.09,0.0,2.3,0.3,448,141,1.54,1.04,0.04,3.08,0.19,497,282,1.78,1.24,0.11,3.41,0.25
S<600<=FG DL1000,1.15,SAFE,7000.0,285,-9,1.36,1.07,0.0,1.98,0.19,388,132,1.44,1.04,0.04,2.67,0.03,434,132,1.74,1.19,0.1,2.99,0.19
S<600<=FG DL1000,1.15,SAFEG,4000.0,459,141,1.53,1.31,0.0,3.15,0.36,593,282,2.19,1.5,0.39,4.08,0.43,624,282,2.08,1.52,0.32,4.28,0.3
S<600<=FG DL1000,1.15,SAFEG,5000.0,400,-9,1.52,1.2,0.0,2.76,0.34,572,282,1.95,1.29,0.12,3.93,0.38,580,282,1.77,1.33,0.12,3.97,0.32
S<600<=FG DL1000,1.15,SAFEG,6000.0,362,-9,1.52,1.1,0.0,2.5,0.31,491,132,1.78,1.22,0.1,3.38,0.28,504,282,1.72,1.29,0.1,3.46,0.28
S<600<=FG DL1000,1.15,SAFEG,7000.0,306,-9,1.45,1.07,0.0,2.12,0.24,467,132,1.68,1.22,0.09,3.21,0.23,468,141,1.73,1.3,0.12,3.22,0.24
S<600<=FG DL1000,1.15,S<1000<=NOB,4000.0,617,291,1.9,1.53,0.13,4.22,0.54,843,576,2.91,1.83,0.4,5.79,0.83,897,706,3.14,1.83,0.31,6.16,0.96
S<600<=FG DL1000,1.15,S<1000<=NOB,5000.0,558,141,1.75,1.5,0.07,3.82,0.49,817,628,2.78,1.64,0.16,5.61,0.92,848,706,2.88,1.71,0.18,5.82,0.99
S<600<=FG DL1000,1.15,S<1000<=NOB,6000.0,506,141,1.85,1.41,0.07,3.48,0.47,750,582,2.62,1.57,0.1,5.15,0.81,792,706,2.71,1.59,0.07,5.44,0.9
S<600<=FG DL1000,1.15,S<1000<=NOB,7000.0,446,-9,1.66,1.37,0.07,3.07,0.43,727,484,2.45,1.51,0.06,4.99,0.83,754,582,2.59,1.59,0.07,5.18,0.89
S<600<=FG DL1000,1.15,SG<1000<=NOB,4000.0,612,141,1.91,1.57,0.13,4.19,0.54,878,582,2.92,1.85,0.37,6.02,0.92,888,706,3.15,1.84,0.31,6.1,0.99
S<600<=FG DL1000,1.15,SG<1000<=NOB,5000.0,554,133,1.77,1.5,0.09,3.8,0.49,815,582,2.72,1.6,0.1,5.59,0.9,828,582,2.9,1.78,0.25,5.69,0.93
S<600<=FG DL1000,1.15,SG<1000<=NOB,6000.0,501,-9,1.87,1.44,0.09,3.45,0.47,754,582,2.54,1.52,0.05,5.17,0.83,793,637,2.67,1.59,0.07,5.44,0.9
S<600<=FG DL1000,1.15,SG<1000<=NOB,7000.0,442,-17,1.69,1.4,0.09,3.05,0.43,732,484,2.5,1.51,0.05,5.03,0.83,751,582,2.59,1.59,0.07,5.16,0.86
S<600<=FG DL1000,1.15,S<1000<=FULL,4000.0,795,291,2.16,1.72,0.26,5.43,0.67,732,256,3.33,2.12,0.95,5.08,0.63,919,582,3.31,1.87,0.39,6.32,0.98
S<600<=FG DL1000,1.15,S<1000<=FULL,5000.0,771,283,2.05,1.59,0.1,5.26,0.69,812,582,2.92,1.7,0.27,5.58,0.94,883,582,3.17,1.84,0.32,6.07,1.02
S<600<=FG DL1000,1.15,S<1000<=FULL,6000.0,695,282,2.0,1.52,0.05,4.75,0.62,759,582,2.68,1.62,0.18,5.22,0.86,821,489,3.09,1.8,0.29,5.65,0.98
S<600<=FG DL1000,1.15,S<1000<=FULL,7000.0,616,133,1.92,1.48,0.05,4.22,0.58,715,432,2.54,1.53,0.1,4.92,0.81,814,432,2.93,1.7,0.19,5.6,0.95
S<600<=FG DL1000,1.15,SG<1000<=FULL,4000.0,777,282,2.35,1.83,0.37,5.31,0.7,735,565,3.6,2.43,1.21,5.11,0.78,836,274,3.59,2.23,0.9,5.79,0.85
S<600<=FG DL1000,1.15,SG<1000<=FULL,5000.0,772,282,2.09,1.61,0.12,5.27,0.69,730,460,3.47,2.36,1.14,5.07,0.82,795,274,3.48,2.22,0.89,5.5,0.84
S<600<=FG DL1000,1.15,SG<1000<=FULL,6000.0,686,282,2.04,1.54,0.07,4.69,0.62,666,460,3.37,2.23,1.05,4.64,0.82,723,124,3.33,2.13,0.77,5.01,0.88
S<600<=FG DL1000,1.15,SG<1000<=FULL,7000.0,616,132,1.96,1.5,0.06,4.22,0.58,637,310,3.1,2.02,0.89,4.43,0.75,718,124,3.2,2.07,0.67,4.97,0.84
S<600<=FG DL1000,1.15,S<1000<=FULLG,4000.0,817,432,2.37,1.8,0.33,5.59,0.78,738,256,3.28,2.15,1.07,5.11,0.57,855,282,3.19,1.85,0.41,5.89,0.91
S<600<=FG DL1000,1.15,S<1000<=FULLG,5000.0,782,291,2.05,1.6,0.11,5.33,0.69,797,582,2.92,1.85,0.4,5.49,0.82,835,282,3.13,1.83,0.41,5.75,0.91
S<600<=FG DL1000,1.15,S<1000<=FULLG,6000.0,704,282,2.01,1.51,0.06,4.81,0.62,772,432,2.76,1.67,0.17,5.31,0.92,763,282,2.97,1.79,0.32,5.26,0.93
S<600<=FG DL1000,1.15,S<1000<=FULLG,7000.0,636,141,1.94,1.5,0.06,4.36,0.6,710,432,2.56,1.54,0.12,4.88,0.82,763,132,2.82,1.72,0.24,5.25,0.85
S<600<=FG DL1000,1.15,SG<1000<=FULLG,4000.0,775,432,2.22,1.79,0.33,5.29,0.65,815,607,3.69,2.59,1.35,5.65,0.72,758,-35,3.83,2.53,1.29,5.27,0.76
S<600<=FG DL1000,1.15,SG<1000<=FULLG,5000.0,743,282,2.05,1.63,0.13,5.07,0.66,749,570,3.59,2.41,1.13,5.2,0.85,745,-35,3.74,2.51,1.24,5.19,0.76
S<600<=FG DL1000,1.15,SG<1000<=FULLG,6000.0,693,282,2.03,1.53,0.07,4.74,0.62,730,565,3.35,2.29,0.94,5.06,0.89,687,-35,3.64,2.47,1.1,4.79,0.84
S<600<=FG DL1000,1.15,SG<1000<=FULLG,7000.0,617,132,1.96,1.51,0.07,4.23,0.6,685,565,3.23,2.16,0.86,4.76,0.85,697,-35,3.55,2.37,0.99,4.85,0.81
S<600<=FG DL1000,1.15,S<1500<=NOB,4000.0,565,282,1.81,1.43,0.06,3.87,0.5,783,432,2.83,1.81,0.42,5.39,0.71,881,632,3.03,1.84,0.31,6.05,0.98
S<600<=FG DL1000,1.15,S<1500<=NOB,5000.0,545,141,1.84,1.37,0.0,3.74,0.51,752,582,2.66,1.61,0.15,5.17,0.83,826,706,2.81,1.67,0.19,5.67,0.93
S<600<=FG DL1000,1.15,S<1500<=NOB,6000.0,488,141,1.7,1.36,0.0,3.35,0.43,714,432,2.57,1.56,0.13,4.91,0.8,802,706,2.68,1.61,0.09,5.5,0.9
S<600<=FG DL1000,1.15,S<1500<=NOB,7000.0,447,-9,1.57,1.29,0.0,3.07,0.4,688,432,2.47,1.51,0.08,4.73,0.78,760,632,2.58,1.59,0.07,5.21,0.9
S<600<=FG DL1000,1.15,SG<1500<=NOB,4000.0,513,132,2.12,1.49,0.24,3.55,0.45,874,582,2.99,1.85,0.37,6.0,0.93,842,582,3.36,2.01,0.54,5.81,0.93
S<600<=FG DL1000,1.15,SG<1500<=NOB,5000.0,508,132,2.05,1.47,0.21,3.51,0.43,815,582,2.67,1.57,0.08,5.59,0.91,828,706,2.99,1.78,0.27,5.7,0.98
S<600<=FG DL1000,1.15,SG<1500<=NOB,6000.0,435,132,1.76,1.45,0.21,3.0,0.33,768,441,2.63,1.53,0.06,5.27,0.88,796,706,2.81,1.68,0.2,5.47,0.93
S<600<=FG DL1000,1.15,SG<1500<=NOB,7000.0,396,-18,1.73,1.41,0.21,2.74,0.31,707,432,2.45,1.51,0.06,4.85,0.8,752,582,2.74,1.66,0.2,5.17,0.89
S<600<=FG DL1000,1.15,S<1500<=FULL,4000.0,719,282,2.05,1.62,0.17,4.91,0.6,757,256,3.17,2.01,0.82,5.23,0.65,861,574,3.15,1.85,0.41,5.93,0.87
S<600<=FG DL1000,1.15,S<1500<=FULL,5000.0,697,282,2.07,1.55,0.1,4.76,0.62,792,582,2.81,1.65,0.24,5.44,0.9,833,432,3.13,1.82,0.34,5.73,0.92
S<600<=FG DL1000,1.15,S<1500<=FULL,6000.0,633,282,2.02,1.48,0.06,4.34,0.57,748,582,2.66,1.62,0.18,5.14,0.81,829,432,3.02,1.78,0.23,5.7,0.93
S<600<=FG DL1000,1.15,S<1500<=FULL,7000.0,569,132,2.0,1.46,0.05,3.91,0.55,690,432,2.49,1.51,0.11,4.74,0.76,755,282,2.94,1.64,0.2,5.21,0.91
S<600<=FG DL1000,1.15,SG<1500<=FULL,4000.0,693,274,2.09,1.67,0.22,4.74,0.57,930,715,2.94,1.88,0.33,6.38,0.94,697,-35,3.79,2.5,1.29,4.87,0.72
S<600<=FG DL1000,1.15,SG<1500<=FULL,5000.0,686,283,1.94,1.57,0.1,4.69,0.62,914,715,2.82,1.74,0.15,6.26,1.08,684,-35,3.61,2.46,1.15,4.77,0.74
S<600<=FG DL1000,1.15,SG<1500<=FULL,6000.0,625,282,2.03,1.49,0.05,4.29,0.58,879,628,2.74,1.67,0.1,6.02,0.98,652,-35,3.54,2.35,1.0,4.56,0.81
S<600<=FG DL1000,1.15,SG<1500<=FULL,7000.0,568,133,2.0,1.48,0.04,3.9,0.56,816,591,2.67,1.55,0.11,5.6,0.94,614,-35,3.47,2.3,1.01,4.3,0.78
S<600<=FG DL1000,1.15,S<1500<=FULLG,4000.0,736,274,2.33,1.74,0.31,5.04,0.69,748,256,3.28,2.06,0.9,5.18,0.62,869,432,3.2,1.83,0.39,5.98,0.91
S<600<=FG DL1000,1.15,S<1500<=FULLG,5000.0,720,282,2.04,1.62,0.2,4.92,0.61,811,574,2.82,1.73,0.29,5.57,0.87,826,282,3.1,1.81,0.39,5.69,0.9
S<600<=FG DL1000,1.15,S<1500<=FULLG,6000.0,649,282,2.0,1.5,0.14,4.45,0.55,771,582,2.77,1.59,0.17,5.3,0.9,809,282,2.99,1.78,0.27,5.57,0.9
S<600<=FG DL1000,1.15,S<1500<=FULLG,7000.0,571,132,1.95,1.48,0.14,3.92,0.51,720,477,2.58,1.52,0.11,4.95,0.8,776,282,2.84,1.7,0.2,5.34,0.88
S<600<=FG DL1000,1.15,SG<1500<=FULLG,4000.0,716,274,2.2,1.71,0.24,4.9,0.62,788,565,3.56,2.38,1.13,5.46,0.76,736,-35,3.84,2.53,1.27,5.13,0.74
S<600<=FG DL1000,1.15,SG<1500<=FULLG,5000.0,706,282,1.96,1.6,0.13,4.82,0.6,774,565,3.42,2.31,0.99,5.36,0.83,720,-35,3.79,2.51,1.23,5.02,0.79
S<600<=FG DL1000,1.15,SG<1500<=FULLG,6000.0,641,282,1.98,1.5,0.13,4.39,0.55,745,565,3.25,2.13,0.74,5.16,0.89,727,-35,3.62,2.43,1.02,5.06,0.85
S<600<=FG DL1000,1.15,SG<1500<=FULLG,7000.0,576,132,1.93,1.5,0.13,3.95,0.52,680,565,3.03,2.0,0.69,4.71,0.79,665,-35,3.62,2.33,1.02,4.64,0.81
S<600<=FG DL1000,1.15,S<2000<=NOB,4000.0,540,141,1.86,1.36,0.0,3.71,0.51,700,432,2.66,1.75,0.44,4.82,0.6,822,582,2.94,1.82,0.4,5.65,0.81
S<600<=FG DL1000,1.15,S<2000<=NOB,5000.0,520,141,1.76,1.36,0.0,3.57,0.48,727,432,2.57,1.64,0.19,5.0,0.78,798,577,2.81,1.73,0.3,5.48,0.84
S<600<=FG DL1000,1.15,S<2000<=NOB,6000.0,471,132,1.59,1.34,0.0,3.24,0.42,708,432,2.4,1.47,0.05,4.86,0.81,760,591,2.67,1.54,0.07,5.22,0.88
S<600<=FG DL1000,1.15,S<2000<=NOB,7000.0,428,-9,1.56,1.31,0.0,2.95,0.39,682,432,2.37,1.44,0.03,4.69,0.81,739,706,2.59,1.58,0.07,5.08,0.9
S<600<=FG DL1000,1.15,SG<2000<=NOB,4000.0,538,132,1.91,1.43,0.08,3.7,0.5,767,432,2.81,1.81,0.4,5.28,0.76,805,582,3.02,1.9,0.41,5.54,0.86
S<600<=FG DL1000,1.15,SG<2000<=NOB,5000.0,528,132,1.9,1.43,0.08,3.63,0.5,741,432,2.7,1.64,0.25,5.1,0.81,766,432,2.75,1.73,0.25,5.27,0.84
S<600<=FG DL1000,1.15,SG<2000<=NOB,6000.0,465,-18,1.79,1.39,0.08,3.21,0.45,726,441,2.51,1.5,0.11,4.99,0.79,730,432,2.7,1.69,0.22,5.02,0.84
S<600<=FG DL1000,1.15,SG<2000<=NOB,7000.0,429,-18,1.71,1.37,0.08,2.96,0.39,707,432,2.46,1.49,0.11,4.85,0.78,744,582,2.6,1.62,0.16,5.11,0.86
S<600<=FG DL1000,1.15,S<2000<=FULL,4000.0,609,141,1.83,1.47,0.0,4.17,0.56,756,574,2.77,1.79,0.35,5.2,0.72,815,432,3.08,1.82,0.43,5.61,0.8
S<600<=FG DL1000,1.15,S<2000<=FULL,5000.0,608,141,1.83,1.52,0.0,4.16,0.57,784,582,2.68,1.6,0.15,5.38,0.88,812,432,3.05,1.78,0.3,5.59,0.94
S<600<=FG DL1000,1.15,S<2000<=FULL,6000.0,549,141,1.94,1.42,0.0,3.77,0.57,727,582,2.59,1.57,0.14,5.0,0.8,750,282,2.94,1.73,0.28,5.17,0.91
S<600<=FG DL1000,1.15,S<2000<=FULL,7000.0,509,-9,1.92,1.39,0.0,3.51,0.55,680,432,2.56,1.51,0.07,4.68,0.76,744,282,2.79,1.67,0.2,5.13,0.85
S<600<=FG DL1000,1.15,SG<2000<=FULL,4000.0,633,132,2.19,1.67,0.22,4.35,0.58,850,591,2.67,1.64,0.09,5.82,0.93,750,124,3.28,2.09,0.79,5.19,0.71
S<600<=FG DL1000,1.15,SG<2000<=FULL,5000.0,622,132,2.0,1.59,0.13,4.26,0.57,793,582,2.55,1.56,0.08,5.44,0.9,810,424,3.08,1.79,0.34,5.58,0.94
S<600<=FG DL1000,1.15,SG<2000<=FULL,6000.0,566,132,1.93,1.56,0.09,3.89,0.56,758,582,2.48,1.52,0.07,5.2,0.85,772,282,2.9,1.63,0.17,5.32,0.91
S<600<=FG DL1000,1.15,SG<2000<=FULL,7000.0,517,-18,2.06,1.47,0.07,3.57,0.54,729,432,2.6,1.51,0.1,5.01,0.83,731,282,2.78,1.56,0.14,5.04,0.86
S<600<=FG DL1000,1.15,S<2000<=FULLG,4000.0,640,155,1.78,1.52,0.0,4.37,0.56,653,259,2.83,1.81,0.68,4.52,0.5,828,282,3.04,1.81,0.41,5.7,0.84
S<600<=FG DL1000,1.15,S<2000<=FULLG,5000.0,640,282,1.83,1.5,0.0,4.38,0.58,793,582,2.87,1.74,0.31,5.45,0.89,844,432,3.05,1.81,0.31,5.81,0.96
S<600<=FG DL1000,1.15,S<2000<=FULLG,6000.0,590,141,1.79,1.48,0.0,4.04,0.57,762,477,2.79,1.62,0.21,5.24,0.92,826,342,2.98,1.76,0.19,5.68,0.98
S<600<=FG DL1000,1.15,S<2000<=FULLG,7000.0,536,132,1.82,1.38,0.0,3.68,0.54,675,432,2.66,1.56,0.13,4.65,0.78,775,342,2.87,1.71,0.19,5.33,0.9
S<600<=FG DL1000,1.15,SG<2000<=FULLG,4000.0,634,132,2.0,1.55,0.1,4.35,0.55,824,706,3.12,1.88,0.49,5.67,0.75,819,274,3.28,2.01,0.67,5.65,0.8
S<600<=FG DL1000,1.15,SG<2000<=FULLG,5000.0,614,132,2.04,1.53,0.09,4.21,0.58,776,582,2.67,1.67,0.22,5.33,0.84,812,282,3.05,1.81,0.38,5.59,0.84
S<600<=FG DL1000,1.15,SG<2000<=FULLG,6000.0,574,132,1.98,1.49,0.07,3.94,0.56,775,709,2.62,1.54,0.08,5.32,0.92,812,282,2.95,1.69,0.16,5.59,0.94
S<600<=FG DL1000,1.15,SG<2000<=FULLG,7000.0,525,-18,1.97,1.45,0.07,3.62,0.54,750,582,2.65,1.54,0.1,5.15,0.84,769,282,2.79,1.67,0.16,5.29,0.87
S<600<=FG DL500,1.15,Ultra,4000.0,824,265,2.62,1.71,0.21,5.65,0.78,657,1,4.16,2.19,1.15,4.62,0.59,784,274,3.57,2.16,0.99,5.44,0.7
S<600<=FG DL500,1.15,Ultra,5000.0,766,274,2.17,1.57,0.07,5.23,0.68,659,-44,3.99,2.06,0.87,4.62,0.74,782,424,3.43,2.08,0.78,5.41,0.79
S<600<=FG DL500,1.15,Ultra,6000.0,684,132,2.11,1.53,0.04,4.68,0.63,633,-44,3.76,1.94,0.77,4.44,0.75,690,274,3.27,1.91,0.64,4.79,0.85
S<600<=FG DL500,1.15,Ultra,7000.0,613,124,2.07,1.5,0.04,4.21,0.6,571,-44,3.64,1.84,0.69,4.02,0.71,649,274,3.16,1.82,0.56,4.51,0.84
S<600<=FG DL500,1.15,SAFE,4000.0,417,-9,1.6,1.24,0.0,2.88,0.35,494,120,2.45,1.43,0.38,3.44,0.13,509,274,2.24,1.62,0.52,3.53,0.16
S<600<=FG DL500,1.15,SAFE,5000.0,369,-17,1.59,1.16,0.0,2.55,0.33,450,118,2.13,1.12,0.05,3.12,0.26,487,141,1.99,1.39,0.22,3.36,0.21
S<600<=FG DL500,1.15,SAFE,6000.0,326,-17,1.57,1.08,0.0,2.27,0.29,400,13,2.09,1.12,0.04,2.79,0.2,433,141,2.02,1.31,0.19,3.01,0.2
S<600<=FG DL500,1.15,SAFE,7000.0,278,-17,1.41,1.07,0.0,1.93,0.17,320,-32,1.96,1.04,0.04,2.25,0.03,370,-9,1.93,1.22,0.19,2.58,0.16
S<600<=FG DL500,1.15,SAFEG,4000.0,451,132,1.62,1.27,0.0,3.1,0.37,529,120,2.52,1.49,0.28,3.67,0.34,567,265,2.3,1.56,0.38,3.91,0.27
S<600<=FG DL500,1.15,SAFEG,5000.0,393,-9,1.59,1.2,0.0,2.71,0.34,514,118,2.3,1.24,0.06,3.56,0.33,512,282,2.03,1.41,0.24,3.53,0.24
S<600<=FG DL500,1.15,SAFEG,6000.0,350,-9,1.58,1.11,0.0,2.43,0.29,437,13,2.35,1.27,0.13,3.05,0.29,431,141,2.0,1.39,0.2,2.99,0.21
S<600<=FG DL500,1.15,SAFEG,7000.0,300,-17,1.52,1.08,0.0,2.09,0.24,401,-32,2.26,1.27,0.15,2.81,0.23,399,132,1.96,1.39,0.2,2.78,0.21
S<600<=FG DL500,1.15,S<1000<=NOB,4000.0,598,282,2.02,1.45,0.12,4.11,0.48,750,265,3.51,1.75,0.37,5.21,0.72,801,432,3.14,1.8,0.41,5.53,0.81
S<600<=FG DL500,1.15,S<1000<=NOB,5000.0,535,132,1.94,1.41,0.07,3.68,0.48,756,322,3.3,1.54,0.14,5.24,0.79,782,582,2.87,1.61,0.19,5.38,0.84
S<600<=FG DL500,1.15,S<1000<=NOB,6000.0,492,132,1.75,1.39,0.07,3.38,0.43,694,265,3.1,1.45,0.06,4.81,0.71,742,582,2.8,1.59,0.17,5.11,0.8
S<600<=FG DL500,1.15,S<1000<=NOB,7000.0,427,-9,1.72,1.35,0.07,2.95,0.41,653,265,3.1,1.44,0.06,4.53,0.71,702,432,2.73,1.59,0.17,4.84,0.79
S<600<=FG DL500,1.15,SG<1000<=NOB,4000.0,587,132,2.09,1.5,0.16,4.04,0.48,801,415,3.51,1.8,0.35,5.55,0.82,799,432,3.13,1.83,0.41,5.51,0.87
S<600<=FG DL500,1.15,SG<1000<=NOB,5000.0,530,124,2.0,1.45,0.1,3.65,0.48,766,415,3.32,1.55,0.14,5.3,0.78,766,432,2.89,1.7,0.27,5.27,0.79
S<600<=FG DL500,1.15,SG<1000<=NOB,6000.0,482,-18,1.81,1.4,0.1,3.32,0.43,703,310,3.08,1.45,0.05,4.87,0.72,741,492,2.76,1.59,0.17,5.1,0.79
S<600<=FG DL500,1.15,SG<1000<=NOB,7000.0,423,-18,1.79,1.38,0.1,2.93,0.41,666,265,3.1,1.45,0.06,4.62,0.71,698,432,2.73,1.59,0.17,4.81,0.76
S<600<=FG DL500,1.15,S<1000<=FULL,4000.0,755,265,2.51,1.72,0.3,5.18,0.63,747,115,3.75,1.78,0.47,5.2,0.73,895,582,3.27,1.84,0.38,6.16,0.93
S<600<=FG DL500,1.15,S<1000<=FULL,5000.0,749,274,2.14,1.57,0.07,5.12,0.66,790,265,3.42,1.57,0.17,5.47,0.92,850,574,3.13,1.78,0.29,5.85,0.99
S<600<=FG DL500,1.15,S<1000<=FULL,6000.0,673,274,2.1,1.55,0.04,4.61,0.61,731,265,3.25,1.51,0.12,5.06,0.79,815,582,3.01,1.62,0.15,5.61,0.96
S<600<=FG DL500,1.15,S<1000<=FULL,7000.0,588,124,2.04,1.5,0.04,4.04,0.58,683,115,3.12,1.4,0.03,4.74,0.75,787,706,2.88,1.5,0.09,5.41,0.95
S<600<=FG DL500,1.15,SG<1000<=FULL,4000.0,741,265,2.67,1.77,0.34,5.1,0.64,560,-44,4.35,2.36,1.37,3.99,0.58,820,274,3.55,2.18,0.86,5.67,0.84
S<600<=FG DL500,1.15,SG<1000<=FULL,5000.0,747,274,2.21,1.58,0.07,5.11,0.65,596,-44,4.16,2.16,1.12,4.22,0.69,783,274,3.44,2.16,0.84,5.42,0.82
S<600<=FG DL500,1.15,SG<1000<=FULL,6000.0,667,266,2.18,1.57,0.07,4.57,0.61,570,-44,3.92,2.06,1.03,4.03,0.68,736,424,3.2,1.9,0.56,5.1,0.87
S<600<=FG DL500,1.15,SG<1000<=FULL,7000.0,583,124,2.12,1.53,0.06,4.01,0.58,531,-44,3.79,1.97,0.94,3.76,0.62,703,424,3.16,1.84,0.55,4.87,0.86
S<600<=FG DL500,1.15,S<1000<=FULLG,4000.0,727,415,2.66,1.81,0.43,5.0,0.62,760,115,3.74,1.79,0.49,5.28,0.69,844,582,3.16,1.83,0.39,5.81,0.88
S<600<=FG DL500,1.15,S<1000<=FULLG,5000.0,738,282,2.25,1.64,0.17,5.05,0.65,780,160,3.53,1.71,0.31,5.41,0.81,819,432,3.13,1.79,0.37,5.64,0.87
S<600<=FG DL500,1.15,S<1000<=FULLG,6000.0,663,274,2.21,1.62,0.16,4.55,0.61,739,115,3.33,1.52,0.14,5.12,0.84,788,432,3.07,1.67,0.22,5.43,0.96
S<600<=FG DL500,1.15,S<1000<=FULLG,7000.0,597,132,2.18,1.58,0.16,4.11,0.6,673,10,3.13,1.4,0.03,4.67,0.78,752,432,2.83,1.5,0.1,5.18,0.88
S<600<=FG DL500,1.15,SG<1000<=FULLG,4000.0,748,424,2.38,1.68,0.29,5.13,0.6,601,-44,4.53,2.5,1.56,4.27,0.5,739,175,3.78,2.38,1.17,5.15,0.76
S<600<=FG DL500,1.15,SG<1000<=FULLG,5000.0,732,274,2.21,1.61,0.1,5.01,0.66,618,-44,4.31,2.34,1.25,4.38,0.72,727,115,3.69,2.37,1.13,5.06,0.75
S<600<=FG DL500,1.15,SG<1000<=FULLG,6000.0,664,274,2.26,1.54,0.07,4.56,0.62,590,-44,4.17,2.26,1.17,4.17,0.75,693,115,3.67,2.3,1.0,4.84,0.83
S<600<=FG DL500,1.15,SG<1000<=FULLG,7000.0,590,124,2.23,1.5,0.07,4.06,0.6,575,-44,3.88,2.1,0.92,4.06,0.72,647,115,3.54,2.15,0.87,4.52,0.83
S<600<=FG DL500,1.15,S<1500<=NOB,4000.0,540,274,1.88,1.41,0.07,3.71,0.5,696,268,3.41,1.74,0.35,4.84,0.66,822,432,3.09,1.83,0.39,5.66,0.87
S<600<=FG DL500,1.15,S<1500<=NOB,5000.0,515,141,1.72,1.36,0.0,3.54,0.46,709,265,3.23,1.55,0.16,4.92,0.72,767,582,2.84,1.61,0.19,5.28,0.81
S<600<=FG DL500,1.15,S<1500<=NOB,6000.0,481,132,1.66,1.33,0.0,3.3,0.42,638,160,3.12,1.46,0.08,4.44,0.71,746,582,2.81,1.6,0.18,5.14,0.8
S<600<=FG DL500,1.15,S<1500<=NOB,7000.0,425,-9,1.65,1.27,0.0,2.93,0.4,601,115,3.1,1.45,0.08,4.19,0.67,699,432,2.74,1.59,0.17,4.82,0.78
S<600<=FG DL500,1.15,SG<1500<=NOB,4000.0,486,124,2.07,1.48,0.25,3.36,0.38,789,322,3.56,1.83,0.4,5.47,0.81,804,432,3.24,1.92,0.47,5.55,0.83
S<600<=FG DL500,1.15,SG<1500<=NOB,5000.0,466,124,1.89,1.44,0.21,3.21,0.3,777,415,3.27,1.55,0.13,5.37,0.81,776,582,2.95,1.65,0.22,5.35,0.88
S<600<=FG DL500,1.15,SG<1500<=NOB,6000.0,408,-18,1.86,1.41,0.21,2.83,0.29,719,291,3.14,1.47,0.06,4.98,0.76,741,582,2.87,1.66,0.24,5.11,0.82
S<600<=FG DL500,1.15,SG<1500<=NOB,7000.0,356,-26,1.83,1.36,0.21,2.48,0.26,668,265,3.09,1.45,0.06,4.63,0.68,694,432,2.8,1.62,0.21,4.79,0.76
S<600<=FG DL500,1.15,S<1500<=FULL,4000.0,701,274,2.29,1.56,0.09,4.81,0.61,736,265,3.62,1.74,0.47,5.12,0.66,848,706,3.14,1.76,0.33,5.84,0.88
S<600<=FG DL500,1.15,S<1500<=FULL,5000.0,677,274,2.06,1.52,0.05,4.64,0.59,795,310,3.42,1.58,0.16,5.5,0.9,822,577,3.08,1.69,0.28,5.66,0.89
S<600<=FG DL500,1.15,S<1500<=FULL,6000.0,620,274,2.05,1.5,0.04,4.26,0.57,732,265,3.24,1.52,0.12,5.07,0.76,777,574,2.93,1.62,0.17,5.35,0.9
S<600<=FG DL500,1.15,S<1500<=FULL,7000.0,542,124,2.0,1.48,0.04,3.73,0.55,657,160,3.08,1.42,0.03,4.56,0.72,743,582,2.84,1.5,0.1,5.12,0.89
S<600<=FG DL500,1.15,SG<1500<=FULL,4000.0,672,265,2.46,1.62,0.18,4.62,0.58,831,415,3.67,1.83,0.42,5.76,0.81,687,265,3.79,2.37,1.17,4.8,0.73
S<600<=FG DL500,1.15,SG<1500<=FULL,5000.0,669,274,2.05,1.53,0.05,4.58,0.58,837,472,3.51,1.66,0.22,5.78,0.95,676,265,3.61,2.34,1.07,4.72,0.71
S<600<=FG DL500,1.15,SG<1500<=FULL,6000.0,612,274,2.05,1.5,0.04,4.2,0.58,826,565,3.4,1.59,0.15,5.71,0.91,629,115,3.8,2.36,1.15,4.41,0.81
S<600<=FG DL500,1.15,SG<1500<=FULL,7000.0,555,124,2.0,1.48,0.04,3.81,0.55,765,415,3.2,1.49,0.06,5.28,0.82,620,115,3.75,2.31,1.12,4.36,0.79
S<600<=FG DL500,1.15,S<1500<=FULLG,4000.0,697,274,2.31,1.59,0.2,4.78,0.63,772,115,3.78,1.79,0.47,5.37,0.75,853,582,3.1,1.81,0.38,5.87,0.87
S<600<=FG DL500,1.15,S<1500<=FULLG,5000.0,652,274,2.22,1.51,0.14,4.48,0.55,768,265,3.48,1.72,0.31,5.33,0.81,820,498,3.04,1.74,0.33,5.64,0.85
S<600<=FG DL500,1.15,S<1500<=FULLG,6000.0,607,266,2.19,1.5,0.14,4.17,0.52,745,115,3.37,1.52,0.15,5.17,0.85,793,489,3.0,1.7,0.26,5.46,0.87
S<600<=FG DL500,1.15,S<1500<=FULLG,7000.0,524,124,2.1,1.49,0.14,3.62,0.45,688,115,3.17,1.41,0.03,4.77,0.76,753,432,2.81,1.49,0.09,5.19,0.87
S<600<=FG DL500,1.15,SG<1500<=FULLG,4000.0,659,265,2.49,1.66,0.26,4.54,0.56,659,115,4.03,1.97,0.76,4.63,0.62,750,265,3.84,2.4,1.19,5.22,0.7
S<600<=FG DL500,1.15,SG<1500<=FULLG,5000.0,635,274,2.16,1.52,0.13,4.36,0.5,666,265,3.84,1.92,0.65,4.67,0.71,688,115,3.7,2.33,1.11,4.8,0.73
S<600<=FG DL500,1.15,SG<1500<=FULLG,6000.0,587,265,2.07,1.5,0.13,4.04,0.5,657,115,3.74,1.74,0.5,4.6,0.78,692,115,3.68,2.3,0.99,4.83,0.84
S<600<=FG DL500,1.15,SG<1500<=FULLG,7000.0,513,124,2.02,1.49,0.13,3.54,0.47,613,115,3.38,1.65,0.41,4.28,0.72,646,115,3.64,2.24,0.97,4.52,0.83
S<600<=FG DL500,1.15,S<2000<=NOB,4000.0,525,141,1.82,1.37,0.0,3.6,0.5,622,163,3.25,1.7,0.38,4.33,0.58,744,424,2.93,1.75,0.39,5.13,0.73
S<600<=FG DL500,1.15,S<2000<=NOB,5000.0,504,132,1.71,1.34,0.0,3.46,0.45,667,265,3.1,1.56,0.19,4.62,0.67,719,424,2.87,1.69,0.29,4.96,0.74
S<600<=FG DL500,1.15,S<2000<=NOB,6000.0,452,-9,1.67,1.31,0.0,3.11,0.42,635,120,2.97,1.42,0.04,4.41,0.69,696,282,2.87,1.58,0.2,4.81,0.8
S<600<=FG DL500,1.15,S<2000<=NOB,7000.0,415,-9,1.64,1.26,0.0,2.86,0.4,588,118,2.9,1.38,0.04,4.09,0.67,662,277,2.81,1.59,0.19,4.58,0.79
S<600<=FG DL500,1.15,SG<2000<=NOB,4000.0,514,124,2.08,1.44,0.09,3.55,0.5,747,415,3.47,1.77,0.33,5.18,0.69,761,424,3.17,1.78,0.35,5.26,0.79
S<600<=FG DL500,1.15,SG<2000<=NOB,5000.0,495,124,1.98,1.4,0.09,3.41,0.45,716,282,3.17,1.56,0.13,4.96,0.72,704,282,2.88,1.65,0.28,4.86,0.77
S<600<=FG DL500,1.15,SG<2000<=NOB,6000.0,445,-26,1.95,1.38,0.09,3.08,0.44,684,328,3.08,1.44,0.03,4.74,0.72,661,194,2.83,1.63,0.27,4.57,0.73
S<600<=FG DL500,1.15,SG<2000<=NOB,7000.0,405,-26,1.88,1.33,0.09,2.81,0.38,659,270,2.99,1.43,0.03,4.57,0.69,671,282,2.76,1.55,0.16,4.64,0.76
S<600<=FG DL500,1.15,S<2000<=FULL,4000.0,594,132,1.93,1.49,0.0,4.07,0.56,683,115,3.32,1.67,0.31,4.75,0.59,784,424,3.1,1.79,0.41,5.41,0.78
S<600<=FG DL500,1.15,S<2000<=FULL,5000.0,603,132,2.04,1.47,0.0,4.14,0.57,735,265,3.29,1.51,0.12,5.09,0.81,800,591,3.03,1.64,0.21,5.51,0.94
S<600<=FG DL500,1.15,S<2000<=FULL,6000.0,550,132,2.01,1.41,0.0,3.79,0.56,677,115,3.15,1.42,0.06,4.69,0.74,770,582,2.97,1.59,0.17,5.3,0.93
S<600<=FG DL500,1.15,S<2000<=FULL,7000.0,509,-9,1.98,1.4,0.0,3.51,0.54,633,115,3.09,1.4,0.03,4.4,0.69,727,582,2.78,1.49,0.09,5.01,0.84
S<600<=FG DL500,1.15,SG<2000<=FULL,4000.0,600,124,2.3,1.57,0.1,4.14,0.56,775,418,3.38,1.51,0.08,5.36,0.84,728,281,3.27,2.01,0.73,5.04,0.67
S<600<=FG DL500,1.15,SG<2000<=FULL,5000.0,599,124,2.25,1.53,0.09,4.12,0.55,737,313,3.17,1.49,0.08,5.1,0.81,782,432,3.05,1.63,0.21,5.39,0.95
S<600<=FG DL500,1.15,SG<2000<=FULL,6000.0,537,124,2.13,1.51,0.08,3.71,0.55,695,268,3.08,1.45,0.05,4.81,0.73,751,582,3.1,1.61,0.23,5.19,0.91
S<600<=FG DL500,1.15,SG<2000<=FULL,7000.0,502,-26,2.11,1.48,0.08,3.47,0.53,654,163,3.06,1.42,0.03,4.54,0.72,726,492,2.91,1.55,0.17,5.01,0.84
S<600<=FG DL500,1.15,S<2000<=FULLG,4000.0,624,282,1.89,1.46,0.0,4.27,0.56,514,115,3.44,1.7,0.77,3.62,0.31,782,424,3.07,1.79,0.41,5.39,0.75
S<600<=FG DL500,1.15,S<2000<=FULLG,5000.0,630,275,1.95,1.5,0.0,4.31,0.58,758,265,3.42,1.59,0.2,5.25,0.83,810,441,3.04,1.73,0.24,5.58,0.94
S<600<=FG DL500,1.15,S<2000<=FULLG,6000.0,574,141,2.05,1.44,0.0,3.95,0.57,734,115,3.32,1.48,0.1,5.09,0.86,788,582,2.94,1.58,0.1,5.42,0.94
S<600<=FG DL500,1.15,S<2000<=FULLG,7000.0,525,132,2.01,1.41,0.0,3.62,0.55,663,115,3.2,1.42,0.06,4.6,0.73,748,582,2.79,1.51,0.1,5.15,0.87
S<600<=FG DL500,1.15,SG<2000<=FULLG,4000.0,591,124,2.47,1.64,0.21,4.08,0.55,719,118,3.74,1.77,0.46,5.01,0.63,782,334,3.2,1.93,0.59,5.4,0.78
S<600<=FG DL500,1.15,SG<2000<=FULLG,5000.0,594,124,2.27,1.52,0.08,4.09,0.57,699,118,3.27,1.55,0.19,4.85,0.72,788,574,3.06,1.65,0.24,5.43,0.8
S<600<=FG DL500,1.15,SG<2000<=FULLG,6000.0,555,124,2.25,1.49,0.08,3.83,0.55,714,118,3.18,1.42,0.02,4.94,0.83,780,582,3.06,1.54,0.13,5.38,0.96
S<600<=FG DL500,1.15,SG<2000<=FULLG,7000.0,505,-26,2.23,1.48,0.08,3.5,0.54,671,118,3.1,1.4,0.01,4.65,0.73,740,432,2.82,1.53,0.13,5.1,0.85
FULL,1.15,Ultra,4000.0,841,282,2.29,1.74,0.18,5.74,0.79,621,10,3.69,2.42,1.52,4.35,0.49,747,106,4.11,2.24,1.05,5.22,0.73
FULL,1.15,Ultra,5000.0,770,282,2.14,1.67,0.12,5.26,0.7,666,13,3.41,2.21,1.06,4.64,0.66,690,20,3.99,2.2,0.89,4.83,0.76
FULL,1.15,Ultra,6000.0,685,132,2.16,1.61,0.14,4.69,0.63,623,-32,3.31,2.07,0.92,4.35,0.77,632,20,3.91,2.1,0.82,4.44,0.81
FULL,1.15,Ultra,7000.0,614,132,2.07,1.58,0.14,4.21,0.6,587,-32,3.16,1.97,0.81,4.1,0.74,653,20,3.81,2.1,0.74,4.58,0.8
FULL,1.15,SAFE,4000.0,432,-9,1.54,1.26,0.0,2.97,0.35,554,282,1.85,1.37,0.23,3.8,0.22,579,282,2.24,1.5,0.34,3.99,0.24
FULL,1.15,SAFE,5000.0,388,-9,1.54,1.2,0.0,2.67,0.33,507,282,1.65,1.15,0.1,3.48,0.19,553,274,2.12,1.35,0.2,3.81,0.3
FULL,1.15,SAFE,6000.0,342,-9,1.55,1.12,0.0,2.37,0.31,457,132,1.6,1.07,0.04,3.14,0.21,492,274,2.06,1.26,0.13,3.4,0.27
FULL,1.15,SAFE,7000.0,299,-9,1.37,1.07,0.0,2.07,0.18,374,132,1.49,1.04,0.04,2.58,0.06,449,274,1.97,1.21,0.1,3.11,0.2
FULL,1.15,SAFEG,4000.0,456,133,1.56,1.31,0.0,3.13,0.37,634,282,2.17,1.55,0.35,4.35,0.47,627,282,2.27,1.53,0.3,4.31,0.31
FULL,1.15,SAFEG,5000.0,414,-9,1.54,1.22,0.0,2.85,0.34,575,282,1.94,1.29,0.1,3.94,0.42,597,274,2.1,1.39,0.16,4.1,0.36
FULL,1.15,SAFEG,6000.0,361,-9,1.56,1.15,0.0,2.5,0.32,512,132,1.83,1.25,0.08,3.52,0.32,508,282,1.98,1.27,0.07,3.5,0.3
FULL,1.15,SAFEG,7000.0,323,-9,1.5,1.1,0.0,2.24,0.26,466,132,1.76,1.26,0.09,3.21,0.26,483,141,1.96,1.27,0.07,3.33,0.26
FULL,1.15,S<1000<=NOB,4000.0,611,282,1.88,1.59,0.12,4.18,0.53,857,574,2.85,1.91,0.38,5.88,0.86,904,706,3.69,1.87,0.3,6.24,1.01
FULL,1.15,S<1000<=NOB,5000.0,561,141,1.85,1.49,0.07,3.85,0.53,766,469,2.94,1.76,0.25,5.28,0.81,847,577,3.42,1.82,0.25,5.84,0.95
FULL,1.15,S<1000<=NOB,6000.0,505,133,1.97,1.47,0.07,3.48,0.5,755,582,2.64,1.55,0.06,5.19,0.85,800,706,3.08,1.63,0.07,5.51,0.92
FULL,1.15,S<1000<=NOB,7000.0,449,-9,1.67,1.37,0.07,3.09,0.42,728,432,2.49,1.54,0.06,5.0,0.83,762,582,3.07,1.63,0.07,5.26,0.89
FULL,1.15,SG<1000<=NOB,4000.0,601,132,1.98,1.65,0.22,4.12,0.53,897,574,2.92,1.94,0.39,6.15,0.89,894,574,3.74,1.87,0.31,6.18,0.99
FULL,1.15,SG<1000<=NOB,5000.0,552,132,1.9,1.55,0.13,3.79,0.53,804,469,2.71,1.74,0.2,5.52,0.83,845,632,3.38,1.77,0.21,5.83,0.97
FULL,1.15,SG<1000<=NOB,6000.0,493,-18,2.02,1.52,0.12,3.4,0.5,771,582,2.76,1.54,0.04,5.3,0.88,794,582,3.07,1.63,0.07,5.47,0.88
FULL,1.15,SG<1000<=NOB,7000.0,441,-18,1.73,1.42,0.12,3.04,0.43,731,432,2.57,1.53,0.04,5.02,0.83,756,577,3.07,1.63,0.07,5.22,0.85
FULL,1.15,S<1000<=FULL,4000.0,778,282,2.19,1.76,0.21,5.32,0.7,748,265,3.4,2.1,0.85,5.19,0.69,939,621,4.21,2.01,0.47,6.5,0.99
FULL,1.15,S<1000<=FULL,5000.0,737,132,2.07,1.65,0.09,5.04,0.68,764,274,3.08,1.94,0.52,5.27,0.77,890,706,3.96,1.84,0.33,6.16,1.03
FULL,1.15,S<1000<=FULL,6000.0,643,132,2.07,1.62,0.13,4.41,0.62,759,274,2.82,1.74,0.27,5.22,0.83,837,574,3.69,1.8,0.3,5.79,1.04
FULL,1.15,S<1000<=FULL,7000.0,575,-18,2.01,1.58,0.13,3.95,0.58,690,124,2.74,1.58,0.17,4.76,0.74,847,574,3.53,1.77,0.19,5.85,0.98
FULL,1.15,SG<1000<=FULL,4000.0,764,132,2.42,1.83,0.31,5.24,0.73,756,466,3.69,2.56,1.23,5.26,0.74,805,265,4.13,2.24,0.93,5.61,0.84
FULL,1.15,SG<1000<=FULL,5000.0,736,132,2.11,1.65,0.11,5.03,0.68,735,460,3.49,2.39,1.0,5.1,0.84,766,115,4.08,2.22,0.9,5.35,0.85
FULL,1.15,SG<1000<=FULL,6000.0,649,132,2.1,1.63,0.15,4.45,0.62,666,420,3.32,2.24,0.97,4.63,0.78,693,115,3.96,2.14,0.81,4.85,0.85
FULL,1.15,SG<1000<=FULL,7000.0,576,-18,2.04,1.59,0.14,3.96,0.58,655,420,3.22,2.21,0.95,4.56,0.76,719,115,3.81,2.1,0.69,5.01,0.83
FULL,1.15,S<1000<=FULLG,4000.0,776,132,2.32,1.76,0.29,5.31,0.74,787,124,3.6,2.17,0.88,5.46,0.69,921,478,3.87,2.05,0.47,6.36,0.98
FULL,1.15,S<1000<=FULLG,5000.0,756,132,2.09,1.64,0.1,5.17,0.68,740,124,3.1,1.95,0.53,5.12,0.75,846,418,3.72,1.88,0.43,5.86,0.9
FULL,1.15,S<1000<=FULLG,6000.0,656,132,2.09,1.61,0.14,4.5,0.62,705,-26,2.99,1.85,0.46,4.88,0.72,795,328,3.61,1.81,0.35,5.51,0.97
FULL,1.15,S<1000<=FULLG,7000.0,598,-18,2.02,1.58,0.14,4.1,0.59,675,-26,2.71,1.61,0.24,4.66,0.78,753,268,3.54,1.77,0.32,5.23,0.9
FULL,1.15,SG<1000<=FULLG,4000.0,748,132,2.32,1.82,0.36,5.12,0.69,787,568,3.82,2.67,1.4,5.47,0.73,880,478,3.97,2.13,0.63,6.1,0.9
FULL,1.15,SG<1000<=FULLG,5000.0,741,132,2.11,1.69,0.13,5.07,0.68,739,568,3.62,2.59,1.24,5.14,0.75,821,328,3.7,1.97,0.55,5.69,0.86
FULL,1.15,SG<1000<=FULLG,6000.0,655,-18,2.11,1.64,0.15,4.49,0.63,721,565,3.38,2.38,0.94,5.01,0.89,764,328,3.63,1.9,0.41,5.3,0.93
FULL,1.15,SG<1000<=FULLG,7000.0,589,-18,2.04,1.6,0.14,4.05,0.6,668,565,3.33,2.28,0.92,4.65,0.87,725,178,3.59,1.86,0.38,5.04,0.89
FULL,1.15,S<1500<=NOB,4000.0,583,141,1.76,1.47,0.02,3.99,0.53,795,424,2.82,1.85,0.45,5.47,0.69,887,706,3.76,1.88,0.29,6.13,1.04
FULL,1.15,S<1500<=NOB,5000.0,544,141,1.78,1.38,0.0,3.73,0.52,766,432,2.62,1.6,0.09,5.26,0.83,843,582,3.44,1.8,0.25,5.82,0.96
FULL,1.15,S<1500<=NOB,6000.0,491,132,1.81,1.37,0.0,3.38,0.48,702,432,2.58,1.57,0.08,4.83,0.8,803,706,3.07,1.64,0.08,5.53,0.92
FULL,1.15,S<1500<=NOB,7000.0,439,-9,1.59,1.33,0.0,3.02,0.4,692,432,2.49,1.56,0.07,4.76,0.79,772,632,3.05,1.63,0.07,5.33,0.9
FULL,1.15,SG<1500<=NOB,4000.0,532,132,2.17,1.62,0.27,3.67,0.45,869,424,2.97,1.94,0.38,5.97,0.9,862,489,3.63,1.93,0.4,5.96,0.98
FULL,1.15,SG<1500<=NOB,5000.0,500,132,2.11,1.57,0.23,3.46,0.45,809,477,2.76,1.62,0.06,5.56,0.95,841,574,3.48,1.87,0.32,5.81,0.95
FULL,1.15,SG<1500<=NOB,6000.0,435,-18,1.92,1.48,0.23,3.01,0.38,743,432,2.65,1.56,0.06,5.11,0.83,812,706,3.18,1.67,0.15,5.6,0.94
FULL,1.15,SG<1500<=NOB,7000.0,399,-18,1.82,1.45,0.23,2.77,0.34,702,432,2.67,1.54,0.06,4.83,0.82,767,632,3.13,1.67,0.16,5.3,0.9
FULL,1.15,S<1500<=FULL,4000.0,692,132,2.07,1.68,0.15,4.73,0.61,755,124,3.15,1.78,0.41,5.22,0.77,856,475,3.7,1.87,0.39,5.93,0.9
FULL,1.15,S<1500<=FULL,5000.0,665,132,1.98,1.64,0.1,4.55,0.59,738,321,2.81,1.66,0.26,5.08,0.84,851,475,3.7,1.88,0.39,5.89,0.88
FULL,1.15,S<1500<=FULL,6000.0,596,132,2.11,1.62,0.14,4.1,0.57,684,171,2.72,1.59,0.2,4.72,0.76,839,328,3.64,1.81,0.27,5.81,0.92
FULL,1.15,S<1500<=FULL,7000.0,535,-18,2.08,1.57,0.12,3.69,0.55,651,171,2.56,1.55,0.14,4.49,0.72,772,328,3.56,1.66,0.2,5.36,0.95
FULL,1.15,SG<1500<=FULL,4000.0,684,132,2.02,1.68,0.16,4.68,0.55,950,715,3.17,1.87,0.2,6.52,1.03,789,265,4.04,2.16,0.91,5.5,0.73
FULL,1.15,SG<1500<=FULL,5000.0,661,132,1.98,1.65,0.1,4.52,0.6,888,620,2.94,1.75,0.15,6.09,1.0,849,574,3.66,1.92,0.34,5.87,0.99
FULL,1.15,SG<1500<=FULL,6000.0,607,132,2.0,1.61,0.13,4.17,0.57,855,622,2.81,1.68,0.09,5.86,0.95,766,424,3.67,1.77,0.32,5.32,0.92
FULL,1.15,SG<1500<=FULL,7000.0,545,-18,2.08,1.6,0.12,3.75,0.56,821,582,2.6,1.64,0.07,5.62,0.94,739,424,3.44,1.75,0.28,5.13,0.9
FULL,1.15,S<1500<=FULLG,4000.0,674,132,2.34,1.8,0.36,4.63,0.62,780,124,3.31,1.88,0.52,5.4,0.72,863,328,3.64,1.84,0.39,5.96,0.91
FULL,1.15,S<1500<=FULLG,5000.0,673,132,2.02,1.67,0.19,4.61,0.56,731,276,3.2,1.83,0.44,5.06,0.76,825,328,3.61,1.84,0.39,5.71,0.89
FULL,1.15,S<1500<=FULLG,6000.0,608,132,2.05,1.63,0.21,4.17,0.54,698,169,2.92,1.82,0.41,4.83,0.73,759,178,3.65,1.81,0.37,5.27,0.87
FULL,1.15,S<1500<=FULLG,7000.0,531,-18,2.01,1.58,0.2,3.66,0.52,683,126,2.58,1.55,0.14,4.7,0.74,783,178,3.5,1.73,0.2,5.42,0.9
FULL,1.15,SG<1500<=FULLG,4000.0,671,154,2.26,1.71,0.27,4.6,0.59,848,574,3.24,2.03,0.53,5.84,0.81,824,265,4.07,2.23,0.89,5.73,0.74
FULL,1.15,SG<1500<=FULLG,5000.0,660,132,2.0,1.62,0.15,4.52,0.57,873,715,2.82,1.85,0.19,5.99,0.98,809,418,3.79,1.98,0.53,5.61,0.9
FULL,1.15,SG<1500<=FULLG,6000.0,600,132,2.11,1.6,0.15,4.12,0.55,807,715,2.97,1.89,0.28,5.56,0.94,823,328,3.59,1.89,0.31,5.7,0.96
FULL,1.15,SG<1500<=FULLG,7000.0,527,-18,2.05,1.58,0.15,3.63,0.5,753,582,2.73,1.73,0.28,5.18,0.87,738,268,3.63,1.77,0.3,5.13,0.89
FULL,1.15,S<2000<=NOB,4000.0,535,141,1.9,1.38,0.0,3.68,0.52,707,424,2.74,1.79,0.46,4.88,0.62,855,706,3.46,1.83,0.38,5.9,0.85
FULL,1.15,S<2000<=NOB,5000.0,510,133,1.88,1.4,0.0,3.51,0.53,703,424,2.64,1.69,0.23,4.84,0.76,818,706,3.35,1.73,0.27,5.65,0.92
FULL,1.15,S<2000<=NOB,6000.0,464,-9,1.62,1.36,0.0,3.19,0.43,711,432,2.42,1.49,0.03,4.88,0.82,781,591,3.16,1.58,0.07,5.39,0.89
FULL,1.15,S<2000<=NOB,7000.0,426,-9,1.6,1.31,0.0,2.93,0.42,662,432,2.38,1.46,0.03,4.56,0.76,751,582,3.01,1.59,0.07,5.19,0.89
FULL,1.15,SG<2000<=NOB,4000.0,527,132,1.92,1.46,0.09,3.63,0.52,778,424,2.92,1.85,0.39,5.35,0.8,853,577,3.48,1.92,0.41,5.89,0.92
FULL,1.15,SG<2000<=NOB,5000.0,516,132,1.97,1.47,0.09,3.56,0.52,751,432,2.65,1.57,0.1,5.16,0.82,846,706,3.29,1.78,0.23,5.83,0.96
FULL,1.15,SG<2000<=NOB,6000.0,460,-18,1.92,1.42,0.09,3.18,0.5,718,432,2.68,1.53,0.1,4.94,0.82,786,632,3.13,1.67,0.13,5.42,0.91
FULL,1.15,SG<2000<=NOB,7000.0,426,-18,1.78,1.4,0.09,2.95,0.41,704,432,2.51,1.53,0.1,4.84,0.8,756,582,3.07,1.64,0.13,5.22,0.87
FULL,1.15,S<2000<=FULL,4000.0,608,133,1.79,1.53,0.0,4.16,0.57,666,124,2.81,1.78,0.37,4.6,0.64,811,418,3.67,1.87,0.42,5.62,0.83
FULL,1.15,S<2000<=FULL,5000.0,598,132,1.86,1.54,0.0,4.1,0.61,695,124,2.72,1.6,0.19,4.79,0.76,807,328,3.67,1.76,0.3,5.59,0.96
FULL,1.15,S<2000<=FULL,6000.0,551,-9,1.83,1.5,0.0,3.78,0.59,649,124,2.6,1.56,0.17,4.48,0.71,772,328,3.56,1.67,0.21,5.36,0.96
FULL,1.15,S<2000<=FULL,7000.0,516,-9,1.9,1.41,0.0,3.55,0.55,623,-26,2.57,1.53,0.14,4.31,0.69,735,178,3.45,1.65,0.2,5.1,0.9
FULL,1.15,SG<2000<=FULL,4000.0,646,141,2.07,1.64,0.16,4.43,0.58,842,574,2.76,1.78,0.24,5.78,0.82,864,415,3.99,2.02,0.47,5.99,0.94
FULL,1.15,SG<2000<=FULL,5000.0,609,132,2.06,1.63,0.15,4.18,0.59,852,574,3.01,1.79,0.23,5.85,0.94,881,415,3.9,1.89,0.36,6.1,0.99
FULL,1.15,SG<2000<=FULL,6000.0,556,132,2.01,1.62,0.14,3.82,0.57,798,582,2.6,1.64,0.08,5.47,0.89,865,565,3.78,1.76,0.23,5.99,1.0
FULL,1.15,SG<2000<=FULL,7000.0,515,-18,2.08,1.55,0.12,3.56,0.55,771,582,2.56,1.59,0.06,5.29,0.87,795,422,3.33,1.62,0.13,5.5,0.87
FULL,1.15,S<2000<=FULLG,4000.0,635,282,1.79,1.53,0.0,4.34,0.57,573,124,2.93,1.85,0.85,3.99,0.35,885,415,3.65,1.88,0.41,6.11,0.9
FULL,1.15,S<2000<=FULLG,5000.0,618,132,1.86,1.55,0.0,4.23,0.62,737,124,3.09,1.85,0.39,5.1,0.7,864,574,3.64,1.85,0.36,5.97,0.93
FULL,1.15,S<2000<=FULLG,6000.0,573,132,1.84,1.5,0.0,3.93,0.6,728,124,2.81,1.67,0.26,5.02,0.87,807,424,3.67,1.76,0.3,5.59,1.01
FULL,1.15,S<2000<=FULLG,7000.0,531,-9,1.81,1.48,0.0,3.64,0.56,657,-26,2.75,1.62,0.25,4.54,0.8,833,424,3.53,1.74,0.19,5.76,0.97
FULL,1.15,SG<2000<=FULLG,4000.0,622,132,2.2,1.67,0.22,4.27,0.57,767,424,2.94,1.94,0.46,5.28,0.74,802,328,3.62,1.87,0.44,5.56,0.8
FULL,1.15,SG<2000<=FULLG,5000.0,616,132,2.03,1.61,0.14,4.22,0.59,781,582,2.81,1.85,0.33,5.37,0.81,817,328,3.66,1.84,0.36,5.66,0.87
FULL,1.15,SG<2000<=FULLG,6000.0,541,-18,2.01,1.57,0.12,3.73,0.57,772,582,2.53,1.63,0.05,5.29,0.84,760,178,3.64,1.73,0.25,5.28,0.95
FULL,1.15,SG<2000<=FULLG,7000.0,513,-18,1.97,1.49,0.08,3.53,0.55,733,582,2.49,1.56,0.05,5.03,0.83,780,178,3.39,1.7,0.15,5.4,0.87
Ultra,1.15,Ultra,4000.0,825,282,2.28,1.74,0.19,5.64,0.77,624,10,3.67,2.37,1.47,4.38,0.5,788,330,3.61,2.23,1.04,5.47,0.74
Ultra,1.15,Ultra,5000.0,760,282,2.18,1.67,0.14,5.19,0.69,661,13,3.38,2.17,1.03,4.6,0.65,705,274,3.38,2.18,0.84,4.9,0.79
Ultra,1.15,Ultra,6000.0,671,132,2.1,1.63,0.14,4.6,0.61,616,-32,3.28,2.03,0.9,4.3,0.76,660,274,3.33,2.09,0.76,4.59,0.84
Ultra,1.15,Ultra,7000.0,609,132,1.97,1.59,0.1,4.18,0.58,584,-32,3.15,1.94,0.8,4.08,0.74,636,274,3.32,1.99,0.66,4.44,0.83
Ultra,1.15,SAFE,4000.0,431,-9,1.5,1.25,0.0,2.96,0.35,552,282,1.85,1.35,0.24,3.78,0.22,573,282,2.07,1.48,0.35,3.94,0.22
Ultra,1.15,SAFE,5000.0,378,-9,1.49,1.19,0.0,2.61,0.33,511,282,1.62,1.07,0.06,3.5,0.22,547,282,1.95,1.34,0.19,3.76,0.3
Ultra,1.15,SAFE,6000.0,342,-9,1.45,1.12,0.0,2.36,0.3,455,132,1.6,1.04,0.04,3.12,0.2,483,282,1.83,1.25,0.12,3.33,0.25
Ultra,1.15,SAFE,7000.0,290,-9,1.31,1.07,0.0,2.01,0.17,371,132,1.5,1.04,0.04,2.56,0.06,442,132,1.76,1.2,0.09,3.05,0.19
Ultra,1.15,SAFEG,4000.0,451,132,1.52,1.31,0.0,3.1,0.37,628,282,2.31,1.69,0.58,4.32,0.35,622,282,2.08,1.53,0.31,4.27,0.3
Ultra,1.15,SAFEG,5000.0,408,-9,1.5,1.21,0.0,2.81,0.34,566,282,1.95,1.28,0.14,3.89,0.38,566,189,1.9,1.38,0.18,3.88,0.32
Ultra,1.15,SAFEG,6000.0,358,-9,1.47,1.14,0.0,2.47,0.32,508,132,1.84,1.22,0.1,3.49,0.3,501,282,1.8,1.29,0.09,3.44,0.3
Ultra,1.15,SAFEG,7000.0,317,-9,1.4,1.1,0.0,2.19,0.26,462,132,1.78,1.22,0.1,3.19,0.25,465,132,1.76,1.27,0.09,3.2,0.24
Ultra,1.15,S<1000<=NOB,4000.0,596,282,1.89,1.58,0.13,4.08,0.51,862,574,2.93,1.96,0.39,5.92,0.87,860,574,3.19,1.87,0.5,5.92,0.76
Ultra,1.15,S<1000<=NOB,5000.0,550,141,1.85,1.48,0.08,3.78,0.52,772,469,3.08,1.78,0.27,5.33,0.82,821,582,2.96,1.79,0.25,5.64,0.9
Ultra,1.15,S<1000<=NOB,6000.0,495,132,1.74,1.46,0.08,3.4,0.47,767,582,2.8,1.62,0.1,5.28,0.86,793,632,2.74,1.61,0.07,5.44,0.9
Ultra,1.15,S<1000<=NOB,7000.0,444,-9,1.65,1.36,0.08,3.05,0.41,727,432,2.48,1.56,0.06,4.99,0.83,742,582,2.68,1.6,0.07,5.1,0.85
Ultra,1.15,SG<1000<=NOB,4000.0,594,132,1.97,1.64,0.19,4.07,0.53,853,574,2.99,1.86,0.33,5.86,0.84,865,577,3.27,1.84,0.36,5.96,0.89
Ultra,1.15,SG<1000<=NOB,5000.0,549,132,1.9,1.54,0.14,3.77,0.52,776,469,2.97,1.75,0.22,5.35,0.83,822,582,2.93,1.74,0.2,5.65,0.91
Ultra,1.15,SG<1000<=NOB,6000.0,482,-18,1.8,1.52,0.14,3.32,0.47,771,582,2.81,1.58,0.06,5.31,0.88,784,582,2.73,1.61,0.07,5.39,0.86
Ultra,1.15,SG<1000<=NOB,7000.0,434,-18,1.71,1.41,0.14,3.0,0.41,729,432,2.59,1.56,0.06,5.01,0.83,733,432,2.68,1.6,0.07,5.04,0.82
Ultra,1.15,S<1000<=FULL,4000.0,780,282,2.19,1.71,0.21,5.33,0.69,755,274,3.5,2.23,1.04,5.24,0.67,929,710,3.38,1.93,0.38,6.39,0.97
Ultra,1.15,S<1000<=FULL,5000.0,732,132,2.1,1.66,0.14,5.0,0.67,780,424,3.18,2.05,0.62,5.39,0.77,902,710,3.19,1.81,0.26,6.2,1.03
Ultra,1.15,S<1000<=FULL,6000.0,629,132,2.03,1.64,0.14,4.31,0.6,754,424,3.03,1.74,0.33,5.2,0.83,824,706,3.09,1.72,0.21,5.67,1.0
Ultra,1.15,S<1000<=FULL,7000.0,566,-18,1.95,1.59,0.1,3.89,0.58,712,274,2.86,1.59,0.18,4.92,0.77,847,706,2.99,1.7,0.11,5.82,1.0
Ultra,1.15,SG<1000<=FULL,4000.0,768,132,2.4,1.8,0.29,5.26,0.72,745,466,3.69,2.52,1.24,5.18,0.73,838,574,3.58,2.24,0.89,5.79,0.88
Ultra,1.15,SG<1000<=FULL,5000.0,732,132,2.11,1.67,0.14,5.0,0.68,710,460,3.51,2.35,1.03,4.94,0.83,796,424,3.53,2.2,0.85,5.51,0.88
Ultra,1.15,SG<1000<=FULL,6000.0,640,132,2.05,1.65,0.14,4.39,0.6,670,420,3.35,2.24,1.0,4.66,0.78,719,424,3.36,2.13,0.77,4.99,0.87
Ultra,1.15,SG<1000<=FULL,7000.0,569,-18,1.97,1.6,0.1,3.9,0.58,640,310,3.08,2.03,0.87,4.44,0.74,744,424,3.27,2.09,0.64,5.15,0.87
Ultra,1.15,S<1000<=FULLG,4000.0,772,132,2.25,1.75,0.26,5.28,0.72,811,274,3.6,2.19,0.94,5.62,0.72,939,706,3.28,1.96,0.4,6.45,1.0
Ultra,1.15,S<1000<=FULLG,5000.0,749,132,2.11,1.67,0.14,5.12,0.68,766,274,3.23,1.94,0.54,5.3,0.81,879,577,3.17,1.82,0.34,6.04,0.96
Ultra,1.15,S<1000<=FULLG,6000.0,642,-3,2.02,1.64,0.14,4.4,0.6,737,124,3.11,1.9,0.46,5.1,0.76,874,706,3.01,1.74,0.15,6.0,1.02
Ultra,1.15,S<1000<=FULLG,7000.0,589,-18,1.97,1.61,0.13,4.04,0.58,695,124,2.75,1.67,0.25,4.79,0.8,831,582,2.93,1.72,0.13,5.71,0.94
Ultra,1.15,SG<1000<=FULLG,4000.0,765,132,2.25,1.79,0.27,5.23,0.72,764,565,3.81,2.58,1.38,5.31,0.72,776,265,3.91,2.53,1.24,5.4,0.81
Ultra,1.15,SG<1000<=FULLG,5000.0,740,132,2.12,1.69,0.16,5.06,0.68,735,565,3.62,2.49,1.23,5.11,0.75,757,265,3.71,2.43,1.15,5.27,0.82
Ultra,1.15,SG<1000<=FULLG,6000.0,647,-18,2.03,1.64,0.14,4.43,0.61,720,565,3.37,2.35,0.92,5.0,0.89,762,175,3.59,2.33,0.91,5.29,0.9
Ultra,1.15,SG<1000<=FULLG,7000.0,585,-18,1.97,1.62,0.12,4.01,0.58,667,565,3.32,2.26,0.9,4.64,0.86,722,115,3.56,2.31,0.89,5.02,0.85
Ultra,1.15,S<1500<=NOB,4000.0,563,132,1.79,1.46,0.06,3.86,0.52,817,424,2.86,1.91,0.44,5.61,0.74,892,582,3.17,1.87,0.3,6.13,1.0
Ultra,1.15,S<1500<=NOB,5000.0,539,133,1.79,1.39,0.0,3.7,0.52,743,432,2.84,1.6,0.14,5.12,0.82,837,582,3.01,1.83,0.27,5.76,0.95
Ultra,1.15,S<1500<=NOB,6000.0,478,132,1.63,1.37,0.0,3.29,0.45,723,432,2.74,1.61,0.12,4.98,0.81,784,582,2.76,1.64,0.1,5.39,0.89
Ultra,1.15,S<1500<=NOB,7000.0,436,-9,1.55,1.31,0.0,3.0,0.4,691,432,2.5,1.53,0.07,4.75,0.79,756,582,2.69,1.61,0.07,5.2,0.88
Ultra,1.15,SG<1500<=NOB,4000.0,509,132,2.01,1.6,0.28,3.51,0.44,862,424,2.89,1.9,0.33,5.92,0.91,905,632,3.45,1.94,0.39,6.24,1.04
Ultra,1.15,SG<1500<=NOB,5000.0,493,132,2.0,1.53,0.23,3.4,0.44,798,477,2.73,1.61,0.07,5.48,0.93,839,582,3.01,1.84,0.29,5.77,0.95
Ultra,1.15,SG<1500<=NOB,6000.0,427,-18,1.82,1.48,0.23,2.95,0.35,717,432,2.83,1.56,0.06,4.94,0.82,791,689,2.83,1.66,0.17,5.44,0.9
Ultra,1.15,SG<1500<=NOB,7000.0,392,-18,1.76,1.42,0.23,2.72,0.31,721,477,2.67,1.58,0.06,4.97,0.82,758,582,2.77,1.66,0.16,5.21,0.88
Ultra,1.15,S<1500<=FULL,4000.0,687,132,2.06,1.69,0.19,4.7,0.6,781,274,3.17,1.77,0.36,5.39,0.86,892,706,3.19,1.88,0.37,6.13,0.93
Ultra,1.15,S<1500<=FULL,5000.0,653,132,1.97,1.64,0.14,4.47,0.58,746,321,2.89,1.72,0.32,5.14,0.83,867,582,3.1,1.83,0.34,5.96,0.9
Ultra,1.15,S<1500<=FULL,6000.0,581,132,1.96,1.63,0.14,3.99,0.55,693,171,2.77,1.65,0.26,4.78,0.75,845,574,3.06,1.79,0.21,5.81,0.95
Ultra,1.15,S<1500<=FULL,7000.0,520,-18,1.93,1.57,0.08,3.58,0.55,647,171,2.58,1.53,0.14,4.47,0.72,789,632,3.03,1.64,0.14,5.44,0.98
Ultra,1.15,SG<1500<=FULL,4000.0,654,132,2.17,1.76,0.29,4.48,0.55,935,715,2.91,1.78,0.16,6.4,1.02,849,715,3.29,2.01,0.56,5.85,0.89
Ultra,1.15,SG<1500<=FULL,5000.0,655,132,1.95,1.64,0.14,4.48,0.59,891,622,2.74,1.73,0.13,6.1,0.99,836,715,3.1,1.89,0.36,5.76,0.96
Ultra,1.15,SG<1500<=FULL,6000.0,595,132,1.96,1.63,0.13,4.08,0.57,849,582,2.69,1.71,0.12,5.82,0.91,779,715,3.04,1.76,0.28,5.37,0.94
Ultra,1.15,SG<1500<=FULL,7000.0,537,-18,1.94,1.61,0.08,3.69,0.56,776,582,2.76,1.58,0.09,5.33,0.88,749,582,2.9,1.75,0.24,5.16,0.9
Ultra,1.15,S<1500<=FULLG,4000.0,703,132,2.27,1.76,0.3,4.82,0.64,794,274,3.28,1.9,0.5,5.49,0.77,890,706,3.16,1.84,0.36,6.12,0.93
Ultra,1.15,S<1500<=FULLG,5000.0,669,132,1.98,1.65,0.21,4.57,0.56,745,276,3.13,1.82,0.4,5.15,0.79,855,574,3.1,1.81,0.34,5.88,0.93
Ultra,1.15,S<1500<=FULLG,6000.0,601,132,1.98,1.63,0.19,4.12,0.53,692,169,2.84,1.76,0.34,4.78,0.72,813,489,3.0,1.77,0.21,5.59,0.89
Ultra,1.15,S<1500<=FULLG,7000.0,524,-18,1.97,1.61,0.17,3.61,0.52,678,126,2.59,1.56,0.14,4.67,0.74,758,492,2.93,1.6,0.1,5.22,0.89
Ultra,1.15,SG<1500<=FULLG,4000.0,663,133,2.16,1.71,0.27,4.55,0.57,881,574,3.19,1.99,0.44,6.06,0.85,884,565,3.36,2.09,0.75,6.09,0.75
Ultra,1.15,SG<1500<=FULLG,5000.0,644,132,1.91,1.63,0.14,4.4,0.54,849,715,2.83,1.84,0.19,5.83,0.97,849,577,3.24,1.92,0.45,5.85,0.95
Ultra,1.15,SG<1500<=FULLG,6000.0,587,132,1.93,1.62,0.14,4.03,0.52,828,715,3.13,1.92,0.31,5.7,0.97,858,706,3.04,1.82,0.22,5.9,0.99
Ultra,1.15,SG<1500<=FULLG,7000.0,516,-18,1.95,1.61,0.14,3.55,0.5,770,582,2.76,1.77,0.28,5.29,0.88,769,582,3.07,1.71,0.22,5.3,0.93
Ultra,1.15,S<2000<=NOB,4000.0,528,133,1.85,1.4,0.0,3.63,0.52,702,424,2.76,1.76,0.46,4.84,0.62,840,706,3.05,1.81,0.34,5.78,0.86
Ultra,1.15,S<2000<=NOB,5000.0,507,133,1.8,1.39,0.0,3.49,0.52,710,424,2.74,1.75,0.31,4.9,0.74,810,706,2.88,1.71,0.24,5.57,0.89
Ultra,1.15,S<2000<=NOB,6000.0,457,-9,1.58,1.34,0.0,3.14,0.43,710,432,2.47,1.5,0.06,4.88,0.82,759,582,2.79,1.54,0.07,5.22,0.89
Ultra,1.15,S<2000<=NOB,7000.0,427,-9,1.56,1.3,0.0,2.94,0.41,665,432,2.43,1.45,0.04,4.58,0.78,731,582,2.67,1.57,0.09,5.03,0.87
Ultra,1.15,SG<2000<=NOB,4000.0,523,132,1.96,1.45,0.09,3.6,0.52,811,424,2.95,1.9,0.4,5.58,0.86,889,710,3.25,1.9,0.36,6.12,0.96
Ultra,1.15,SG<2000<=NOB,5000.0,505,132,1.99,1.48,0.09,3.48,0.52,749,432,2.87,1.58,0.12,5.16,0.82,816,632,2.76,1.69,0.16,5.6,0.92
Ultra,1.15,SG<2000<=NOB,6000.0,456,-18,1.86,1.42,0.09,3.15,0.48,715,432,2.8,1.53,0.12,4.93,0.82,779,582,2.74,1.61,0.13,5.36,0.87
Ultra,1.15,SG<2000<=NOB,7000.0,424,-18,1.73,1.4,0.09,2.93,0.4,703,432,2.56,1.53,0.12,4.83,0.8,750,582,2.7,1.62,0.13,5.16,0.87
Ultra,1.15,S<2000<=FULL,4000.0,602,141,1.73,1.52,0.0,4.12,0.56,663,124,2.84,1.82,0.42,4.58,0.63,801,489,3.05,1.81,0.38,5.52,0.81
Ultra,1.15,S<2000<=FULL,5000.0,588,132,1.75,1.53,0.0,4.02,0.57,690,124,2.74,1.62,0.23,4.76,0.72,832,582,3.06,1.73,0.22,5.73,0.96
Ultra,1.15,S<2000<=FULL,6000.0,547,132,1.77,1.5,0.0,3.75,0.57,657,124,2.64,1.6,0.19,4.53,0.7,771,582,3.01,1.67,0.16,5.32,0.96
Ultra,1.15,S<2000<=FULL,7000.0,514,-9,1.86,1.43,0.0,3.53,0.55,623,124,2.58,1.51,0.14,4.31,0.69,747,582,2.92,1.6,0.12,5.15,0.9
Ultra,1.15,SG<2000<=FULL,4000.0,645,141,2.03,1.65,0.16,4.42,0.57,855,574,2.77,1.78,0.25,5.86,0.82,861,424,3.11,1.93,0.4,5.92,0.88
Ultra,1.15,SG<2000<=FULL,5000.0,610,132,1.96,1.62,0.14,4.18,0.55,829,574,2.85,1.78,0.25,5.69,0.92,856,568,3.13,1.88,0.33,5.89,0.92
Ultra,1.15,SG<2000<=FULL,6000.0,556,132,1.96,1.61,0.13,3.82,0.56,795,582,2.6,1.61,0.08,5.45,0.9,824,582,2.93,1.69,0.15,5.67,0.94
Ultra,1.15,SG<2000<=FULL,7000.0,517,-18,1.94,1.55,0.08,3.56,0.55,742,582,2.73,1.57,0.08,5.1,0.85,763,489,2.77,1.58,0.1,5.25,0.85
Ultra,1.15,S<2000<=FULLG,4000.0,617,141,1.7,1.52,0.0,4.21,0.56,595,265,3.01,1.9,0.88,4.15,0.38,842,565,3.1,1.83,0.45,5.79,0.78
Ultra,1.15,S<2000<=FULLG,5000.0,617,132,1.76,1.55,0.0,4.22,0.59,741,274,3.14,1.88,0.44,5.12,0.7,864,582,3.1,1.82,0.34,5.94,0.92
Ultra,1.15,S<2000<=FULLG,6000.0,563,132,1.78,1.52,0.0,3.86,0.57,722,124,2.83,1.69,0.26,4.98,0.87,844,582,3.01,1.7,0.11,5.8,1.0
Ultra,1.15,S<2000<=FULLG,7000.0,527,-9,1.78,1.48,0.0,3.62,0.55,661,124,2.83,1.65,0.27,4.57,0.8,764,582,2.88,1.59,0.09,5.26,0.9
Ultra,1.15,SG<2000<=FULLG,4000.0,634,132,2.02,1.61,0.14,4.34,0.56,763,424,3.13,2.06,0.62,5.27,0.71,866,574,3.1,1.87,0.41,5.96,0.86
Ultra,1.15,SG<2000<=FULLG,5000.0,612,132,1.91,1.62,0.13,4.19,0.56,742,576,2.77,1.78,0.33,5.11,0.81,855,489,3.11,1.82,0.32,5.88,0.9
Ultra,1.15,SG<2000<=FULLG,6000.0,541,-18,1.95,1.59,0.08,3.72,0.56,749,582,2.53,1.59,0.06,5.14,0.85,836,582,3.01,1.7,0.11,5.75,0.96
Ultra,1.15,SG<2000<=FULLG,7000.0,513,-18,2.06,1.51,0.08,3.54,0.55,733,582,2.51,1.58,0.06,5.03,0.83,766,582,2.89,1.6,0.11,5.27,0.88
