per,k_eval,k_fondeada,c1,c2,X,test,mo,ploss,evals,passes,fbust,payouts,dtp
IS,4,3,1687.5,3375.0,6000.0,historia,1900.444214876033,0.0,6.223140495867769,3.3181818181818183,1.384297520661157,9.103305785123966,19.260537190082644
IS,4,3,1687.5,3375.0,6000.0,costo +1 tick,1728.0268595041323,0.0,6.553719008264463,2.946280991735537,1.1487603305785123,8.37190082644628,17.550482093663913
IS,4,3,1687.5,3375.0,6000.0,Monte Carlo,1636.6537500000002,1.5,6.423,3.377,1.571,7.952,18.723766666666666
IS,4,4,1687.5,3375.0,6000.0,historia,2123.367768595041,0.0,7.289256198347108,3.5578512396694215,1.3429752066115703,10.206611570247935,19.79465761511216
IS,4,4,1687.5,3375.0,6000.0,costo +1 tick,1859.2200413223143,0.0,7.293388429752066,3.4917355371900825,1.5702479338842976,9.03305785123967,17.790240062967335
IS,4,4,1687.5,3375.0,6000.0,Monte Carlo,1676.455,2.0,7.684,4.117,2.355,8.262,18.399285714285714
IS,4,5,1687.5,3375.0,6000.0,historia,2149.2665289256197,0.0,7.099173553719008,3.7520661157024793,1.6198347107438016,10.301652892561984,20.646039944903585
IS,4,5,1687.5,3375.0,6000.0,costo +1 tick,1996.9318181818182,0.0,7.132231404958677,3.5454545454545454,1.5950413223140496,9.62809917355372,18.657442935852025
IS,4,5,1687.5,3375.0,6000.0,Monte Carlo,1583.6837500000001,4.6,8.767,4.687,2.995,7.964,18.36816349206349
IS,5,3,1687.5,3375.0,6000.0,historia,2016.797520661157,0.0,7.900826446280992,3.84297520661157,1.7644628099173554,9.797520661157025,12.056818181818182
IS,5,3,1687.5,3375.0,6000.0,costo +1 tick,1860.9969008264463,0.0,8.549586776859504,3.8181818181818183,1.9297520661157024,9.173553719008265,10.120041322314048
IS,5,3,1687.5,3375.0,6000.0,Monte Carlo,1734.22,1.3,7.696,3.61,1.667,8.52,14.117533333333332
IS,5,4,1687.5,3375.0,6000.0,historia,2182.577479338843,0.0,8.789256198347108,4.2272727272727275,1.8553719008264462,10.62809917355372,12.547323888232977
IS,5,4,1687.5,3375.0,6000.0,costo +1 tick,2069.7985537190084,0.0,9.309917355371901,4.301652892561983,2.024793388429752,10.181818181818182,10.560158402203857
IS,5,4,1687.5,3375.0,6000.0,Monte Carlo,1783.6837500000001,1.7000000000000002,9.327,4.47,2.548,8.912,13.991228571428572
IS,5,5,1687.5,3375.0,6000.0,historia,2123.6311983471073,0.0,9.979338842975206,4.677685950413223,2.371900826446281,10.491735537190083,12.035945493900039
IS,5,5,1687.5,3375.0,6000.0,costo +1 tick,2104.865702479339,0.0,10.338842975206612,4.3884297520661155,2.152892561983471,10.446280991735538,10.442734159779613
IS,5,5,1687.5,3375.0,6000.0,Monte Carlo,1705.15625,2.6,10.805,5.134,3.3,8.719,14.072016269841269
IS,6,3,1687.5,3375.0,6000.0,historia,1975.9245867768595,0.0,10.326446280991735,3.84297520661157,1.756198347107438,9.87190082644628,7.378925619834712
IS,6,3,1687.5,3375.0,6000.0,costo +1 tick,1723.1869834710744,0.0,10.202479338842975,3.8801652892561984,2.1404958677685952,8.735537190082646,9.823898071625344
IS,6,3,1687.5,3375.0,6000.0,Monte Carlo,1778.1937500000001,1.5,9.075,3.763,1.748,8.861,11.840307142857142
IS,6,4,1687.5,3375.0,6000.0,historia,2144.240702479339,0.0,11.34297520661157,4.520661157024794,2.115702479338843,10.727272727272727,7.8738980716253435
IS,6,4,1687.5,3375.0,6000.0,costo +1 tick,2076.492768595041,0.0,10.946280991735538,4.2727272727272725,1.9917355371900827,10.384297520661157,9.402479338842976
IS,6,4,1687.5,3375.0,6000.0,Monte Carlo,1837.1225000000002,1.7000000000000002,11.018,4.651,2.638,9.328,11.664309523809523
IS,6,5,1687.5,3375.0,6000.0,historia,2040.4958677685952,0.0,12.892561983471074,4.8347107438016526,2.5661157024793386,10.429752066115702,8.999134199134199
IS,6,5,1687.5,3375.0,6000.0,costo +1 tick,1973.434917355372,0.0,12.46694214876033,4.615702479338843,2.4834710743801653,10.086776859504132,9.995154466745374
IS,6,5,1687.5,3375.0,6000.0,Monte Carlo,1768.72,2.8000000000000003,12.856,5.369,3.421,9.218,11.766809126984128
IS,7,3,1687.5,3375.0,6000.0,historia,2069.2045454545455,0.0,10.15702479338843,4.095041322314049,1.6528925619834711,10.268595041322314,8.698071625344353
IS,7,3,1687.5,3375.0,6000.0,costo +1 tick,1892.4535123966944,0.0,11.648760330578513,3.9049586776859506,1.8388429752066116,9.640495867768594,7.2202479338842975
IS,7,3,1687.5,3375.0,6000.0,Monte Carlo,1817.0525,1.4000000000000001,10.262,3.838,1.748,9.159,10.035478571428571
IS,7,4,1687.5,3375.0,6000.0,historia,2227.427685950413,0.0,12.851239669421487,4.739669421487603,2.3140495867768593,11.256198347107437,8.74978354978355
IS,7,4,1687.5,3375.0,6000.0,costo +1 tick,2136.7355371900826,0.0,13.107438016528926,4.595041322314049,2.2355371900826446,10.880165289256198,6.820926800472255
IS,7,4,1687.5,3375.0,6000.0,Monte Carlo,1886.0912500000002,2.0,12.433,4.804,2.706,9.695,9.797711111111111
IS,7,5,1687.5,3375.0,6000.0,historia,1653.9721074380166,0.0,15.739669421487603,5.93801652892562,4.078512396694215,9.012396694214877,8.949450675587038
IS,7,5,1687.5,3375.0,6000.0,costo +1 tick,1896.642561983471,0.0,16.40495867768595,5.231404958677686,3.177685950413223,10.161157024793388,7.139572674799948
IS,7,5,1687.5,3375.0,6000.0,Monte Carlo,1812.5424999999998,2.7,14.734,5.638,3.613,9.611,9.951284523809523
IS,6,4,1000.0,2500.0,6000.0,historia,1990.728305785124,0.0,12.169421487603305,4.694214876033058,2.5330578512396693,10.132231404958677,8.105957300275483
IS,6,4,1000.0,2500.0,6000.0,costo +1 tick,1823.925619834711,0.0,11.950413223140496,4.4958677685950414,2.6859504132231407,9.367768595041323,9.93504033844943
IS,6,4,1000.0,2500.0,6000.0,Monte Carlo,1904.28,1.4000000000000001,11.364,4.753,2.706,9.663,11.87190119047619
IS,6,4,2500.0,4500.0,6000.0,historia,2171.2293388429753,0.0,10.206611570247935,4.198347107438017,1.7314049586776858,10.727272727272727,8.122451790633608
IS,6,4,2500.0,4500.0,6000.0,costo +1 tick,2101.65805785124,0.0,10.00413223140496,4.008264462809917,1.6735537190082646,10.396694214876034,9.33546831955923
IS,6,4,2500.0,4500.0,6000.0,Monte Carlo,1792.71875,1.5,10.235,4.325,2.355,9.048,11.672501190476192
IS,6,4,1687.5,3375.0,7000.0,historia,2048.279958677686,0.0,10.607438016528926,4.231404958677686,1.8429752066115703,10.223140495867769,8.690899252262888
IS,6,4,1687.5,3375.0,7000.0,costo +1 tick,2002.365702479339,0.0,10.818181818181818,4.016528925619835,1.7727272727272727,10.041322314049587,9.322933884297521
IS,6,4,1687.5,3375.0,7000.0,Monte Carlo,1836.04625,1.4000000000000001,10.637,4.476,2.381,9.283,11.647472619047617
IS,6,4,1687.5,3375.0,9000.0,historia,2028.853305785124,0.0,10.603305785123966,3.871900826446281,1.4834710743801653,10.136363636363637,8.196084218811492
IS,6,4,1687.5,3375.0,9000.0,costo +1 tick,1925.030991735537,0.0,10.355371900826446,3.6363636363636362,1.3884297520661157,9.648760330578513,9.7219795356159
IS,6,4,1687.5,3375.0,9000.0,Monte Carlo,1794.4037500000002,2.0,10.183,4.199,2.027,9.05,11.763321428571427
C24,4,3,1687.5,3375.0,6000.0,historia,1893.845486111111,0.0,8.54861111111111,5.034722222222222,3.0833333333333335,9.319444444444445,13.903786375661376
C24,4,3,1687.5,3375.0,6000.0,costo +1 tick,1719.123263888889,0.0,9.32638888888889,4.625,2.7777777777777777,8.625,15.683349867724868
C24,4,3,1687.5,3375.0,6000.0,Monte Carlo,2032.1274999999998,1.6,10.462,4.767,2.629,10.136,12.783093253968254
C24,4,4,1687.5,3375.0,6000.0,historia,1749.9305555555557,0.0,11.055555555555555,6.263888888888889,4.361111111111111,8.944444444444445,13.467700066137565
C24,4,4,1687.5,3375.0,6000.0,costo +1 tick,1643.064236111111,0.0,10.42361111111111,5.458333333333333,3.6319444444444446,8.402777777777779,13.376256613756615
C24,4,4,1687.5,3375.0,6000.0,Monte Carlo,1980.43,1.7000000000000002,11.824,5.348,3.245,10.05,12.819732936507936
C24,4,5,1687.5,3375.0,6000.0,historia,1721.310763888889,0.0,12.32638888888889,6.361111111111111,4.319444444444445,8.95138888888889,12.768871252204585
C24,4,5,1687.5,3375.0,6000.0,costo +1 tick,1505.234375,0.0,11.6875,5.944444444444445,4.125,7.923611111111111,12.604196979717813
C24,4,5,1687.5,3375.0,6000.0,Monte Carlo,1900.625,2.5,12.74,5.799,3.739,9.792,12.815206818181817
C24,5,3,1687.5,3375.0,6000.0,historia,1884.904513888889,0.0,10.70138888888889,5.75,3.7569444444444446,9.506944444444445,9.881522817460317
C24,5,3,1687.5,3375.0,6000.0,costo +1 tick,1754.5225694444443,0.0,11.256944444444445,4.847222222222222,2.7916666666666665,8.98611111111111,11.942063492063491
C24,5,3,1687.5,3375.0,6000.0,Monte Carlo,2089.7625000000003,0.8999999999999999,12.63,5.24,2.994,10.621,9.827843903318902
C24,5,4,1687.5,3375.0,6000.0,historia,1842.170138888889,0.0,14.01388888888889,6.972222222222222,4.944444444444445,9.666666666666666,10.850283840388007
C24,5,4,1687.5,3375.0,6000.0,costo +1 tick,1671.2152777777776,0.0,13.777777777777779,6.256944444444445,4.333333333333333,8.881944444444445,10.205387455908287
C24,5,4,1687.5,3375.0,6000.0,Monte Carlo,2016.2849999999999,1.9,14.568,6.02,3.827,10.499,9.863412193362194
C24,5,5,1687.5,3375.0,6000.0,historia,1684.548611111111,0.0,14.86111111111111,7.055555555555555,5.048611111111111,9.055555555555555,10.129302198573031
C24,5,5,1687.5,3375.0,6000.0,costo +1 tick,1488.732638888889,0.6944444444444444,15.01388888888889,6.763888888888889,5.076388888888889,8.20138888888889,9.650673150152317
C24,5,5,1687.5,3375.0,6000.0,Monte Carlo,1921.655,2.6,15.824,6.591,4.474,10.211,9.848894796869798
C24,6,3,1687.5,3375.0,6000.0,historia,1956.6319444444443,0.0,14.194444444444445,6.444444444444445,4.326388888888889,10.194444444444445,7.668915343915343
C24,6,3,1687.5,3375.0,6000.0,costo +1 tick,1821.4322916666667,0.0,14.229166666666666,5.277777777777778,3.2083333333333335,9.597222222222221,7.146439594356262
C24,6,3,1687.5,3375.0,6000.0,Monte Carlo,2160.655,0.7000000000000001,14.344,5.455,3.109,11.117,8.395983730158731
C24,6,4,1687.5,3375.0,6000.0,historia,1952.2135416666667,0.0,15.104166666666666,6.736111111111111,4.666666666666667,10.270833333333334,8.27051917989418
C24,6,4,1687.5,3375.0,6000.0,costo +1 tick,1752.673611111111,0.0,16.86111111111111,6.6875,4.743055555555555,9.569444444444445,7.619419642857142
C24,6,4,1687.5,3375.0,6000.0,Monte Carlo,2079.4275000000002,1.6,16.722,6.311,4.023,11.007,8.412331998556997
C24,6,5,1687.5,3375.0,6000.0,historia,1797.795138888889,0.0,19.76388888888889,8.11111111111111,6.034722222222222,10.07638888888889,7.611430024450859
C24,6,5,1687.5,3375.0,6000.0,costo +1 tick,1643.498263888889,0.0,20.07638888888889,7.944444444444445,6.027777777777778,9.42361111111111,8.319350499037999
C24,6,5,1687.5,3375.0,6000.0,Monte Carlo,1974.17125,2.3,18.397,6.999,4.768,10.716,8.444126168276169
C24,7,3,1687.5,3375.0,6000.0,historia,1911.0677083333333,0.0,15.520833333333334,6.326388888888889,4.208333333333333,10.131944444444445,6.90181602733686
C24,7,3,1687.5,3375.0,6000.0,costo +1 tick,1825.251736111111,0.0,14.92361111111111,5.361111111111111,3.2708333333333335,9.6875,6.473343805114638
C24,7,3,1687.5,3375.0,6000.0,Monte Carlo,2120.8825,0.8,15.706,5.55,3.188,11.084,7.695523232323232
C24,7,4,1687.5,3375.0,6000.0,historia,2007.951388888889,0.0,17.88888888888889,7.020833333333333,4.881944444444445,10.8125,6.990184082892416
C24,7,4,1687.5,3375.0,6000.0,costo +1 tick,1781.623263888889,0.0,19.32638888888889,6.986111111111111,4.930555555555555,9.958333333333334,6.953025793650793
C24,7,4,1687.5,3375.0,6000.0,Monte Carlo,2036.1000000000001,1.6,18.66,6.449,4.153,11.019,7.726951653901653
C24,7,5,1687.5,3375.0,6000.0,historia,1694.513888888889,0.6944444444444444,22.13888888888889,8.618055555555555,6.555555555555555,9.868055555555555,7.2702921114379455
C24,7,5,1687.5,3375.0,6000.0,costo +1 tick,1605.6684027777776,0.0,22.59027777777778,8.42361111111111,6.479166666666667,9.520833333333334,7.797867314013146
C24,7,5,1687.5,3375.0,6000.0,Monte Carlo,1885.5662499999999,3.1,20.953,7.286,5.089,10.592,7.694046597846597
C24,6,4,1000.0,2500.0,6000.0,historia,1723.203125,0.0,16.0625,7.847222222222222,5.847222222222222,9.354166666666666,7.990593935385602
C24,6,4,1000.0,2500.0,6000.0,costo +1 tick,1603.8715277777776,0.0,17.40277777777778,6.951388888888889,5.013888888888889,8.965277777777779,7.172627314814814
C24,6,4,1000.0,2500.0,6000.0,Monte Carlo,2092.44125,1.7999999999999998,16.913,6.48,4.188,11.085,8.369840692640691
C24,6,4,2500.0,4500.0,6000.0,historia,1875.3385416666667,0.0,16.104166666666668,6.555555555555555,4.402777777777778,10.034722222222221,7.695169201940036
C24,6,4,2500.0,4500.0,6000.0,costo +1 tick,1711.8055555555557,0.0,16.805555555555557,6.798611111111111,4.986111111111111,9.381944444444445,7.442708333333333
C24,6,4,2500.0,4500.0,6000.0,Monte Carlo,2034.0225,1.5,16.398,6.189,3.922,10.771,8.360674494949494
C24,6,4,1687.5,3375.0,7000.0,historia,1835.6163194444443,0.0,13.631944444444445,6.6875,4.569444444444445,9.597222222222221,8.324922839506172
C24,6,4,1687.5,3375.0,7000.0,costo +1 tick,1779.0972222222224,0.0,15.222222222222221,5.9375,3.9305555555555554,9.51388888888889,7.704246582892416
C24,6,4,1687.5,3375.0,7000.0,Monte Carlo,2070.4075,1.7999999999999998,16.306,6.166,3.835,10.923,8.411745995670996
C24,6,4,1687.5,3375.0,9000.0,historia,1845.4253472222224,0.0,14.534722222222221,6.743055555555555,4.576388888888889,9.73611111111111,7.651774691358025
C24,6,4,1687.5,3375.0,9000.0,costo +1 tick,1786.5625,0.0,15.5,5.951388888888889,3.8194444444444446,9.57638888888889,7.5676229056437405
C24,6,4,1687.5,3375.0,9000.0,Monte Carlo,2043.3325000000002,1.6,15.646,5.931,3.537,10.733,8.396397294372294
REAL,4,3,1687.5,3375.0,6000.0,historia,2228.861111111111,0.0,10.644444444444444,4.711111111111111,2.4444444444444446,11.02962962962963,15.180238095238096
REAL,4,3,1687.5,3375.0,6000.0,costo +1 tick,1801.2222222222224,0.0,9.422222222222222,4.318518518518519,2.3851851851851853,9.0,16.94833333333333
REAL,4,3,1687.5,3375.0,6000.0,Monte Carlo,2187.6375000000003,1.0,10.47,4.827,2.579,10.828,12.419027380952382
REAL,4,4,1687.5,3375.0,6000.0,historia,1951.6851851851852,0.0,11.718518518518518,5.62962962962963,3.651851851851852,9.911111111111111,14.898694885361552
REAL,4,4,1687.5,3375.0,6000.0,costo +1 tick,1903.7592592592591,0.0,10.85925925925926,4.948148148148148,3.0148148148148146,9.607407407407408,15.77831569664903
REAL,4,4,1687.5,3375.0,6000.0,Monte Carlo,2139.13125,1.0999999999999999,11.745,5.464,3.233,10.747,12.35817380952381
REAL,4,5,1687.5,3375.0,6000.0,historia,1833.4629629629628,0.0,15.362962962962962,6.088888888888889,4.059259259259259,9.77037037037037,14.510241034685478
REAL,4,5,1687.5,3375.0,6000.0,costo +1 tick,1762.0925925925924,0.0,13.525925925925925,5.725925925925926,3.785185185185185,9.25925925925926,15.193686067019401
REAL,4,5,1687.5,3375.0,6000.0,Monte Carlo,2094.34125,1.4000000000000001,12.513,5.818,3.601,10.629,12.312504487179488
REAL,5,3,1687.5,3375.0,6000.0,historia,2070.6481481481483,0.0,11.481481481481481,5.392592592592592,3.2444444444444445,10.414814814814815,9.840558495002938
REAL,5,3,1687.5,3375.0,6000.0,costo +1 tick,1986.3055555555557,0.0,13.488888888888889,5.785185185185185,3.637037037037037,10.251851851851852,10.426158142269253
REAL,5,3,1687.5,3375.0,6000.0,Monte Carlo,2254.26625,1.0,12.733,5.165,2.807,11.363,9.85235238095238
REAL,5,4,1687.5,3375.0,6000.0,historia,2012.6944444444443,0.0,13.71111111111111,6.111111111111111,3.8962962962962964,10.392592592592592,9.949810806477473
REAL,5,4,1687.5,3375.0,6000.0,costo +1 tick,1926.0462962962963,0.0,14.762962962962963,6.607407407407408,4.5851851851851855,10.118518518518519,10.272490246379137
REAL,5,4,1687.5,3375.0,6000.0,Monte Carlo,2202.4375,1.0,14.47,5.949,3.615,11.316,9.80782435064935
REAL,5,5,1687.5,3375.0,6000.0,historia,1839.8796296296296,0.0,17.82962962962963,7.214814814814815,5.044444444444444,10.059259259259258,10.236274384052162
REAL,5,5,1687.5,3375.0,6000.0,costo +1 tick,1746.2592592592591,0.0,18.192592592592593,6.955555555555556,4.844444444444444,9.681481481481482,10.782647373202929
REAL,5,5,1687.5,3375.0,6000.0,Monte Carlo,2144.69375,0.8,15.575,6.39,4.06,11.176,9.877837740037739
REAL,6,3,1687.5,3375.0,6000.0,historia,2082.509259259259,0.0,13.85925925925926,5.992592592592593,3.7037037037037037,10.718518518518518,8.891690182245737
REAL,6,3,1687.5,3375.0,6000.0,costo +1 tick,2007.3240740740741,0.0,14.007407407407408,5.770370370370371,3.5481481481481483,10.4,8.96635802469136
REAL,6,3,1687.5,3375.0,6000.0,Monte Carlo,2353.39,0.8,14.092,5.389,2.923,11.947,8.39111507936508
REAL,6,4,1687.5,3375.0,6000.0,historia,2097.3333333333335,0.0,16.533333333333335,6.651851851851852,4.311111111111111,11.066666666666666,8.774106407995296
REAL,6,4,1687.5,3375.0,6000.0,costo +1 tick,1818.888888888889,0.0,16.88888888888889,7.111111111111111,4.844444444444444,9.866666666666667,8.409764042541822
REAL,6,4,1687.5,3375.0,6000.0,Monte Carlo,2315.95125,0.3,16.161,6.197,3.718,11.999,8.479578896103897
REAL,6,5,1687.5,3375.0,6000.0,historia,1849.0277777777776,0.0,20.11111111111111,7.237037037037037,4.970370370370371,10.34074074074074,8.527448025225803
REAL,6,5,1687.5,3375.0,6000.0,costo +1 tick,1889.7407407407409,0.0,19.94074074074074,7.185185185185185,4.896296296296296,10.503703703703703,8.830800865800864
REAL,6,5,1687.5,3375.0,6000.0,Monte Carlo,2268.8475,0.5,17.358,6.678,4.202,11.916,8.49366637806638
REAL,7,3,1687.5,3375.0,6000.0,historia,2046.398148148148,0.0,14.748148148148148,5.555555555555555,3.2444444444444445,10.651851851851852,6.607398589065256
REAL,7,3,1687.5,3375.0,6000.0,costo +1 tick,1939.1574074074076,0.0,15.474074074074075,5.4,3.214814814814815,10.251851851851852,6.543447971781305
REAL,7,3,1687.5,3375.0,6000.0,Monte Carlo,2348.18875,0.8,15.571,5.483,2.97,12.08,7.629989285714286
REAL,7,4,1687.5,3375.0,6000.0,historia,2056.9259259259256,0.0,18.725925925925925,6.45925925925926,4.214814814814815,11.118518518518519,6.45002859280637
REAL,7,4,1687.5,3375.0,6000.0,costo +1 tick,1984.4537037037037,0.0,18.97037037037037,6.82962962962963,4.555555555555555,10.822222222222223,6.5768975468975475
REAL,7,4,1687.5,3375.0,6000.0,Monte Carlo,2320.28125,0.8,17.845,6.37,3.855,12.196,7.641013888888889
REAL,7,5,1687.5,3375.0,6000.0,historia,1772.8148148148148,0.0,23.881481481481483,7.911111111111111,5.637037037037037,10.4,7.417392175725508
REAL,7,5,1687.5,3375.0,6000.0,costo +1 tick,1828.861111111111,0.0,21.31111111111111,6.844444444444444,4.5851851851851855,10.377777777777778,6.807627331516221
REAL,7,5,1687.5,3375.0,6000.0,Monte Carlo,2282.25875,0.8,19.247,6.873,4.34,12.175,7.68923318903319
REAL,6,4,1000.0,2500.0,6000.0,historia,1967.7129629629628,0.0,17.42962962962963,7.148148148148148,4.785185185185185,10.585185185185185,8.782982737427181
REAL,6,4,1000.0,2500.0,6000.0,costo +1 tick,1809.1944444444443,0.0,17.57777777777778,7.0962962962962965,4.837037037037037,9.896296296296295,8.627283683394795
REAL,6,4,1000.0,2500.0,6000.0,Monte Carlo,2311.2937500000003,0.5,16.395,6.346,3.882,12.003,8.488834632034632
REAL,6,4,2500.0,4500.0,6000.0,historia,1979.101851851852,0.0,16.31851851851852,6.614814814814815,4.355555555555555,10.518518518518519,8.506804820693707
REAL,6,4,2500.0,4500.0,6000.0,costo +1 tick,1924.3240740740741,0.0,16.94074074074074,6.059259259259259,3.837037037037037,10.34074074074074,9.114600235155793
REAL,6,4,2500.0,4500.0,6000.0,Monte Carlo,2282.7225,0.5,15.978,6.111,3.67,11.832,8.431958874458875
REAL,6,4,1687.5,3375.0,7000.0,historia,2099.8055555555557,0.0,16.288888888888888,6.651851851851852,4.303703703703704,11.051851851851852,8.756328630217519
REAL,6,4,1687.5,3375.0,7000.0,costo +1 tick,1813.101851851852,0.0,16.85185185185185,7.103703703703704,4.82962962962963,9.837037037037037,8.385566511677624
REAL,6,4,1687.5,3375.0,7000.0,Monte Carlo,2300.1974999999998,0.4,15.858,6.078,3.563,11.897,8.45058437950938
REAL,6,4,1687.5,3375.0,9000.0,historia,1982.9444444444443,0.0,15.244444444444444,6.481481481481482,4.177777777777778,10.422222222222222,8.869044679600234
REAL,6,4,1687.5,3375.0,9000.0,costo +1 tick,1767.898148148148,0.0,15.948148148148148,6.785185185185185,4.54074074074074,9.540740740740741,8.637977660199882
REAL,6,4,1687.5,3375.0,9000.0,Monte Carlo,2259.055,0.7000000000000001,15.184,5.848,3.285,11.643,8.474210533910533
