prof,sample,N,sharpe,sr0_ann,DSR
Ultra,CFD 2020-26,1,3.37,-inf,1.0
Ultra,CFD 2020-26,100,3.37,0.99,1.0
Ultra,CFD 2020-26,1000,3.37,1.27,1.0
Ultra,CFD 2020-26,10000,3.37,1.5,1.0
Ultra,CFD 2020-26,100000,3.37,1.71,1.0
Ultra,CFD 2020-26,300000,3.37,1.8,1.0
Ultra,REAL 2024-26,1,3.72,-inf,1.0
Ultra,REAL 2024-26,100,3.72,1.57,0.9999
Ultra,REAL 2024-26,1000,3.72,2.02,0.9984
Ultra,REAL 2024-26,10000,3.72,2.39,0.9894
Ultra,REAL 2024-26,100000,3.72,2.72,0.9588
Ultra,REAL 2024-26,300000,3.72,2.86,0.9315
WR70N,CFD 2020-26,1,3.2,-inf,1.0
WR70N,CFD 2020-26,100,3.2,0.99,1.0
WR70N,CFD 2020-26,1000,3.2,1.27,1.0
WR70N,CFD 2020-26,10000,3.2,1.5,1.0
WR70N,CFD 2020-26,100000,3.2,1.71,1.0
WR70N,CFD 2020-26,300000,3.2,1.8,0.9999
WR70N,REAL 2024-26,1,3.22,-inf,1.0
WR70N,REAL 2024-26,100,3.22,1.57,0.9964
WR70N,REAL 2024-26,1000,3.22,2.02,0.9748
WR70N,REAL 2024-26,10000,3.22,2.39,0.9114
WR70N,REAL 2024-26,100000,3.22,2.72,0.7932
WR70N,REAL 2024-26,300000,3.22,2.86,0.7202
GoldWR,CFD 2020-26,1,1.55,-inf,1.0
GoldWR,CFD 2020-26,100,1.55,0.99,0.9271
GoldWR,CFD 2020-26,1000,1.55,1.27,0.7667
GoldWR,CFD 2020-26,10000,1.55,1.5,0.5482
GoldWR,CFD 2020-26,100000,1.55,1.71,0.3408
GoldWR,CFD 2020-26,300000,1.55,1.8,0.2598
GoldWR,REAL 2024-26,1,2.32,-inf,1.0
GoldWR,REAL 2024-26,100,2.32,1.57,0.8889
GoldWR,REAL 2024-26,1000,2.32,2.02,0.6899
GoldWR,REAL 2024-26,10000,2.32,2.39,0.4561
GoldWR,REAL 2024-26,100000,2.32,2.72,0.2609
GoldWR,REAL 2024-26,300000,2.32,2.86,0.191
GoldRB,CFD 2020-26,1,1.32,-inf,1.0
GoldRB,CFD 2020-26,100,1.32,0.99,0.8119
GoldRB,CFD 2020-26,1000,1.32,1.27,0.5563
GoldRB,CFD 2020-26,10000,1.32,1.5,0.3157
GoldRB,CFD 2020-26,100000,1.32,1.71,0.153
GoldRB,CFD 2020-26,300000,1.32,1.8,0.1033
GoldRB,REAL 2024-26,1,1.68,-inf,1.0
GoldRB,REAL 2024-26,100,1.68,1.57,0.5736
GoldRB,REAL 2024-26,1000,1.68,2.02,0.2903
GoldRB,REAL 2024-26,10000,1.68,2.39,0.1211
GoldRB,REAL 2024-26,100000,1.68,2.72,0.0437
GoldRB,REAL 2024-26,300000,1.68,2.86,0.0258
Ultra+GoldRB,CFD 2020-26,1,3.58,-inf,1.0
Ultra+GoldRB,CFD 2020-26,100,3.58,0.99,1.0
Ultra+GoldRB,CFD 2020-26,1000,3.58,1.27,1.0
Ultra+GoldRB,CFD 2020-26,10000,3.58,1.5,1.0
Ultra+GoldRB,CFD 2020-26,100000,3.58,1.71,1.0
Ultra+GoldRB,CFD 2020-26,300000,3.58,1.8,1.0
Ultra+GoldRB,REAL 2024-26,1,4.04,-inf,1.0
Ultra+GoldRB,REAL 2024-26,100,4.04,1.57,1.0
Ultra+GoldRB,REAL 2024-26,1000,4.04,2.02,0.9998
Ultra+GoldRB,REAL 2024-26,10000,4.04,2.39,0.9977
Ultra+GoldRB,REAL 2024-26,100000,4.04,2.72,0.9885
Ultra+GoldRB,REAL 2024-26,300000,4.04,2.86,0.9785
WR70N+GoldWR,CFD 2020-26,1,3.38,-inf,1.0
WR70N+GoldWR,CFD 2020-26,100,3.38,0.99,1.0
WR70N+GoldWR,CFD 2020-26,1000,3.38,1.27,1.0
WR70N+GoldWR,CFD 2020-26,10000,3.38,1.5,1.0
WR70N+GoldWR,CFD 2020-26,100000,3.38,1.71,1.0
WR70N+GoldWR,CFD 2020-26,300000,3.38,1.8,1.0
WR70N+GoldWR,REAL 2024-26,1,3.55,-inf,1.0
WR70N+GoldWR,REAL 2024-26,100,3.55,1.57,0.9994
WR70N+GoldWR,REAL 2024-26,1000,3.55,2.02,0.9941
WR70N+GoldWR,REAL 2024-26,10000,3.55,2.39,0.9716
WR70N+GoldWR,REAL 2024-26,100000,3.55,2.72,0.9144
WR70N+GoldWR,REAL 2024-26,300000,3.55,2.86,0.8712
