mod,fam_n,fam_rho,fam_PF_2024_26,obs_IS,obs_2024_26,obs_pooled,fwd_PF_family_prior,kappa_family,note,cluster_n,cluster_rho,fwd_PF_cluster_prior,kappa_cluster
VOLB(U),192,0.848,1.181,1.246,1.51,1.348,1.311,0.89,VOL_BREAK (192 eligible),,,,
VOLB(W),192,0.848,1.181,1.474,1.218,1.374,1.498,1.33,VOL_BREAK (192 eligible),,,,
VW13(0.30),1128,0.209,0.959,1.539,1.555,1.546,1.025,0.05,CLOCK_ANCHOR (1128 eligible),48.0,0.644,1.555,1.02
VW13b(0.15),1128,0.209,0.959,1.341,1.28,1.318,1.06,0.19,CLOCK_ANCHOR (1128 eligible),48.0,0.644,1.28,0.88
LATE15,1920,0.059,0.88,1.439,1.264,1.374,0.898,-0.27,LATE_MOM (1920 eligible),480.0,-0.158,0.955,-0.12
LATEFH,1920,0.059,0.88,1.316,1.343,1.327,0.907,-0.29,LATE_MOM (1920 eligible),480.0,-0.158,0.955,-0.14
ENG10,1360,0.126,1.047,1.462,1.215,1.37,1.105,0.28,ENGULF_4H (1360 eligible),540.0,0.279,1.11,0.3
NF05,3828,0.302,0.919,1.652,1.323,1.504,1.129,0.26,G_DRIVE (3828 eligible),240.0,0.472,1.195,0.39
LF06,2142,-0.049,0.946,1.443,1.423,1.435,0.946,-0.12,NQ_DRIVE (2142 eligible),36.0,0.672,1.353,0.81
LF0430,2142,-0.049,0.946,1.608,1.454,1.545,0.946,-0.1,NQ_DRIVE (2142 eligible),24.0,0.35,1.156,0.29
G:ENG0408,1544,0.058,0.99,1.722,1.857,1.778,1.056,0.07,ENGULF_4H (1544 eligible),,,,
G:SVWAP22,1344,0.146,0.916,1.135,1.431,1.26,0.946,-0.21,CLOCK_ANCHOR (1344 eligible),,,,
G:OD1030,228,0.287,0.868,1.28,2.402,1.582,1.003,0.01,OPEN_DRIVE (228 eligible),,,,
G:ASIA1R,1368,0.234,0.994,1.099,1.259,1.16,1.084,0.52,G_ORB (1368 eligible),,,,
G:ENG0206,1544,0.058,0.99,1.574,1.118,1.362,1.035,0.1,ENGULF_4H (1544 eligible),,,,
MOM11,8280,0.155,0.931,1.088,1.143,1.108,0.994,-0.06,time map (tmom),360.0,0.706,1.071,0.66
MOM13,8280,0.155,0.931,1.294,1.164,1.244,0.986,-0.06,time map (tmom),360.0,0.426,1.062,0.25
MOM1030,8280,0.155,0.931,1.079,1.15,1.105,0.967,-0.31,time map (tmom),360.0,0.218,1.009,0.09
ON07,8280,0.155,0.931,1.136,1.251,1.178,0.984,-0.09,time map (tmom),288.0,0.281,1.081,0.45
REV06,8280,0.155,0.931,1.114,1.149,1.127,0.969,-0.25,time map (tmom),288.0,0.352,1.075,0.59
LON,2880,0.138,0.876,1.18,1.429,1.268,0.948,-0.19,London grid,,,,
ICT,936,0.074,1.011,1.203,1.358,1.259,1.046,0.18,ICT-fix 5m grid,,,,
CRT11,3900,0.09,0.971,1.684,1.793,1.734,1.07,0.1,"CRT grid (crt2.csv, CFD only)",,,,
MSEQ,8460,-0.179,1.007,1.66,1.38,1.571,1.007,0.01,"MSEQ grid (wr60_tf5) prior, chosen from wr60_focus",,,,
ORB60,72,-0.141,0.948,1.634,1.584,1.614,0.948,-0.08,ORB v3 grid (no pullback filter; weak prior),,,,
ORB90,72,-0.141,0.948,1.453,1.36,1.415,0.948,-0.12,ORB v3 grid (no pullback filter; weak prior),,,,
