file,fam,eligible,P_IS,P_OOS,survivors,expected,ratio,spearman_IS_C24,spearman_IS_REAL,median_IS,median_C24,surv_1519_n,surv_1519_median,surv_1519_ge1,surv_1519_ge11,base_1519_median,base_1519_ge1,base_1519_ge11
results_all.csv,AMD_POC,702,0.006,0.017,0,0.1,0.0,0.366,0.238,0.856,0.887,0,,,,0.92,0.28,0.11
results_all.csv,CLOCK_ANCHOR,1128,0.051,0.08,6,4.6,1.3,0.2,0.21,0.96,0.97,6,0.98,0.33,0.0,0.956,0.37,0.18
results_all.csv,GAP,192,0.052,0.188,2,1.9,1.07,0.005,-0.053,1.044,1.033,2,1.087,1.0,0.5,1.019,0.58,0.27
results_all.csv,HOD_RETEST,103,0.019,0.117,2,0.2,8.58,0.582,0.286,0.906,1.0,2,0.857,0.0,0.0,0.814,0.0,0.0
results_all.csv,LEVEL_FADE,166,0.006,0.036,0,0.0,0.0,0.134,-0.253,0.872,0.881,0,,,,0.903,0.22,0.08
results_all.csv,LEVEL_RETEST,257,0.008,0.019,0,0.0,0.0,0.156,0.055,0.894,0.866,0,,,,0.826,0.08,0.02
results_all.csv,OD_PULLBACK,75,0.0,0.04,0,0.0,0.0,0.167,0.26,0.956,0.952,0,,,,0.812,0.01,0.0
results_all.csv,ON_INVENTORY,576,0.007,0.196,0,0.8,0.0,0.044,0.055,0.933,1.091,0,,,,0.959,0.35,0.13
results_all.csv,OPEN_DRIVE,252,0.167,0.111,16,4.7,3.43,0.485,0.495,1.058,1.087,16,0.952,0.44,0.06,1.018,0.58,0.24
results_all.csv,PATTERN_5M,324,0.034,0.031,0,0.3,0.0,0.155,-0.004,0.944,0.911,0,,,,0.919,0.14,0.03
results_all.csv,PIVOT_BREAK,141,0.05,0.057,2,0.4,5.04,0.432,0.217,0.972,0.928,2,0.831,0.0,0.0,0.881,0.17,0.06
results_all.csv,PIVOT_FADE,212,0.0,0.274,0,0.0,0.0,0.056,0.03,0.827,1.137,0,,,,0.902,0.42,0.33
results_all.csv,RANGE_BREAK,672,0.012,0.043,0,0.3,0.0,0.324,0.251,1.005,0.996,0,,,,1.023,0.62,0.12
results_all.csv,ROUND_NUM,190,0.032,0.0,0,0.0,0.0,-0.057,-0.281,0.852,0.977,0,,,,0.841,0.21,0.11
results_all.csv,RSI_DIV,192,0.0,0.0,0,0.0,0.0,0.401,0.401,0.878,0.925,0,,,,0.911,0.07,0.01
results_all.csv,VA_80,78,0.462,0.0,0,0.0,0.0,-0.062,0.344,1.121,0.867,0,,,,0.855,0.14,0.04
results_all.csv,VOL_BREAK,192,0.198,0.411,32,15.6,2.05,0.823,0.7,1.172,1.232,32,1.074,0.91,0.28,1.093,0.82,0.47
results_all.csv,VWAP_BAND,415,0.0,0.024,0,0.0,0.0,0.261,0.075,0.876,0.942,0,,,,0.971,0.33,0.04
results_all.csv,VWAP_PULLBACK,180,0.039,0.067,0,0.5,0.0,0.309,0.499,0.948,0.984,0,,,,0.76,0.0,0.0
results_all.csv,WEEK_LEVEL,54,0.074,0.407,4,1.6,2.45,0.082,0.157,0.945,1.214,4,1.026,1.0,0.0,0.953,0.41,0.04
results_b3.csv,CISD_TRITON,7501,0.029,0.011,2,2.5,0.81,0.164,-0.091,0.962,0.906,2,0.953,0.5,0.0,0.946,0.39,0.17
results_b3.csv,EMA9_VWAP,1152,0.0,0.005,0,0.0,0.0,0.365,0.425,0.914,0.959,0,,,,0.97,0.28,0.0
results_b3.csv,ENGULF_4H,1360,0.189,0.148,36,38.0,0.95,0.162,0.08,1.066,1.07,36,1.0,0.5,0.42,0.968,0.4,0.15
results_b4.csv,LATE_MOM,1920,0.082,0.024,5,3.9,1.29,0.057,0.093,0.984,0.893,5,1.385,1.0,0.6,0.941,0.31,0.13
results_gnq.csv,G_DRIVE,3828,0.076,0.08,77,23.2,3.32,0.335,0.32,0.949,0.931,77,1.014,0.53,0.27,0.942,0.35,0.15
results_gnq.csv,G_ORB,1368,0.075,0.049,40,5.0,8.01,0.462,0.445,1.013,1.001,40,1.072,1.0,0.0,1.006,0.53,0.18
results_nqdrive.csv,NQ_DRIVE,2142,0.074,0.084,21,13.2,1.59,-0.011,-0.049,0.96,0.953,21,1.043,0.52,0.33,0.96,0.41,0.19
