fam,j,params,IS_pf,C24_pf,IS_wr,C24_wr,IS_n,C24_n,TR_n,TR_pf,T1n_pf,T2n_pf,IS4_pf,C244_pf,ok
PATTERN_5M,293,"{'kind': 'SQUEEZE', 'N': 48, 's': 0.0, 'R': 2.0, 'tf': 1, 'vwf': 0, 'w0': 1000, 'w1': 1500, 'hold': 400, 'maxday': 2, 'extra': 0.0}",1.217,1.353,40.4,47.0,94,66,111,1.018,1.18,1.382,0.843,0.891,False
VA_80,7,"{'w1': 1100, 'nb': 5, 's': 0.25, 'tf': 1, 'hold': 400}",1.217,1.315,60.6,66.7,104,63,109,0.993,1.075,1.375,0.97,1.081,False
VA_80,55,"{'w1': 1300, 'nb': 15, 's': 0.25, 'tf': 1, 'hold': 400}",1.426,1.407,69.8,66.1,106,59,114,0.625,1.167,1.462,1.088,1.119,False
VA_80,11,"{'w1': 1100, 'nb': 5, 's': 0.4, 'tf': 1, 'hold': 400}",1.268,1.295,68.3,71.4,104,63,109,0.821,1.103,1.358,1.039,1.084,False
CLOCK_ANCHOR,1531,"{'anc': 'SOPEN', 'T': 400, 'x': 0.35, 'mode': 1, 's': 0.25, 'R': 0.5, 'tg': 0, 'tf': 1, 'hold': 330}",1.394,1.227,72.5,66.0,91,50,110,1.055,1.297,1.04,1.046,0.948,False
CLOCK_ANCHOR,1527,"{'anc': 'SOPEN', 'T': 400, 'x': 0.35, 'mode': 1, 's': 0.15, 'R': 1.0, 'tg': 0, 'tf': 1, 'hold': 330}",1.33,1.458,58.2,58.0,91,50,110,0.935,1.249,1.233,0.956,1.105,False
CLOCK_ANCHOR,1614,"{'anc': 'SOPEN', 'T': 600, 'x': 0.35, 'mode': -1, 's': 0.25, 'R': 1.0, 'tg': 0, 'tf': 1, 'hold': 120}",1.252,1.742,56.9,64.7,123,85,185,1.659,1.354,1.738,0.823,1.154,False
CLOCK_ANCHOR,1606,"{'anc': 'SOPEN', 'T': 600, 'x': 0.35, 'mode': -1, 's': 0.15, 'R': 1.0, 'tg': 0, 'tf': 1, 'hold': 120}",1.209,1.895,59.3,68.2,123,85,185,1.498,1.251,1.858,0.797,1.28,False
GAP,53,"{'x': 0.05, 'nf': 30, 'R': 0.5, 'tf': 1, 'hold': 120, 'fade': 1}",1.3,1.431,54.8,58.9,135,95,188,1.139,1.263,1.433,0.98,1.084,False
GAP,55,"{'x': 0.05, 'nf': 30, 'R': 0.5, 'tf': 1, 'hold': 400, 'fade': 1}",1.205,1.277,54.8,57.9,135,95,188,1.068,1.217,1.265,0.942,1.014,False
GAP,61,"{'x': 0.05, 'nf': 30, 'R': 1.0, 'tf': 1, 'hold': 120, 'fade': 1}",1.3,1.431,54.8,58.9,135,95,188,1.139,1.263,1.433,0.98,1.084,False
GAP,63,"{'x': 0.05, 'nf': 30, 'R': 1.0, 'tf': 1, 'hold': 400, 'fade': 1}",1.205,1.277,54.8,57.9,135,95,188,1.068,1.217,1.265,0.942,1.014,False
GAP,69,"{'x': 0.05, 'nf': 30, 'R': 2.0, 'tf': 1, 'hold': 120, 'fade': 1}",1.3,1.431,54.8,58.9,135,95,188,1.139,1.263,1.433,0.98,1.084,False
GAP,71,"{'x': 0.05, 'nf': 30, 'R': 2.0, 'tf': 1, 'hold': 400, 'fade': 1}",1.205,1.277,54.8,57.9,135,95,188,1.068,1.217,1.265,0.942,1.014,False
GAP,125,"{'x': 0.15, 'nf': 30, 'R': 0.5, 'tf': 1, 'hold': 120, 'fade': 1}",1.281,1.655,52.5,60.7,120,84,171,1.093,1.248,1.641,0.994,1.263,False
GAP,141,"{'x': 0.15, 'nf': 30, 'R': 2.0, 'tf': 1, 'hold': 120, 'fade': 1}",1.281,1.655,52.5,60.7,120,84,171,1.093,1.248,1.641,0.994,1.263,False
GAP,133,"{'x': 0.15, 'nf': 30, 'R': 1.0, 'tf': 1, 'hold': 120, 'fade': 1}",1.281,1.655,52.5,60.7,120,84,171,1.093,1.248,1.641,0.994,1.263,False
GAP,205,"{'x': 0.3, 'nf': 30, 'R': 1.0, 'tf': 1, 'hold': 120, 'fade': 1}",1.37,1.377,50.0,51.0,80,51,107,1.092,1.322,1.422,1.093,1.052,False
GAP,213,"{'x': 0.3, 'nf': 30, 'R': 2.0, 'tf': 1, 'hold': 120, 'fade': 1}",1.37,1.377,50.0,51.0,80,51,107,1.092,1.322,1.422,1.093,1.052,False
GAP,197,"{'x': 0.3, 'nf': 30, 'R': 0.5, 'tf': 1, 'hold': 120, 'fade': 1}",1.37,1.377,50.0,51.0,80,51,107,1.092,1.322,1.422,1.093,1.052,False
GAP,214,"{'x': 0.3, 'nf': 30, 'R': 2.0, 'tf': 1, 'hold': 400, 'fade': 0}",1.391,1.268,56.3,39.3,87,61,134,1.125,1.637,1.037,1.139,1.05,False
PIVOT_FADE,265,"{'piv': 'CAM3', 'w0': 930, 'w1': 1300, 'sweep': 0.0, 'conf': 10, 'tg': 0, 'R': 1.0, 'tf': 1, 'hold': 240}",1.281,1.895,56.6,56.1,83,66,114,0.664,1.292,1.351,0.733,1.27,False
PIVOT_FADE,289,"{'piv': 'CAM3', 'w0': 930, 'w1': 1530, 'sweep': 0.0, 'conf': 3, 'tg': 0, 'R': 1.0, 'tf': 1, 'hold': 240}",1.357,1.219,56.8,58.4,88,77,127,0.703,1.381,1.178,0.724,0.712,False
PIVOT_FADE,297,"{'piv': 'CAM3', 'w0': 930, 'w1': 1530, 'sweep': 0.0, 'conf': 10, 'tg': 0, 'R': 1.0, 'tf': 1, 'hold': 240}",1.226,1.664,55.6,56.8,99,88,148,0.739,1.245,1.337,0.683,1.099,False
ENGULF_4H,174,"{'eng': '0206v2202@0930', 'ent': 0, 'R': 2.0, 'stop': 2, 'trend': 1, 'w1': 1130, 'body': 0}",2.001,1.218,54.1,41.7,98,60,180,0.736,1.928,1.31,1.6,0.97,False
ENGULF_4H,177,"{'eng': '0206v2202@0930', 'ent': 0, 'R': 2.0, 'stop': 2, 'trend': 1, 'w1': 1500, 'body': 0}",2.001,1.218,54.1,41.7,98,60,180,0.736,1.928,1.31,1.6,0.97,False
ENGULF_4H,309,"{'eng': '0206v2202@0930', 'ent': 1, 'R': 1.5, 'stop': 1, 'trend': 1, 'w1': 1500, 'body': 0}",1.317,1.206,48.6,41.1,138,90,237,0.731,1.331,1.002,1.028,0.931,False
ENGULF_4H,354,"{'eng': '0206v2202@0930', 'ent': 1, 'R': 2.0, 'stop': 1, 'trend': 1, 'w1': 1130, 'body': 0}",1.284,1.264,42.4,34.3,118,70,181,0.763,1.266,0.93,1.003,1.008,False
ENGULF_4H,357,"{'eng': '0206v2202@0930', 'ent': 1, 'R': 2.0, 'stop': 1, 'trend': 1, 'w1': 1500, 'body': 0}",1.23,1.368,40.6,36.7,138,90,237,0.77,1.219,1.069,0.962,1.07,False
ENGULF_4H,651,"{'eng': '0206v2202@0930', 'ent': 3, 'R': 1.0, 'stop': 2, 'trend': 0, 'w1': 1500, 'body': 0}",1.299,1.423,53.6,55.0,168,109,260,0.669,1.225,1.534,1.042,1.136,False
ENGULF_4H,648,"{'eng': '0206v2202@0930', 'ent': 3, 'R': 1.0, 'stop': 2, 'trend': 0, 'w1': 1130, 'body': 0}",1.324,1.439,54.1,55.2,148,96,229,0.614,1.256,1.541,1.069,1.165,False
ENGULF_4H,696,"{'eng': '0206v2202@0930', 'ent': 3, 'R': 1.5, 'stop': 2, 'trend': 0, 'w1': 1130, 'body': 0}",1.239,1.485,48.0,50.0,148,96,229,0.538,1.21,1.691,0.998,1.209,False
ENGULF_4H,699,"{'eng': '0206v2202@0930', 'ent': 3, 'R': 1.5, 'stop': 2, 'trend': 0, 'w1': 1500, 'body': 0}",1.238,1.469,48.2,50.5,168,109,260,0.568,1.208,1.684,0.991,1.179,False
ENGULF_4H,744,"{'eng': '0206v2202@0930', 'ent': 3, 'R': 2.0, 'stop': 2, 'trend': 0, 'w1': 1130, 'body': 0}",1.229,1.677,45.9,47.9,148,96,229,0.567,1.23,1.928,0.985,1.362,False
ENGULF_4H,747,"{'eng': '0206v2202@0930', 'ent': 3, 'R': 2.0, 'stop': 2, 'trend': 0, 'w1': 1500, 'body': 0}",1.232,1.621,46.4,47.7,168,109,260,0.585,1.227,1.879,0.982,1.299,False
ENGULF_4H,1116,"{'eng': '0610v0206@1000', 'ent': 1, 'R': 2.0, 'stop': 1, 'trend': 0, 'w1': 1130, 'body': 0}",1.243,1.376,44.1,43.8,127,144,182,1.081,1.118,1.324,1.016,1.148,False
ENGULF_4H,1250,"{'eng': '0610v0206@1000', 'ent': 2, 'R': 1.5, 'stop': 0, 'trend': 0, 'w1': 1130, 'body': 2}",1.245,1.255,50.6,48.8,389,295,489,0.907,1.253,1.24,1.011,1.06,False
ENGULF_4H,1256,"{'eng': '0610v0206@1000', 'ent': 2, 'R': 1.5, 'stop': 0, 'trend': 1, 'w1': 1130, 'body': 2}",1.321,1.217,53.6,47.1,183,153,232,1.042,1.372,1.098,1.068,1.016,False
ENGULF_4H,1452,"{'eng': '0610v0206@1000', 'ent': 3, 'R': 1.5, 'stop': 1, 'trend': 0, 'w1': 1130, 'body': 0}",1.216,1.574,43.4,55.5,113,128,174,1.264,1.08,1.661,0.988,1.312,False
ENGULF_4H,1455,"{'eng': '0610v0206@1000', 'ent': 3, 'R': 1.5, 'stop': 1, 'trend': 0, 'w1': 1500, 'body': 0}",1.216,1.521,44.0,53.2,150,154,215,1.238,1.071,1.545,0.979,1.275,False
ENGULF_4H,1500,"{'eng': '0610v0206@1000', 'ent': 3, 'R': 2.0, 'stop': 1, 'trend': 0, 'w1': 1130, 'body': 0}",1.282,1.616,41.6,51.6,113,128,174,1.244,1.143,1.698,1.04,1.341,False
ENGULF_4H,1503,"{'eng': '0610v0206@1000', 'ent': 3, 'R': 2.0, 'stop': 1, 'trend': 0, 'w1': 1500, 'body': 0}",1.269,1.553,42.0,49.4,150,154,215,1.214,1.127,1.573,1.021,1.299,False
G_DRIVE,2836,"{'A': 2000, 'T': 540, 'x': 0.35, 'mode': -1, 'tf': 0, 'k': 0.2, 'stop': 0, 'R': 2.0, 'hold': 240}",1.202,1.413,48.3,48.5,205,132,269,0.89,1.125,1.283,0.89,1.096,False
G_DRIVE,2842,"{'A': 2000, 'T': 540, 'x': 0.35, 'mode': -1, 'tf': 0, 'k': 0.2, 'stop': 1, 'R': 2.0, 'hold': 240}",1.314,1.529,39.0,44.1,195,127,240,0.831,1.274,1.388,0.877,1.053,False
G_DRIVE,2843,"{'A': 2000, 'T': 540, 'x': 0.35, 'mode': -1, 'tf': 0, 'k': 0.2, 'stop': 1, 'R': 2.0, 'hold': 600}",1.242,1.484,35.4,41.7,195,127,240,0.801,1.191,1.363,0.873,1.073,False
G_DRIVE,2848,"{'A': 2000, 'T': 540, 'x': 0.35, 'mode': -1, 'tf': 0, 'k': 0.35, 'stop': 0, 'R': 2.0, 'hold': 240}",1.272,1.309,52.7,50.0,205,132,269,0.895,1.189,1.158,0.962,1.02,False
G_DRIVE,2854,"{'A': 2000, 'T': 540, 'x': 0.35, 'mode': -1, 'tf': 0, 'k': 0.35, 'stop': 1, 'R': 2.0, 'hold': 240}",1.377,1.464,39.5,44.1,195,127,240,0.787,1.349,1.325,0.935,1.029,False
G_DRIVE,2855,"{'A': 2000, 'T': 540, 'x': 0.35, 'mode': -1, 'tf': 0, 'k': 0.35, 'stop': 1, 'R': 2.0, 'hold': 600}",1.291,1.765,35.4,42.5,195,127,240,0.764,1.267,1.599,0.933,1.307,False
G_DRIVE,2856,"{'A': 2000, 'T': 540, 'x': 0.35, 'mode': -1, 'tf': 1, 'k': 0.2, 'stop': 0, 'R': 0.5, 'hold': 240}",1.954,1.506,79.2,71.4,101,70,145,0.946,1.631,1.261,1.364,1.067,False
G_DRIVE,2857,"{'A': 2000, 'T': 540, 'x': 0.35, 'mode': -1, 'tf': 1, 'k': 0.2, 'stop': 0, 'R': 0.5, 'hold': 600}",1.794,1.25,80.2,71.4,101,70,145,0.945,1.55,1.068,1.281,0.916,False
G_DRIVE,2858,"{'A': 2000, 'T': 540, 'x': 0.35, 'mode': -1, 'tf': 1, 'k': 0.2, 'stop': 0, 'R': 1.0, 'hold': 240}",1.421,1.671,58.4,61.4,101,70,145,0.914,1.276,1.501,1.052,1.281,False
G_DRIVE,2860,"{'A': 2000, 'T': 540, 'x': 0.35, 'mode': -1, 'tf': 1, 'k': 0.2, 'stop': 0, 'R': 2.0, 'hold': 240}",1.428,1.707,50.5,54.3,101,70,145,0.941,1.357,1.449,1.075,1.314,False
G_DRIVE,2861,"{'A': 2000, 'T': 540, 'x': 0.35, 'mode': -1, 'tf': 1, 'k': 0.2, 'stop': 0, 'R': 2.0, 'hold': 600}",1.315,1.34,43.6,38.6,101,70,145,0.9,1.316,1.183,1.093,1.122,False
G_DRIVE,2870,"{'A': 2000, 'T': 540, 'x': 0.35, 'mode': -1, 'tf': 1, 'k': 0.35, 'stop': 0, 'R': 1.0, 'hold': 240}",1.769,1.39,57.4,54.3,101,70,145,0.868,1.663,1.178,1.332,1.088,False
G_DRIVE,2872,"{'A': 2000, 'T': 540, 'x': 0.35, 'mode': -1, 'tf': 1, 'k': 0.35, 'stop': 0, 'R': 2.0, 'hold': 240}",1.778,1.495,54.5,54.3,101,70,145,0.834,1.527,1.223,1.334,1.154,False
G_DRIVE,2862,"{'A': 2000, 'T': 540, 'x': 0.35, 'mode': -1, 'tf': 1, 'k': 0.2, 'stop': 1, 'R': 0.5, 'hold': 240}",1.273,1.265,64.9,66.2,94,65,134,0.709,1.079,0.968,0.729,0.834,False
G_DRIVE,2863,"{'A': 2000, 'T': 540, 'x': 0.35, 'mode': -1, 'tf': 1, 'k': 0.2, 'stop': 1, 'R': 0.5, 'hold': 600}",1.21,1.265,64.9,66.2,94,65,134,0.734,1.049,0.968,0.698,0.834,False
G_DRIVE,2864,"{'A': 2000, 'T': 540, 'x': 0.35, 'mode': -1, 'tf': 1, 'k': 0.2, 'stop': 1, 'R': 1.0, 'hold': 240}",1.355,1.42,52.1,54.4,96,68,134,0.763,1.229,1.195,0.897,0.977,False
G_DRIVE,2865,"{'A': 2000, 'T': 540, 'x': 0.35, 'mode': -1, 'tf': 1, 'k': 0.2, 'stop': 1, 'R': 1.0, 'hold': 600}",1.288,1.293,52.1,52.9,96,68,134,0.733,1.179,1.098,0.877,0.9,False
G_DRIVE,2866,"{'A': 2000, 'T': 540, 'x': 0.35, 'mode': -1, 'tf': 1, 'k': 0.2, 'stop': 1, 'R': 2.0, 'hold': 240}",1.453,1.895,41.7,48.5,96,68,134,0.978,1.384,1.589,0.978,1.297,False
G_DRIVE,2867,"{'A': 2000, 'T': 540, 'x': 0.35, 'mode': -1, 'tf': 1, 'k': 0.2, 'stop': 1, 'R': 2.0, 'hold': 600}",1.512,1.742,39.6,44.1,96,68,134,0.938,1.453,1.479,1.081,1.26,False
G_DRIVE,2868,"{'A': 2000, 'T': 540, 'x': 0.35, 'mode': -1, 'tf': 1, 'k': 0.35, 'stop': 0, 'R': 0.5, 'hold': 240}",1.902,1.466,66.3,62.9,101,70,145,0.989,1.675,1.359,1.372,1.127,False
G_DRIVE,2874,"{'A': 2000, 'T': 540, 'x': 0.35, 'mode': -1, 'tf': 1, 'k': 0.35, 'stop': 1, 'R': 0.5, 'hold': 240}",1.267,1.391,63.8,66.2,94,65,134,0.715,1.035,1.082,0.764,0.965,False
G_DRIVE,2876,"{'A': 2000, 'T': 540, 'x': 0.35, 'mode': -1, 'tf': 1, 'k': 0.35, 'stop': 1, 'R': 1.0, 'hold': 240}",1.444,1.551,52.1,54.4,96,68,134,0.753,1.314,1.311,0.986,1.094,False
G_DRIVE,2877,"{'A': 2000, 'T': 540, 'x': 0.35, 'mode': -1, 'tf': 1, 'k': 0.35, 'stop': 1, 'R': 1.0, 'hold': 600}",1.331,1.44,52.1,52.9,96,68,134,0.717,1.209,1.232,0.941,1.033,False
G_DRIVE,2878,"{'A': 2000, 'T': 540, 'x': 0.35, 'mode': -1, 'tf': 1, 'k': 0.35, 'stop': 1, 'R': 2.0, 'hold': 240}",1.405,1.876,41.7,48.5,96,68,134,0.845,1.319,1.556,0.96,1.296,False
G_DRIVE,2879,"{'A': 2000, 'T': 540, 'x': 0.35, 'mode': -1, 'tf': 1, 'k': 0.35, 'stop': 1, 'R': 2.0, 'hold': 600}",1.482,1.984,39.6,44.1,96,68,134,0.788,1.429,1.702,1.079,1.462,False
G_DRIVE,3912,"{'A': 300, 'T': 120, 'x': 0.2, 'mode': -1, 'tf': 1, 'k': 0.2, 'stop': 0, 'R': 0.5, 'hold': 240}",1.495,1.221,74.8,71.9,123,64,138,1.007,1.364,1.142,1.03,0.871,False
G_DRIVE,3914,"{'A': 300, 'T': 120, 'x': 0.2, 'mode': -1, 'tf': 1, 'k': 0.2, 'stop': 0, 'R': 1.0, 'hold': 240}",1.424,1.295,56.9,59.4,123,64,138,0.781,1.236,1.199,1.053,0.981,False
G_DRIVE,3915,"{'A': 300, 'T': 120, 'x': 0.2, 'mode': -1, 'tf': 1, 'k': 0.2, 'stop': 0, 'R': 1.0, 'hold': 600}",1.36,1.225,57.7,56.2,123,64,138,0.882,1.196,1.137,1.067,0.989,False
G_DRIVE,4983,"{'A': 820, 'T': 30, 'x': 0.1, 'mode': -1, 'tf': 1, 'k': 0.35, 'stop': 0, 'R': 1.0, 'hold': 600}",1.235,1.41,57.3,57.4,164,129,165,0.884,1.226,1.334,1.068,1.222,False
G_DRIVE,4973,"{'A': 820, 'T': 30, 'x': 0.1, 'mode': -1, 'tf': 1, 'k': 0.2, 'stop': 0, 'R': 2.0, 'hold': 600}",1.218,1.357,42.1,42.6,164,129,165,1.037,1.213,1.32,1.003,1.129,False
G_DRIVE,5245,"{'A': 820, 'T': 60, 'x': 0.1, 'mode': -1, 'tf': 0, 'k': 0.35, 'stop': 0, 'R': 0.5, 'hold': 600}",1.204,1.207,70.0,70.6,410,320,519,0.823,1.142,1.129,0.978,1.01,False
G_DRIVE,5268,"{'A': 820, 'T': 60, 'x': 0.1, 'mode': -1, 'tf': 1, 'k': 0.35, 'stop': 0, 'R': 0.5, 'hold': 240}",1.313,1.398,69.8,74.0,212,154,242,0.813,1.216,1.282,1.049,1.161,False
G_DRIVE,5269,"{'A': 820, 'T': 60, 'x': 0.1, 'mode': -1, 'tf': 1, 'k': 0.35, 'stop': 0, 'R': 0.5, 'hold': 600}",1.268,1.375,69.8,73.4,212,154,242,0.775,1.145,1.271,1.03,1.146,False
G_DRIVE,5270,"{'A': 820, 'T': 60, 'x': 0.1, 'mode': -1, 'tf': 1, 'k': 0.35, 'stop': 0, 'R': 1.0, 'hold': 240}",1.313,1.307,56.1,58.4,212,154,242,0.791,1.258,1.218,1.093,1.125,False
G_DRIVE,5271,"{'A': 820, 'T': 60, 'x': 0.1, 'mode': -1, 'tf': 1, 'k': 0.35, 'stop': 0, 'R': 1.0, 'hold': 600}",1.243,1.245,54.2,54.5,212,154,242,0.812,1.186,1.152,1.059,1.087,False
G_DRIVE,5354,"{'A': 820, 'T': 60, 'x': 0.2, 'mode': -1, 'tf': 1, 'k': 0.2, 'stop': 0, 'R': 1.0, 'hold': 240}",1.277,1.281,58.3,59.7,96,72,77,0.842,1.22,1.319,0.992,1.024,False
G_DRIVE,5364,"{'A': 820, 'T': 60, 'x': 0.2, 'mode': -1, 'tf': 1, 'k': 0.35, 'stop': 0, 'R': 0.5, 'hold': 240}",1.347,1.659,74.0,79.2,96,72,77,0.852,1.33,1.701,1.096,1.379,False
G_DRIVE,5365,"{'A': 820, 'T': 60, 'x': 0.2, 'mode': -1, 'tf': 1, 'k': 0.35, 'stop': 0, 'R': 0.5, 'hold': 600}",1.259,1.672,72.9,79.2,96,72,77,0.806,1.227,1.72,1.03,1.394,False
G_DRIVE,5366,"{'A': 820, 'T': 60, 'x': 0.2, 'mode': -1, 'tf': 1, 'k': 0.35, 'stop': 0, 'R': 1.0, 'hold': 240}",1.255,1.213,56.2,58.3,96,72,77,0.806,1.263,1.273,1.062,1.048,False
G_DRIVE,6820,"{'A': 930, 'T': 60, 'x': 0.35, 'mode': 1, 'tf': 0, 'k': 0.2, 'stop': 0, 'R': 2.0, 'hold': 240}",1.204,1.211,47.1,44.0,189,159,243,1.036,1.323,1.231,0.952,0.995,False
G_DRIVE,6821,"{'A': 930, 'T': 60, 'x': 0.35, 'mode': 1, 'tf': 0, 'k': 0.2, 'stop': 0, 'R': 2.0, 'hold': 600}",1.212,1.201,45.0,44.0,189,159,243,1.082,1.318,1.216,0.972,0.99,False
G_DRIVE,6826,"{'A': 930, 'T': 60, 'x': 0.35, 'mode': 1, 'tf': 0, 'k': 0.2, 'stop': 1, 'R': 2.0, 'hold': 240}",1.204,1.211,47.1,44.0,189,159,243,1.036,1.323,1.231,0.952,0.995,False
G_DRIVE,6827,"{'A': 930, 'T': 60, 'x': 0.35, 'mode': 1, 'tf': 0, 'k': 0.2, 'stop': 1, 'R': 2.0, 'hold': 600}",1.212,1.201,45.0,44.0,189,159,243,1.082,1.318,1.216,0.972,0.99,False
NQ_DRIVE,2150,"{'A': 100, 'T': 240, 'x': 0.35, 'mode': -1, 'tf': 0, 'k': 0.2, 'stop': 0, 'R': 2.0, 'hold': 240}",1.2,1.355,47.7,45.2,130,73,143,1.182,1.107,1.229,0.893,1.092,False
NQ_DRIVE,2422,"{'A': 200, 'T': 120, 'x': 0.2, 'mode': -1, 'tf': 1, 'k': 0.35, 'stop': 0, 'R': 1.0, 'hold': 240}",1.335,1.421,56.5,47.5,108,59,136,1.057,1.2,1.243,1.009,1.078,False
NQ_DRIVE,2423,"{'A': 200, 'T': 120, 'x': 0.2, 'mode': -1, 'tf': 1, 'k': 0.35, 'stop': 0, 'R': 2.0, 'hold': 240}",1.441,1.687,56.5,45.8,108,59,136,0.947,1.3,1.384,1.066,1.276,False
NQ_DRIVE,2873,"{'A': 400, 'T': 240, 'x': 0.35, 'mode': -1, 'tf': 0, 'k': 0.35, 'stop': 0, 'R': 2.0, 'hold': 240}",1.288,1.28,44.3,39.1,106,64,128,0.876,1.042,1.101,1.098,1.119,False
NQ_DRIVE,3215,"{'A': 500, 'T': 240, 'x': 0.2, 'mode': -1, 'tf': 1, 'k': 0.35, 'stop': 0, 'R': 2.0, 'hold': 240}",1.209,1.245,44.5,50.5,173,111,199,0.806,1.192,1.26,1.013,1.061,False
NQ_DRIVE,3231,"{'A': 500, 'T': 240, 'x': 0.35, 'mode': -1, 'tf': 0, 'k': 0.35, 'stop': 0, 'R': 0.5, 'hold': 240}",1.31,1.846,70.2,78.6,151,112,170,0.686,1.162,1.686,1.069,1.548,False
NQ_DRIVE,3233,"{'A': 500, 'T': 240, 'x': 0.35, 'mode': -1, 'tf': 0, 'k': 0.35, 'stop': 0, 'R': 2.0, 'hold': 240}",1.242,1.34,40.9,50.0,154,112,170,0.918,1.115,1.309,1.062,1.165,False
NQ_DRIVE,3782,"{'A': 700, 'T': 60, 'x': 0.2, 'mode': -1, 'tf': 0, 'k': 0.2, 'stop': 0, 'R': 2.0, 'hold': 240}",1.323,1.204,40.7,37.3,81,59,91,1.029,1.049,1.089,1.076,1.019,False
NQ_DRIVE,3863,"{'A': 700, 'T': 120, 'x': 0.2, 'mode': -1, 'tf': 1, 'k': 0.35, 'stop': 0, 'R': 2.0, 'hold': 240}",1.297,1.222,44.0,50.0,134,96,135,0.929,1.205,1.273,1.107,1.04,False
NQ_DRIVE,4235,"{'A': 1000, 'T': 120, 'x': 0.35, 'mode': 1, 'tf': 1, 'k': 0.35, 'stop': 0, 'R': 2.0, 'hold': 240}",1.237,1.254,50.9,47.8,110,90,144,1.13,1.253,1.206,1.027,1.034,False
NQ_DRIVE,4403,"{'A': 1100, 'T': 30, 'x': 0.1, 'mode': 1, 'tf': 1, 'k': 0.35, 'stop': 0, 'R': 2.0, 'hold': 240}",1.298,1.221,52.0,50.6,200,154,281,1.171,1.285,1.218,1.059,1.011,False
NQ_DRIVE,4793,"{'A': 1200, 'T': 30, 'x': 0.2, 'mode': -1, 'tf': 0, 'k': 0.35, 'stop': 0, 'R': 2.0, 'hold': 240}",1.236,1.272,50.0,45.3,116,86,154,0.708,1.366,1.169,1.027,1.094,False
