per,DL,test,mo,ploss,fbust
IS,0.0,historia,2228.254132231405,0.0,1.06198347107438
IS,0.0,costo +1 tick,2096.492768595041,0.0,0.7975206611570248
IS,0.0,Monte Carlo,1980.62,0.6,1.56
IS,1000.0,historia,1628.3109504132233,0.0,1.1322314049586777
IS,1000.0,costo +1 tick,1514.4576446280992,0.0,1.537190082644628
IS,1000.0,Monte Carlo,1717.4125000000001,1.0,1.416
IS,1500.0,historia,1995.1911157024795,0.0,1.2024793388429753
IS,1500.0,costo +1 tick,1745.7902892561985,0.0,1.6818181818181819
IS,1500.0,Monte Carlo,1861.59875,0.5,1.57
IS,2000.0,historia,2292.7272727272725,0.0,0.768595041322314
IS,2000.0,costo +1 tick,2135.1394628099174,0.0,1.024793388429752
IS,2000.0,Monte Carlo,1990.5349999999999,0.5,1.475
IS,2500.0,historia,2241.6425619834713,0.0,0.9049586776859504
IS,2500.0,costo +1 tick,2104.6487603305786,0.0,1.06198347107438
IS,2500.0,Monte Carlo,1964.1975,0.7000000000000001,1.546
C24,0.0,historia,2058.637152777778,0.0,4.256944444444445
C24,0.0,costo +1 tick,2068.784722222222,0.0,3.7291666666666665
C24,0.0,Monte Carlo,2246.73625,0.7000000000000001,3.218
C24,1000.0,historia,1706.5277777777776,0.0,1.8958333333333333
C24,1000.0,costo +1 tick,1681.579861111111,0.0,1.8402777777777777
C24,1000.0,Monte Carlo,1666.14,2.6,2.685
C24,1500.0,historia,2197.7256944444443,0.0,2.2222222222222223
C24,1500.0,costo +1 tick,2147.465277777778,0.0,1.9097222222222223
C24,1500.0,Monte Carlo,1928.42875,1.4000000000000001,2.983
C24,2000.0,historia,2290.8506944444443,0.0,2.3194444444444446
C24,2000.0,costo +1 tick,1883.6805555555557,0.0,3.201388888888889
C24,2000.0,Monte Carlo,2141.25375,0.4,2.969
C24,2500.0,historia,2114.7395833333335,0.0,3.1458333333333335
C24,2500.0,costo +1 tick,1989.470486111111,0.0,3.2083333333333335
C24,2500.0,Monte Carlo,2163.045,0.8,3.101
REAL,0.0,historia,2227.5833333333335,0.0,3.6814814814814816
REAL,0.0,costo +1 tick,2128.1018518518517,0.0,3.696296296296296
REAL,0.0,Monte Carlo,2474.4375,0.6,3.036
REAL,1000.0,historia,1801.2129629629628,0.0,1.385185185185185
REAL,1000.0,costo +1 tick,1669.7962962962963,0.0,1.7333333333333334
REAL,1000.0,Monte Carlo,1694.79,1.6,2.731
REAL,1500.0,historia,2371.388888888889,0.0,1.9703703703703703
REAL,1500.0,costo +1 tick,1937.8333333333333,0.0,2.274074074074074
REAL,1500.0,Monte Carlo,2160.5525000000002,0.8999999999999999,2.844
REAL,2000.0,historia,2328.6666666666665,0.0,2.577777777777778
REAL,2000.0,costo +1 tick,2196.5185185185187,0.0,2.9851851851851854
REAL,2000.0,Monte Carlo,2311.77625,0.6,2.857
REAL,2500.0,historia,2177.277777777778,0.0,3.1555555555555554
REAL,2500.0,costo +1 tick,2071.722222222222,0.0,3.422222222222222
REAL,2500.0,Monte Carlo,2357.1475,0.6,2.929
