per,fund,evalp,test,mo,p10,ploss,evals,passes,fbust,payouts,dtp
IS,gating + oro WinRate (EQ2),fijo 2,historia,1355,680,0.0,8.4,4.52,2.69,9.5,10.4
IS,gating + oro WinRate (EQ2),fijo 2,costo +1 tick,1327,654,0.0,8.7,4.39,2.48,9.4,11.5
IS,gating + oro WinRate (EQ2),fijo 2,Monte Carlo,1131,512,1.3,9.2,4.74,2.93,8.1,12.5
IS,gating + oro WinRate (EQ2),fijo 1,historia,1097,565,0.0,4.4,3.18,1.62,7.6,32.5
IS,gating + oro WinRate (EQ2),fijo 1,costo +1 tick,1031,415,0.0,4.9,3.19,1.76,7.2,28.6
IS,gating + oro WinRate (EQ2),fijo 1,Monte Carlo,858,106,5.6,5.1,3.68,2.34,6.0,29.9
IS,gating + oro WinRate (EQ2),1 -> 2 desde el dia 8 (1 si colchon < 1000),historia,941,97,0.0,6.5,4.17,2.84,6.6,19.0
IS,gating + oro WinRate (EQ2),1 -> 2 desde el dia 8 (1 si colchon < 1000),costo +1 tick,1053,389,0.0,6.1,3.6,2.32,7.4,20.5
IS,gating + oro WinRate (EQ2),1 -> 2 desde el dia 8 (1 si colchon < 1000),Monte Carlo,942,229,3.6,6.6,4.03,2.54,6.7,21.0
IS,gating + oro WinRate (EQ2),"2 (1 si colchon < 1250), 3 desde el dia 12",historia,1257,680,0.0,7.5,4.19,2.47,8.8,13.2
IS,gating + oro WinRate (EQ2),"2 (1 si colchon < 1250), 3 desde el dia 12",costo +1 tick,1147,390,0.0,7.8,4.14,2.63,8.1,13.6
IS,gating + oro WinRate (EQ2),"2 (1 si colchon < 1250), 3 desde el dia 12",Monte Carlo,1061,371,2.0,8.2,4.42,2.72,7.6,13.9
IS,gating + oro WinRate (EQ2),1 -> 2 desde el dia 8 (1 si colchon < 1750),historia,1120,556,0.0,4.8,3.19,1.59,7.7,31.4
IS,gating + oro WinRate (EQ2),1 -> 2 desde el dia 8 (1 si colchon < 1750),costo +1 tick,1054,415,0.0,5.3,3.17,1.7,7.3,25.4
IS,gating + oro WinRate (EQ2),1 -> 2 desde el dia 8 (1 si colchon < 1750),Monte Carlo,882,97,6.1,5.5,3.8,2.41,6.2,27.1
IS,gating + oro Robust,fijo 2,historia,1421,812,0.0,8.7,4.41,2.17,10.0,11.0
IS,gating + oro Robust,fijo 2,costo +1 tick,1292,671,0.0,9.1,4.36,2.68,9.1,11.1
IS,gating + oro Robust,fijo 2,Monte Carlo,1163,563,1.2,9.0,4.7,2.84,8.3,12.7
IS,gating + oro Robust,fijo 1,historia,1133,706,0.0,4.3,3.11,1.59,7.8,33.7
IS,gating + oro Robust,fijo 1,costo +1 tick,1000,397,1.2,5.0,3.23,1.81,7.0,29.7
IS,gating + oro Robust,fijo 1,Monte Carlo,894,239,5.6,5.0,3.62,2.21,6.3,30.0
IS,gating + oro Robust,1 -> 2 desde el dia 8 (1 si colchon < 1000),historia,1085,89,0.0,6.4,3.79,2.38,7.6,19.9
IS,gating + oro Robust,1 -> 2 desde el dia 8 (1 si colchon < 1000),costo +1 tick,1012,89,0.0,6.1,3.71,2.4,7.1,21.4
IS,gating + oro Robust,1 -> 2 desde el dia 8 (1 si colchon < 1000),Monte Carlo,981,255,3.1,6.5,3.97,2.4,6.9,21.2
IS,gating + oro Robust,"2 (1 si colchon < 1250), 3 desde el dia 12",historia,1188,671,0.0,7.9,4.19,2.33,8.4,12.8
IS,gating + oro Robust,"2 (1 si colchon < 1250), 3 desde el dia 12",costo +1 tick,1120,646,0.8,8.1,4.01,2.6,7.9,15.9
IS,gating + oro Robust,"2 (1 si colchon < 1250), 3 desde el dia 12",Monte Carlo,1080,397,1.9,8.1,4.37,2.65,7.7,14.2
IS,gating + oro Robust,1 -> 2 desde el dia 8 (1 si colchon < 1750),historia,1149,689,0.4,4.8,2.98,1.34,7.9,34.1
IS,gating + oro Robust,1 -> 2 desde el dia 8 (1 si colchon < 1750),costo +1 tick,1045,548,0.0,5.1,3.05,1.57,7.3,27.3
IS,gating + oro Robust,1 -> 2 desde el dia 8 (1 si colchon < 1750),Monte Carlo,926,239,4.8,5.4,3.72,2.25,6.5,27.6
C24,gating + oro WinRate (EQ2),fijo 2,historia,1107,768,0.0,12.8,6.47,4.69,8.1,8.9
C24,gating + oro WinRate (EQ2),fijo 2,costo +1 tick,1338,1083,0.0,11.8,5.55,3.4,9.6,8.6
C24,gating + oro WinRate (EQ2),fijo 2,Monte Carlo,1318,600,1.3,13.5,6.1,4.07,9.6,9.7
C24,gating + oro WinRate (EQ2),fijo 1,historia,1139,680,0.0,7.1,4.42,2.78,8.0,22.3
C24,gating + oro WinRate (EQ2),fijo 1,costo +1 tick,1109,680,0.0,6.4,4.32,2.72,7.8,24.2
C24,gating + oro WinRate (EQ2),fijo 1,Monte Carlo,1145,397,1.8,7.8,4.82,3.09,8.1,18.6
C24,gating + oro WinRate (EQ2),1 -> 2 desde el dia 8 (1 si colchon < 1000),historia,1146,806,0.0,8.4,4.87,3.06,8.1,16.5
C24,gating + oro WinRate (EQ2),1 -> 2 desde el dia 8 (1 si colchon < 1000),costo +1 tick,1195,662,0.0,7.6,4.48,2.55,8.4,15.9
C24,gating + oro WinRate (EQ2),1 -> 2 desde el dia 8 (1 si colchon < 1000),Monte Carlo,1191,610,1.1,9.2,5.11,3.29,8.5,15.1
C24,gating + oro WinRate (EQ2),"2 (1 si colchon < 1250), 3 desde el dia 12",historia,1100,760,0.0,12.0,6.99,5.38,8.0,10.6
C24,gating + oro WinRate (EQ2),"2 (1 si colchon < 1250), 3 desde el dia 12",costo +1 tick,1206,704,0.0,11.2,5.96,4.01,8.7,11.0
C24,gating + oro WinRate (EQ2),"2 (1 si colchon < 1250), 3 desde el dia 12",Monte Carlo,1247,592,1.6,12.5,5.82,3.89,9.0,10.3
C24,gating + oro WinRate (EQ2),1 -> 2 desde el dia 8 (1 si colchon < 1750),historia,1114,671,0.0,7.6,4.75,3.11,7.9,19.6
C24,gating + oro WinRate (EQ2),1 -> 2 desde el dia 8 (1 si colchon < 1750),costo +1 tick,1043,662,0.0,7.1,4.6,2.96,7.4,21.7
C24,gating + oro WinRate (EQ2),1 -> 2 desde el dia 8 (1 si colchon < 1750),Monte Carlo,1162,520,1.4,8.2,4.87,3.11,8.2,17.7
C24,gating + oro Robust,fijo 2,historia,1282,901,0.0,12.5,6.37,4.42,9.3,10.0
C24,gating + oro Robust,fijo 2,costo +1 tick,1261,742,0.0,14.5,6.84,4.82,9.3,9.1
C24,gating + oro Robust,fijo 2,Monte Carlo,1378,618,1.4,13.8,6.25,4.15,10.0,9.6
C24,gating + oro Robust,fijo 1,historia,1130,671,0.0,6.9,4.67,3.13,7.9,22.9
C24,gating + oro Robust,fijo 1,costo +1 tick,1042,671,0.0,6.9,4.65,3.12,7.3,22.0
C24,gating + oro Robust,fijo 1,Monte Carlo,1166,503,2.3,7.9,4.98,3.25,8.2,18.7
C24,gating + oro Robust,1 -> 2 desde el dia 8 (1 si colchon < 1000),historia,1150,662,0.0,8.8,5.95,4.47,8.2,15.0
C24,gating + oro Robust,1 -> 2 desde el dia 8 (1 si colchon < 1000),costo +1 tick,1152,654,0.0,8.3,5.01,3.1,8.2,20.4
C24,gating + oro Robust,1 -> 2 desde el dia 8 (1 si colchon < 1000),Monte Carlo,1208,627,1.9,9.5,5.28,3.46,8.6,15.2
C24,gating + oro Robust,"2 (1 si colchon < 1250), 3 desde el dia 12",historia,1256,768,0.0,11.6,6.44,4.61,9.0,10.7
C24,gating + oro Robust,"2 (1 si colchon < 1250), 3 desde el dia 12",costo +1 tick,1227,768,0.0,11.6,6.42,4.58,8.9,9.5
C24,gating + oro Robust,"2 (1 si colchon < 1250), 3 desde el dia 12",Monte Carlo,1293,609,1.3,12.9,5.96,3.98,9.4,10.2
C24,gating + oro Robust,1 -> 2 desde el dia 8 (1 si colchon < 1750),historia,1138,680,0.0,7.2,5.21,3.83,8.0,21.7
C24,gating + oro Robust,1 -> 2 desde el dia 8 (1 si colchon < 1750),costo +1 tick,1009,662,0.0,7.1,4.52,2.96,7.1,21.6
C24,gating + oro Robust,1 -> 2 desde el dia 8 (1 si colchon < 1750),Monte Carlo,1189,529,1.6,8.3,5.06,3.3,8.4,17.7
REAL,gating + oro WinRate (EQ2),fijo 2,historia,1225,742,0.0,13.9,6.82,4.87,9.0,10.8
REAL,gating + oro WinRate (EQ2),fijo 2,costo +1 tick,1187,742,0.0,13.8,6.76,4.82,8.7,11.4
REAL,gating + oro WinRate (EQ2),fijo 2,Monte Carlo,1485,733,0.4,13.6,6.02,3.8,10.7,9.6
REAL,gating + oro WinRate (EQ2),fijo 1,historia,1107,662,0.0,7.6,4.88,3.27,7.8,21.5
REAL,gating + oro WinRate (EQ2),fijo 1,costo +1 tick,1220,671,0.0,7.6,4.1,2.3,8.6,21.1
REAL,gating + oro WinRate (EQ2),fijo 1,Monte Carlo,1285,653,0.8,7.6,4.82,2.95,9.0,18.6
REAL,gating + oro WinRate (EQ2),1 -> 2 desde el dia 8 (1 si colchon < 1000),historia,1318,812,0.0,9.1,5.53,3.42,9.3,14.7
REAL,gating + oro WinRate (EQ2),1 -> 2 desde el dia 8 (1 si colchon < 1000),costo +1 tick,1303,804,0.0,8.9,4.81,2.87,9.2,16.3
REAL,gating + oro WinRate (EQ2),1 -> 2 desde el dia 8 (1 si colchon < 1000),Monte Carlo,1321,654,0.6,8.9,5.07,3.12,9.3,15.4
REAL,gating + oro WinRate (EQ2),"2 (1 si colchon < 1250), 3 desde el dia 12",historia,1193,663,0.0,12.9,6.96,5.09,8.7,11.9
REAL,gating + oro WinRate (EQ2),"2 (1 si colchon < 1250), 3 desde el dia 12",costo +1 tick,1150,654,0.0,13.6,6.99,5.13,8.5,10.6
REAL,gating + oro WinRate (EQ2),"2 (1 si colchon < 1250), 3 desde el dia 12",Monte Carlo,1437,627,0.7,12.3,5.78,3.63,10.3,10.1
REAL,gating + oro WinRate (EQ2),1 -> 2 desde el dia 8 (1 si colchon < 1750),historia,1286,830,0.0,7.2,4.72,2.73,9.0,22.5
REAL,gating + oro WinRate (EQ2),1 -> 2 desde el dia 8 (1 si colchon < 1750),costo +1 tick,1156,662,0.0,7.7,4.32,2.66,8.2,20.7
REAL,gating + oro WinRate (EQ2),1 -> 2 desde el dia 8 (1 si colchon < 1750),Monte Carlo,1290,654,0.6,7.9,4.94,3.06,9.1,17.8
REAL,gating + oro Robust,fijo 2,historia,1278,768,0.0,13.7,6.6,4.52,9.3,10.0
REAL,gating + oro Robust,fijo 2,costo +1 tick,1252,746,0.0,14.8,6.56,4.55,9.2,10.3
REAL,gating + oro Robust,fijo 2,Monte Carlo,1503,725,0.6,13.9,6.19,3.96,10.8,9.5
REAL,gating + oro Robust,fijo 1,historia,1238,680,0.0,6.7,4.77,2.93,8.6,22.1
REAL,gating + oro Robust,fijo 1,costo +1 tick,1167,680,0.0,7.5,4.7,3.04,8.2,19.1
REAL,gating + oro Robust,fijo 1,Monte Carlo,1301,662,1.1,7.8,4.9,3.01,9.1,18.7
REAL,gating + oro Robust,1 -> 2 desde el dia 8 (1 si colchon < 1000),historia,1267,662,0.0,8.7,5.98,4.03,9.0,13.7
REAL,gating + oro Robust,1 -> 2 desde el dia 8 (1 si colchon < 1000),costo +1 tick,1410,983,0.0,7.7,4.6,2.49,9.9,13.8
REAL,gating + oro Robust,1 -> 2 desde el dia 8 (1 si colchon < 1000),Monte Carlo,1345,645,0.9,9.1,5.17,3.2,9.5,15.4
REAL,gating + oro Robust,"2 (1 si colchon < 1250), 3 desde el dia 12",historia,1239,760,0.0,12.7,6.59,4.62,9.0,9.8
REAL,gating + oro Robust,"2 (1 si colchon < 1250), 3 desde el dia 12",costo +1 tick,1210,751,0.0,13.6,6.59,4.66,8.9,10.0
REAL,gating + oro Robust,"2 (1 si colchon < 1250), 3 desde el dia 12",Monte Carlo,1449,627,1.1,12.6,5.98,3.83,10.4,10.1
REAL,gating + oro Robust,1 -> 2 desde el dia 8 (1 si colchon < 1750),historia,1243,680,0.0,7.2,5.16,3.3,8.7,19.7
REAL,gating + oro Robust,1 -> 2 desde el dia 8 (1 si colchon < 1750),costo +1 tick,1138,680,0.0,7.7,4.9,3.3,8.0,18.9
REAL,gating + oro Robust,1 -> 2 desde el dia 8 (1 si colchon < 1750),Monte Carlo,1308,654,1.0,8.1,5.01,3.13,9.2,17.9
