per,key,mu,sd,theta,corr_cur
IS,C61:CRT11,3.094024573610848,43.56890489770226,3.2598713878376744,0.2745079629608711
IS,C61:LON,2.474449921117482,62.27647480232142,1.2760292282926016,0.059168963438263236
IS,C61:MSEQ,6.387458075074087,50.1028527521474,5.089008186140259,0.38753721286307785
IS,C61:ORB60,8.909440067709102,71.31623951280841,3.5035114137665646,0.6402265743725252
IS,C61:VOLB_tf0,12.355455362906484,169.5864628435057,0.859223977199657,0.3457446426014523
IS,C6:CRT11,3.094024573610848,43.56890489770226,3.2598713878376744,0.2745079629608711
IS,C6:LON,2.474449921117482,62.27647480232142,1.2760292282926016,0.059168963438263236
IS,C6:MSEQ,6.387458075074087,50.1028527521474,5.089008186140259,0.38753721286307785
IS,C6:ORB60,8.909440067709102,71.31623951280841,3.5035114137665646,0.6402265743725252
IS,C6:VOLB_tf0,12.355455362906484,169.5864628435057,0.859223977199657,0.3457446426014523
IS,C:VOLB_tf0,12.754649629804986,169.9945757411024,0.8827310452811339,0.3452623482399153
IS,G:ASIA1R,1.5276800693909816,51.8894247627512,1.134761769815815,0.037849701057432586
IS,G:ENG0206,1.2373159602741521,17.828616470008143,7.785299519684165,-0.025689933260556
IS,G:ENG0408,1.2423517239605721,15.953613542902957,9.76239616094532,-0.026333410178053324
IS,G:ENG0610,0.8866717695946098,15.460942337579713,7.418582933933681,0.024000425151496863
IS,G:LATE1430,0.04835378412149679,13.922523038514145,0.49891271522478986,-0.04081308897070444
IS,G:OD1030,0.70546018164643,19.47211447925364,3.721142257249643,0.10088392975683749
IS,G:SVWAP22,0.09015060775362885,6.9865999587714285,3.6937449169958585,0.0379699317509429
IS,N:ENG0610,3.4346340070716685,44.054018529238455,3.5394794979251354,0.1700409816301673
IS,N:LATE15,1.9605780819198593,32.25078323596591,3.769932777452669,0.32112393080073576
IS,N:LATEFH,1.6420682869501153,29.779507674465094,3.703276866545231,0.11218189345391602
IS,N:LF0315,2.767218927176696,60.56473991586625,1.5088073882620034,-0.007782230794293897
IS,N:LF0430,1.8161712073719087,28.465548354973226,4.482782555072192,0.1814765946946485
IS,N:LF06,1.6979858987414276,25.818516172247183,5.094499414700164,0.08101352804762922
IS,N:NF05,4.108458910373579,49.50345113105093,3.3530342522231815,0.16377991183067284
IS,U1:CRT11,3.384580812327457,42.09809302066203,3.8195309798058172,0.2827620056057122
IS,U1:ICTF,0.877697303007473,27.951168530648516,2.2468538394520676,0.1603653370271092
IS,U1:MOM13,5.895934518952311,67.60018662508892,2.5803989552911766,0.4368391549743788
IS,U1:MSEQ,6.476669734027732,49.484631315510555,5.289822133148774,0.393208370302462
IS,U1:ORB60,9.054863369050445,70.9423157979462,3.5983315338609763,0.6422429811053137
IS,U1:ORB90,5.307302983991939,62.04131104732736,2.757667772087387,0.684636012535167
IS,U:CRT11,6.729402914125251,79.68343180717667,2.119680807367929,0.2826481082277441
IS,U:ICTF,1.755394606014946,55.90233706129703,1.1234269197260338,0.1603653370271092
IS,U:LON,2.474449921117482,62.27647480232142,1.2760292282926016,0.059168963438263236
IS,U:MOM1030,0.7883479106401861,36.7350108765916,1.1683892999637118,0.04901328466223437
IS,U:MOM11,2.828565538538989,60.406753844938144,1.5503339064108481,0.290226282942389
IS,U:MOM13,6.435533960020371,74.48221763999521,2.320114318362802,0.43126600950652655
IS,U:MSEQ,12.753557250604551,90.89914610862583,3.087036216806902,0.3928221838269592
IS,U:MSEQS,2.7334570416643578,39.437519834645045,3.514981621950934,0.29032454598759866
IS,U:ON07,1.8172357169671294,34.42806126610176,3.0663104668930345,0.001982053512465639
IS,U:ORB60,15.183014855550597,113.34392625290971,2.36369538585799,0.6543514852360195
IS,U:ORB90,8.769636333598193,88.84000654129264,2.2222576812685153,0.6752943297016566
IS,U:REV06,1.8902614345823572,28.159463798933484,4.767636190235784,0.14990450138923228
IS,U:VOLB,12.693857186593892,169.9574863171756,0.8789071654670367,0.3452100971941145
IS,U:VW13,0.72100736855973,13.543574307294913,7.861458191189607,0.08303131350925763
IS,W:CRT11,7.390699437790853,94.98505295852237,1.6383436347593083,0.33310868713258796
IS,W:MSEQ,11.971279142641583,96.66798036642173,2.5621541957125085,0.4038563954605529
IS,W:ORB60,16.290946756647653,122.22663002417697,2.1809446531710925,0.7168027314837182
IS,W:REV06,1.1086698451168941,38.356179288837154,1.507167605314404,0.15022440514728969
IS,W:VOLB_tf1,7.514125763577674,75.49845255060129,2.636527798734933,0.4881849878314298
IS,W:VW13b,1.566548236064872,24.6694308423217,5.148201157560664,0.213653956984828
IS,WR1:CRT11,3.8204601583792877,50.05540276353722,3.04960611817239,0.3360551280984892
IS,WR1:MOM11,2.925269918207742,60.756518547382285,1.584930345625491,0.28868683260617317
IS,WR1:MSEQ,6.143441725636553,52.615735528924525,4.4382365636174095,0.40432200209772745
IS,WR1:MSEQS,2.466649781950656,36.71301321010326,3.6601377185373223,0.30922265525068604
IS,WR1:ORB60,9.939942344809847,76.94543629620068,3.357748223069405,0.7039449410263885
IS,WR1:ORB90,5.307302983991939,62.04131104732736,2.757667772087387,0.684636012535167
IS,WR1:REV06,1.1086698451168941,38.356179288837154,1.507167605314404,0.15022440514728969
IS,WR1:VOLB_tf1,7.514125763577674,75.49845255060129,2.636527798734933,0.4881849878314298
IS,WR1:VW13,0.72100736855973,13.543574307294913,7.861458191189607,0.08303131350925763
IS,WR1:VW13b,1.566548236064872,24.6694308423217,5.148201157560664,0.213653956984828
IS,WR:CRT11,7.390699437790853,94.98505295852237,1.6383436347593083,0.33310868713258796
IS,WR:MOM11,2.925269918207742,60.756518547382285,1.584930345625491,0.28868683260617317
IS,WR:MSEQ,11.971279142641583,96.66798036642173,2.5621541957125085,0.4038563954605529
IS,WR:MSEQS,2.466649781950656,36.71301321010326,3.6601377185373223,0.30922265525068604
IS,WR:ORB60,16.290946756647653,122.22663002417697,2.1809446531710925,0.7168027314837182
IS,WR:ORB90,8.769636333598193,88.84000654129264,2.2222576812685153,0.6752943297016566
IS,WR:REV06,1.1086698451168941,38.356179288837154,1.507167605314404,0.15022440514728969
IS,WR:VOLB_tf1,7.514125763577674,75.49845255060129,2.636527798734933,0.4881849878314298
IS,WR:VW13,0.72100736855973,13.543574307294913,7.861458191189607,0.08303131350925763
IS,WR:VW13b,1.566548236064872,24.6694308423217,5.148201157560664,0.213653956984828
C24,C61:CRT11,4.746190284914712,60.36119734308795,2.6053102596214313,0.3168573431080783
C24,C61:LON,6.291065890478355,79.4897300590969,1.9912793278707503,0.1346621137983063
C24,C61:MSEQ,3.721450982732619,69.65276491248092,1.5341420620444475,0.4196202692449415
C24,C61:ORB60,9.879631328722393,86.44231766401406,2.6443438649012934,0.6380539215769527
C24,C61:VOLB_tf0,31.75878608767843,246.86872006684032,1.0422256540906956,0.3177167488775575
C24,C6:CRT11,4.746190284914712,60.36119734308795,2.6053102596214313,0.3168573431080783
C24,C6:LON,6.291065890478355,79.4897300590969,1.9912793278707503,0.1346621137983063
C24,C6:MSEQ,3.721450982732619,69.65276491248092,1.5341420620444475,0.4196202692449415
C24,C6:ORB60,9.879631328722393,86.44231766401406,2.6443438649012934,0.6380539215769527
C24,C6:VOLB_tf0,31.75878608767843,246.86872006684032,1.0422256540906956,0.3177167488775575
C24,C:VOLB_tf0,32.71834772746699,247.41531055326445,1.068976645698283,0.3143651042272811
C24,G:ASIA1R,10.331314635660778,153.55850446368686,0.876269783406789,-0.05019125606005447
C24,G:ENG0206,0.17363827050517627,60.41047170959302,0.09515924624810698,0.01760361100614968
C24,G:ENG0408,3.8009589982067684,47.35891298896898,3.389375838288491,0.07792780343705198
C24,G:ENG0610,1.4930746614671206,41.656586589583135,1.7208545339199484,-0.019091210021110437
C24,G:LATE1430,2.562093776019391,48.34509762315211,2.1924017196049403,0.047460930281685056
C24,G:OD1030,2.9482117139053905,33.57823293835497,5.2296543799936,0.0653399246817022
C24,G:SVWAP22,1.6798201187092423,32.865376856460045,3.1103949699877633,0.11814020447444525
C24,N:ENG0610,2.62184199712636,66.08842540038583,1.2005650661188003,0.19196554587285763
C24,N:LATE15,1.5479779731302274,43.73751397045061,1.6184026610948061,0.15972077296962975
C24,N:LATEFH,2.551773226889475,42.78675985507084,2.787746460057439,0.16661832216990913
C24,N:LF0315,4.801316324125097,81.86688051000037,1.4327612617673215,0.08064311018407574
C24,N:LF0430,3.065952861291598,53.124343219644146,2.1727428090571603,0.18364773001371296
C24,N:LF06,2.0369711187538604,36.67887177081553,3.028188669536532,0.09842088603349947
C24,N:NF05,3.7764697769550417,73.920710606634,1.382240910597786,0.24770652385302577
C24,U1:CRT11,4.955774472189159,60.11741603352818,2.742463896498032,0.31269638365825075
C24,U1:ICTF,2.0289018723137384,40.95120450426545,2.4196785695586294,0.17352594350174144
C24,U1:MOM13,3.9636401764470346,86.42730341682929,1.0612612122579497,0.17009193859241448
C24,U1:MSEQ,3.937507351268612,69.5781191422729,1.6266945218448885,0.4206707506516402
C24,U1:ORB60,10.064140840644892,86.28639857697367,2.7034728713522997,0.637706268434852
C24,U1:ORB90,4.75090516538606,76.98574436327792,1.6031927142920372,0.6034523005857937
C24,U:CRT11,10.871200483679598,115.47388092059825,1.630571985008946,0.31373983381161474
C24,U:ICTF,4.057803744627477,81.9024090085309,1.2098392847793147,0.17352594350174144
C24,U:LON,6.291065890478355,79.4897300590969,1.9912793278707503,0.1346621137983063
C24,U:MOM1030,1.7606305993144369,54.28805416358321,1.1947848029883872,-0.015922919775310195
C24,U:MOM11,6.39835090623244,82.51111292114973,1.8796334287385719,0.25944129642781155
C24,U:MOM13,5.25566575651113,100.88057742884021,1.0328627489332667,0.16419490419781552
C24,U:MSEQ,8.935680125765012,125.95497206663833,1.1264890578900921,0.4175218061389369
C24,U:MSEQS,2.6044362879427774,53.874734961318545,1.7946238709673465,0.2654678254241339
C24,U:ON07,2.433350646740172,46.54916948910638,2.246005509866907,0.04557003994930765
C24,U:ORB60,17.857250864299814,154.88998835118394,1.4886681653326161,0.6498557194745963
C24,U:ORB90,7.812793935549556,100.582862023789,1.5445016884440754,0.585992014638657
C24,U:REV06,2.3048434976602894,43.637521106692894,2.42075754078243,0.13967992954267655
C24,U:VOLB,33.0558809661586,247.21310971379026,1.0817720001784368,0.3141299860322727
C24,U:VW13,0.8253550578350553,17.483956554752794,5.399970351882136,0.08100432977211962
C24,W:CRT11,13.001519629407243,124.05529845592991,1.6896372514263158,0.32918401135012537
C24,W:MSEQ,9.417175462881259,134.32476304335304,1.0438509523769128,0.4347745488849337
C24,W:ORB60,19.034029236649697,176.10938452591878,1.2274271605684424,0.6954164081080118
C24,W:REV06,1.813019860017701,54.69967309865832,1.2118897027581221,0.16312031918943418
C24,W:VOLB_tf1,5.374723981711386,97.82540956227682,1.1232665135674307,0.4181638460497889
C24,W:VW13b,2.0737808605936925,34.52140611474442,3.4802937670810685,0.14614845566947
C24,WR1:CRT11,6.105625113665971,64.67925440176931,2.918973289556809,0.3285207088849311
C24,WR1:MOM11,6.2762083211371005,82.94767465519946,1.8243951744628957,0.2595098462510518
C24,WR1:MSEQ,4.290507063596873,76.27258890917889,1.4750326762437593,0.42973304355894576
C24,WR1:MSEQS,2.233575374106188,51.21002156513766,1.70341587740879,0.26785804503198607
C24,WR1:ORB60,10.450759230735187,98.00015244750236,2.176327929338963,0.6870436313470923
C24,WR1:ORB90,4.324662141534629,77.7825111712615,1.4296122472984,0.609497625605027
C24,WR1:REV06,1.813019860017701,54.69967309865832,1.2118897027581221,0.16312031918943418
C24,WR1:VOLB_tf1,5.374723981711386,97.82540956227682,1.1232665135674307,0.4181638460497889
C24,WR1:VW13,0.8841963330962822,17.548586625996666,5.742412910734291,0.0816445355537968
C24,WR1:VW13b,2.0737808605936925,34.52140611474442,3.4802937670810685,0.14614845566947
C24,WR:CRT11,13.001519629407243,124.05529845592991,1.6896372514263158,0.32918401135012537
C24,WR:MOM11,6.2762083211371005,82.94767465519946,1.8243951744628957,0.2595098462510518
C24,WR:MSEQ,9.417175462881259,134.32476304335304,1.0438509523769128,0.4347745488849337
C24,WR:MSEQS,2.6044362879427774,53.874734961318545,1.7946238709673465,0.2654678254241339
C24,WR:ORB60,19.034029236649697,176.10938452591878,1.2274271605684424,0.6954164081080118
C24,WR:ORB90,7.409323972978494,100.90333756341701,1.4554507602160482,0.5933521961774626
C24,WR:REV06,1.813019860017701,54.69967309865832,1.2118897027581221,0.16312031918943418
C24,WR:VOLB_tf1,5.374723981711386,97.82540956227682,1.1232665135674307,0.4181638460497889
C24,WR:VW13,0.8841963330962822,17.548586625996666,5.742412910734291,0.0816445355537968
C24,WR:VW13b,2.0737808605936925,34.52140611474442,3.4802937670810685,0.14614845566947
REAL,C61:CRT11,5.152511546056565,58.95508973716019,2.9648748067717645,0.3072919163204957
REAL,C61:LON,6.144444652888328,77.14075916615272,2.0651177289384486,0.10336922241495072
REAL,C61:MSEQ,3.156469029741563,68.65026064552653,1.3395136614441303,0.42268312041800327
REAL,C61:ORB60,9.803196439641432,89.09147731881139,2.4701616788440934,0.6366772782715172
REAL,C61:VOLB_tf0,32.599429427216585,250.13049072740273,1.0420935893534804,0.3147301912610902
REAL,C6:CRT11,5.152511546056565,58.95508973716019,2.9648748067717645,0.3072919163204957
REAL,C6:LON,6.144444652888328,77.14075916615272,2.0651177289384486,0.10336922241495072
REAL,C6:MSEQ,3.156469029741563,68.65026064552653,1.3395136614441303,0.42268312041800327
REAL,C6:ORB60,9.803196439641432,89.09147731881139,2.4701616788440934,0.6366772782715172
REAL,C6:VOLB_tf0,32.599429427216585,250.13049072740273,1.0420935893534804,0.3147301912610902
REAL,C:VOLB_tf0,32.599429427216585,250.13049072740273,1.0420935893534804,0.3147301912610902
REAL,G:ASIA1R,7.937706779127252,160.04969501116088,0.619748302348088,-0.015849626247528253
REAL,G:ENG0206,1.9993913525678615,67.47436162672746,0.8783148716615583,0.05229053485729112
REAL,G:ENG0408,4.724201096428765,50.7474230965032,3.6688536108470338,0.08249134226301051
REAL,G:ENG0610,-1.4979450495820068,48.49098403934548,-1.274101077001992,0.018928004383316897
REAL,G:LATE1430,2.5091325371232753,58.05955088544801,1.4886967961456186,0.04574936946875691
REAL,G:OD1030,3.9054403471983004,33.69534062008674,6.87955429338143,0.07745233935298684
REAL,G:SVWAP22,1.371954494052463,32.29960218673293,2.6301187382401507,0.10669566116564791
REAL,N:ENG0610,2.186758188715083,62.35647086610565,1.1247803005599737,0.1586153015986416
REAL,N:LATE15,1.5242279813351334,44.276407979453985,1.5550170835668884,0.14671428443643003
REAL,N:LATEFH,2.93914213499885,41.53931459890808,3.406684634621092,0.14371447131619194
REAL,N:LF0315,3.67304291572745,82.99535142157193,1.0664695550286396,0.09053553188241648
REAL,N:LF0430,2.6252541745271496,50.771231867139406,2.036882381619151,0.1786762275957469
REAL,N:LF06,2.32121199051902,37.07277884447375,3.3778045790883726,0.10867901217227434
REAL,N:NF05,3.7959552451718706,75.03728309718652,1.3483321096107035,0.2400754433866721
REAL,U1:CRT11,5.425266496848479,58.73282246753614,3.145497383247116,0.3039047875744411
REAL,U1:ICTF,2.0205479452054793,42.26943857861737,2.2617583206644896,0.19396628337738475
REAL,U1:MOM13,4.1503266164723955,84.94829670889044,1.150278283375255,0.13183616113888333
REAL,U1:MSEQ,3.486263552031379,68.62327671959812,1.4806326029149797,0.4232830155461396
REAL,U1:ORB60,10.339878313073285,88.06623443202191,2.666407789211669,0.6419273421733576
REAL,U1:ORB90,5.940487288267463,79.0904873527816,1.8993437116541025,0.5840210349601881
REAL,U:CRT11,11.62846295292882,114.22089805483118,1.7826298248445747,0.3038320256112874
REAL,U:ICTF,4.041095890410959,84.53887715723474,1.1308791603322448,0.19396628337738475
REAL,U:LON,6.144444652888328,77.14075916615272,2.0651177289384486,0.10336922241495072
REAL,U:MOM1030,2.1282203115375435,52.407969698756844,1.5497152571970254,-0.044341003525723136
REAL,U:MOM11,9.65340789086561,83.04755815899293,2.799348173011269,0.2956463765303984
REAL,U:MOM13,4.9786839065690565,100.13541923074477,0.9930454113166838,0.12182283258483378
REAL,U:MSEQ,8.166933464314477,122.30222023160324,1.0919941978413903,0.4192897544980299
REAL,U:MSEQS,2.714821241399106,52.26522781158601,1.987675747688029,0.23342137990701578
REAL,U:ON07,2.1740834962468893,45.70619081145842,2.0814029137552437,0.028675913444552812
REAL,U:ORB60,17.76712343282714,155.85821867670447,1.462809252061508,0.6555366119668201
REAL,U:ORB90,9.766971306532303,102.40801726040655,1.8626102646337295,0.5633457799330007
REAL,U:REV06,1.6084230849732002,43.37719791107836,1.709650373497592,0.13914287423161933
REAL,U:VOLB,32.82595149258682,249.9237302129014,1.0510716700360754,0.31512406504025664
REAL,U:VW13,1.1257311619217174,19.98013161000596,5.639855729048265,0.09064131790862827
REAL,W:CRT11,12.228615251668876,122.1656234579135,1.6387369464317565,0.32679512971544394
REAL,W:MSEQ,8.614935753370892,129.67858085236062,1.0245792127380202,0.43117480171410205
REAL,W:ORB60,20.898250986270526,176.06433089949664,1.3483330351439304,0.6986701424160876
REAL,W:REV06,2.124217705458085,52.97725239839484,1.5137360688221408,0.15870194806088203
REAL,W:VOLB_tf1,4.479414036829177,96.66284529929808,0.9588088921412126,0.4301252500659837
REAL,W:VW13b,1.1856983896441293,34.965217636432946,1.9396874421198464,0.07193171899191486
REAL,WR1:CRT11,5.479300031741823,63.83069120899041,2.6896513207722106,0.3256753581052234
REAL,WR1:MOM11,9.665393884504947,83.3359371823939,2.783459491018726,0.29428603917229973
REAL,WR1:MSEQ,3.728919599335669,75.13250700413654,1.3211655906396569,0.42844085884070376
REAL,WR1:MSEQS,2.714821241399106,52.26522781158601,1.987675747688029,0.23342137990701578
REAL,WR1:ORB60,11.953425479987622,99.326339836397,2.423223711376872,0.6891822366438757
REAL,WR1:ORB90,5.838356404181122,79.74118118562032,1.8363491987650284,0.588617366989983
REAL,WR1:REV06,2.124217705458085,52.97725239839484,1.5137360688221408,0.15870194806088203
REAL,WR1:VOLB_tf1,4.479414036829177,96.66284529929808,0.9588088921412126,0.4301252500659837
REAL,WR1:VW13,1.187632446056813,20.0394593538204,5.9147997885621075,0.09126954699878419
REAL,WR1:VW13b,1.1856983896441293,34.965217636432946,1.9396874421198464,0.07193171899191486
REAL,WR:CRT11,12.228615251668876,122.1656234579135,1.6387369464317565,0.32679512971544394
REAL,WR:MOM11,9.665393884504947,83.3359371823939,2.783459491018726,0.29428603917229973
REAL,WR:MSEQ,8.614935753370892,129.67858085236062,1.0245792127380202,0.43117480171410205
REAL,WR:MSEQS,2.714821241399106,52.26522781158601,1.987675747688029,0.23342137990701578
REAL,WR:ORB60,20.898250986270526,176.06433089949664,1.3483330351439304,0.6986701424160876
REAL,WR:ORB90,9.664840422445963,102.91518056524318,1.825012328876988,0.5678235209312301
REAL,WR:REV06,2.124217705458085,52.97725239839484,1.5137360688221408,0.15870194806088203
REAL,WR:VOLB_tf1,4.479414036829177,96.66284529929808,0.9588088921412126,0.4301252500659837
REAL,WR:VW13,1.187632446056813,20.0394593538204,5.9147997885621075,0.09126954699878419
REAL,WR:VW13b,1.1856983896441293,34.965217636432946,1.9396874421198464,0.07193171899191486
