par,C,DL,IS_aprueba,IS_p20,IS_p30,IS_mediana,IS_quema,C24_aprueba,C24_p20,C24_p30,C24_mediana,C24_quema,REAL_aprueba,REAL_p20,REAL_p30,REAL_mediana,REAL_quema,oos_aprueba,oos_p30,oos_mediana
HOY,0,0,94.75524475524476,20.745920745920746,41.84149184149184,34.0,5.244755244755245,64.47602131438721,20.603907637655418,35.879218472468914,27.0,35.52397868561279,76.16387337057728,24.022346368715084,39.85102420856611,30.0,23.83612662942272,70.31994734248224,37.86512134051751,28.5
HOY,0,500,95.45454545454545,16.433566433566433,35.43123543123543,38.0,4.545454545454546,59.50266429840142,19.715808170515096,34.10301953818828,27.0,40.49733570159858,72.99813780260708,20.85661080074488,34.82309124767225,32.0,27.001862197392924,66.25040105050425,34.463055392930265,29.5
HOY,0,700,93.58974358974359,19.34731934731935,39.51048951048951,34.0,6.41025641025641,67.49555950266429,21.847246891651864,38.01065719360569,27.0,32.5044404973357,80.44692737430168,23.09124767225326,41.71322160148976,30.0,19.553072625698324,73.97124343848299,39.86193939754772,28.5
HOY,0,900,93.82284382284382,19.813519813519815,40.909090909090914,34.0,6.177156177156177,66.78507992895204,20.959147424511546,37.65541740674956,27.0,33.214920071047956,74.11545623836126,24.39478584729981,40.03724394785848,29.0,25.884543761638735,70.45026808365665,38.84633067730402,28.0
RAPIDO,0,0,88.81118881118881,32.16783216783217,57.226107226107224,25.0,11.188811188811188,75.31083481349911,32.326820603907635,44.22735346358792,24.0,24.68916518650089,59.96275605214153,37.05772811918063,50.09310986964618,17.0,40.03724394785848,67.63679543282032,47.16023166661705,20.5
RAPIDO,0,500,83.56643356643356,30.65268065268065,50.93240093240093,26.0,16.433566433566433,67.31793960923623,27.175843694493786,47.06927175843694,23.0,32.682060390763766,74.30167597765363,26.256983240223462,47.299813780260706,26.0,25.69832402234637,70.80980779344493,47.18454276934882,24.5
RAPIDO,0,700,88.92773892773893,32.28438228438228,56.87645687645687,25.0,11.072261072261073,66.25222024866785,33.92539964476021,47.06927175843694,20.0,33.747779751332146,66.4804469273743,34.07821229050279,53.63128491620112,20.0,33.5195530726257,66.36633358802108,50.350278337319025,20.0
RAPIDO,0,900,88.81118881118881,32.86713286713287,57.34265734265735,25.0,11.188811188811188,73.8898756660746,34.10301953818828,45.47069271758437,23.0,26.1101243339254,62.19739292364991,34.45065176908753,50.65176908752328,19.0,37.80260707635009,68.04363429486226,48.061230902553824,21.0
ESTABLE,0,0,100.0,3.4965034965034967,8.041958041958042,68.0,0.0,92.36234458259325,6.571936056838366,10.8348134991119,65.5,7.63765541740675,90.31657355679702,6.70391061452514,13.03538175046555,60.0,9.683426443202979,91.33945906969514,11.935097624788725,62.75
ESTABLE,0,500,100.0,1.3986013986013985,4.662004662004662,76.0,0.0,84.19182948490231,3.374777975133215,7.992895204262878,68.5,15.808170515097691,92.5512104283054,4.0968342644320295,12.290502793296088,61.0,7.4487895716946,88.37151995660386,10.141698998779482,64.75
ESTABLE,0,700,100.0,2.9137529137529135,7.459207459207459,68.5,0.0,85.2575488454707,6.571936056838366,11.190053285968029,72.0,14.742451154529308,90.87523277467412,5.95903165735568,12.66294227188082,61.0,9.124767225325884,88.0663908100724,11.926497778924425,66.5
ESTABLE,0,900,100.0,2.9137529137529135,7.459207459207459,68.5,0.0,93.78330373001776,6.571936056838366,10.8348134991119,66.0,6.216696269982238,90.87523277467412,6.70391061452514,13.03538175046555,61.0,9.124767225325884,92.32926825234594,11.935097624788725,63.5
RAPIDO/ESTABLE,0,0,88.81118881118881,32.16783216783217,57.226107226107224,25.0,11.188811188811188,75.31083481349911,32.326820603907635,44.22735346358792,24.0,24.68916518650089,59.96275605214153,37.05772811918063,50.09310986964618,17.0,40.03724394785848,67.63679543282032,47.16023166661705,20.5
RAPIDO/ESTABLE,0,500,83.56643356643356,30.65268065268065,50.93240093240093,26.0,16.433566433566433,67.31793960923623,27.175843694493786,47.06927175843694,23.0,32.682060390763766,74.30167597765363,26.256983240223462,47.299813780260706,26.0,25.69832402234637,70.80980779344493,47.18454276934882,24.5
RAPIDO/ESTABLE,0,700,88.92773892773893,32.28438228438228,56.87645687645687,25.0,11.072261072261073,66.25222024866785,33.92539964476021,47.06927175843694,20.0,33.747779751332146,66.4804469273743,34.07821229050279,53.63128491620112,20.0,33.5195530726257,66.36633358802108,50.350278337319025,20.0
RAPIDO/ESTABLE,0,900,88.81118881118881,32.86713286713287,57.34265734265735,25.0,11.188811188811188,73.8898756660746,34.10301953818828,45.47069271758437,23.0,26.1101243339254,62.19739292364991,34.45065176908753,50.65176908752328,19.0,37.80260707635009,68.04363429486226,48.061230902553824,21.0
RAPIDO/ESTABLE,300,0,85.78088578088578,32.16783216783217,56.41025641025641,24.0,14.219114219114218,74.77797513321492,31.793960923623445,43.51687388987567,24.0,25.22202486678508,59.96275605214153,37.05772811918063,49.34823091247672,17.0,40.03724394785848,67.37036559267823,46.432552401176196,20.5
RAPIDO/ESTABLE,300,500,88.81118881118881,30.65268065268065,50.6993006993007,27.0,11.188811188811188,66.60746003552399,27.175843694493786,46.00355239786856,23.0,33.39253996447602,75.23277467411546,25.512104283054004,44.6927374301676,27.0,24.767225325884542,70.92011735481972,45.34814491401808,25.0
RAPIDO/ESTABLE,300,700,88.92773892773893,32.28438228438228,56.17715617715617,25.0,11.072261072261073,64.65364120781527,32.326820603907635,44.93783303730018,20.5,35.34635879218472,66.85288640595903,34.26443202979516,53.63128491620112,20.0,33.14711359404097,65.75326380688715,49.284558976750645,20.25
RAPIDO/ESTABLE,300,900,88.6946386946387,32.86713286713287,56.526806526806524,25.0,11.305361305361306,71.75843694493783,31.97158081705151,43.16163410301954,23.0,28.24156305506217,62.19739292364991,34.45065176908753,48.4171322160149,19.0,37.80260707635009,66.97791493429386,45.789383159517214,21.0
RAPIDO/ESTABLE,600,0,86.94638694638695,31.46853146853147,55.361305361305355,25.0,13.053613053613052,76.02131438721138,32.859680284191825,44.04973357015986,24.0,23.978685612788635,75.79143389199255,39.47858472998138,54.00372439478585,20.0,24.20856610800745,75.90637413960197,49.026728982472854,22.0
RAPIDO/ESTABLE,600,500,89.62703962703962,30.65268065268065,49.65034965034965,28.0,8.974358974358974,66.07460035523978,26.820603907637658,43.87211367673179,24.0,33.92539964476021,72.8119180633147,25.512104283054004,42.27188081936685,27.0,27.188081936685286,69.44325920927724,43.07199724804932,25.5
RAPIDO/ESTABLE,600,700,88.11188811188812,32.28438228438228,55.361305361305355,25.0,11.888111888111888,74.42273534635879,31.97158081705151,44.40497335701599,24.0,25.57726465364121,67.22532588454376,33.14711359404097,52.513966480446925,21.0,32.774674115456236,70.82403061545128,48.45946991873146,22.5
RAPIDO/ESTABLE,600,900,87.2960372960373,31.818181818181817,55.47785547785548,25.0,12.703962703962704,74.42273534635879,33.747779751332146,44.760213143872114,23.0,25.57726465364121,72.43947858472998,36.12662942271881,51.5828677839851,21.0,27.560521415270017,73.43110696554439,48.17154046392861,22.0
RAPIDO/ESTABLE,900,0,87.52913752913753,28.671328671328673,52.7972027972028,26.0,10.839160839160838,78.3303730017762,31.616341030195382,42.273534635879216,27.0,21.6696269982238,75.41899441340783,38.733705772811916,51.76908752327747,20.0,24.581005586592177,76.87468370759201,47.02131107957834,23.5
RAPIDO/ESTABLE,900,500,90.9090909090909,29.02097902097902,48.36829836829837,29.0,8.857808857808857,72.11367673179396,26.642984014209592,42.45115452930728,26.0,27.886323268206038,82.68156424581005,24.581005586592177,40.22346368715084,31.0,17.318435754189945,77.397620488802,41.337309108229064,28.5
RAPIDO/ESTABLE,900,700,93.35664335664336,28.904428904428904,53.379953379953385,28.0,5.128205128205128,73.71225577264654,30.905861456483123,43.87211367673179,24.0,26.287744227353464,66.85288640595903,29.608938547486037,44.134078212290504,22.0,33.14711359404097,70.28257108930279,44.003095944511145,23.0
RAPIDO/ESTABLE,900,900,92.77389277389277,28.904428904428904,52.680652680652685,28.0,5.944055944055944,75.31083481349911,31.616341030195382,42.09591474245116,25.0,24.68916518650089,67.59776536312849,34.82309124767225,48.60335195530726,20.0,32.402234636871505,71.4543000883138,45.34963334887921,22.5
RAPIDO/ESTABLE,1200,0,96.5034965034965,28.438228438228435,50.46620046620046,29.0,0.4662004662004662,77.26465364120781,29.307282415630553,42.45115452930728,27.0,22.735346358792185,89.3854748603352,35.754189944134076,49.34823091247672,26.0,10.614525139664805,83.3250642507715,45.899692720892006,26.5
RAPIDO/ESTABLE,1200,500,89.16083916083916,26.223776223776223,46.85314685314685,29.0,7.80885780885781,84.54706927175843,24.156305506216697,36.05683836589698,35.0,15.452930728241562,74.67411545623837,23.649906890130353,37.243947858473,31.0,25.32588454376164,79.61059236399839,36.650393112184986,33.0
RAPIDO/ESTABLE,1200,700,96.5034965034965,27.972027972027973,51.515151515151516,29.0,0.5827505827505828,76.55417406749557,29.84014209591474,44.760213143872114,25.0,23.44582593250444,86.21973929236499,28.86405959031657,40.22346368715084,33.0,13.780260707635009,81.38695667993028,42.49183841551148,29.0
RAPIDO/ESTABLE,1200,900,94.98834498834499,27.855477855477854,50.6993006993007,29.0,1.9813519813519813,79.75133214920072,27.353463587921844,39.25399644760213,31.0,20.24866785079929,85.84729981378027,31.65735567970205,45.2513966480447,27.0,14.152700186219738,82.7993159814905,42.25269654782341,29.0
RAPIDO/ESTABLE,1500,0,96.03729603729604,25.990675990675992,45.45454545454545,32.0,0.6993006993006993,75.31083481349911,21.136767317939608,30.728241563055064,37.0,24.68916518650089,84.72998137802608,29.05027932960894,42.45810055865922,30.0,15.27001862197393,80.0204080957626,36.593171060857145,33.5
RAPIDO/ESTABLE,1500,500,98.71794871794873,23.193473193473192,41.49184149184149,36.0,0.0,85.96802841918296,19.538188277087034,32.326820603907635,40.0,14.031971580817052,80.07448789571696,17.50465549348231,30.353817504655495,38.0,19.925512104283055,83.02125815744995,31.340319054281565,39.0
RAPIDO/ESTABLE,1500,700,96.73659673659674,24.941724941724942,44.05594405594406,33.0,0.0,83.83658969804618,20.24866785079929,33.747779751332146,37.0,16.163410301953817,82.86778398510242,23.83612662942272,37.988826815642454,35.0,17.13221601489758,83.35218684157431,35.8683032834873,36.0
RAPIDO/ESTABLE,1500,900,95.33799533799534,25.990675990675992,45.8041958041958,31.0,1.3986013986013985,87.2113676731794,20.959147424511546,32.149200710479576,41.0,12.788632326820604,85.28864059590316,26.81564245810056,40.9683426443203,33.0,14.711359404096836,86.25000413454129,36.55877167739994,37.0
RAPIDO/ESTABLE,2000,0,99.18414918414918,15.034965034965033,26.340326340326342,48.0,0.0,89.87566607460036,16.163410301953817,25.22202486678508,56.0,10.124333925399645,89.01303538175046,18.24953445065177,26.256983240223462,52.0,10.986964618249534,89.44435072817541,25.73950405350427,54.0
RAPIDO/ESTABLE,2000,500,98.13519813519814,10.023310023310025,20.51282051282051,57.0,0.0,85.07992895204262,11.012433392539965,19.538188277087034,60.0,14.92007104795737,84.5437616387337,14.338919925512103,22.3463687150838,54.0,15.456238361266294,84.81184529538817,20.942278496085414,57.0
RAPIDO/ESTABLE,2000,700,98.6013986013986,13.636363636363635,24.125874125874127,49.0,0.0,93.96092362344582,13.49911190053286,23.26820603907638,58.0,6.039076376554174,93.66852886405958,15.456238361266294,24.20856610800745,52.0,6.33147113594041,93.8147262437527,23.738386073541914,55.0
RAPIDO/ESTABLE,2000,900,99.06759906759906,14.452214452214452,25.757575757575758,49.0,0.0,93.07282415630551,14.209591474245114,23.978685612788635,58.0,6.927175843694494,87.70949720670392,16.201117318435752,25.32588454376164,52.0,12.290502793296088,90.39116068150472,24.652285078275135,55.0
RAPIDO/HOY,0,0,88.81118881118881,32.16783216783217,57.226107226107224,25.0,11.188811188811188,75.31083481349911,32.326820603907635,44.22735346358792,24.0,24.68916518650089,59.96275605214153,37.05772811918063,50.09310986964618,17.0,40.03724394785848,67.63679543282032,47.16023166661705,20.5
RAPIDO/HOY,0,500,83.56643356643356,30.65268065268065,50.93240093240093,26.0,16.433566433566433,67.31793960923623,27.175843694493786,47.06927175843694,23.0,32.682060390763766,74.30167597765363,26.256983240223462,47.299813780260706,26.0,25.69832402234637,70.80980779344493,47.18454276934882,24.5
RAPIDO/HOY,0,700,88.92773892773893,32.28438228438228,56.87645687645687,25.0,11.072261072261073,66.25222024866785,33.92539964476021,47.06927175843694,20.0,33.747779751332146,66.4804469273743,34.07821229050279,53.63128491620112,20.0,33.5195530726257,66.36633358802108,50.350278337319025,20.0
RAPIDO/HOY,0,900,88.81118881118881,32.86713286713287,57.34265734265735,25.0,11.188811188811188,73.8898756660746,34.10301953818828,45.47069271758437,23.0,26.1101243339254,62.19739292364991,34.45065176908753,50.65176908752328,19.0,37.80260707635009,68.04363429486226,48.061230902553824,21.0
RAPIDO/HOY,300,0,88.6946386946387,32.16783216783217,56.526806526806524,25.0,11.305361305361306,66.25222024866785,31.793960923623445,43.87211367673179,21.0,33.747779751332146,67.97020484171323,37.05772811918063,50.83798882681564,19.0,32.02979515828678,67.11121254519054,47.355051251773716,20.0
RAPIDO/HOY,300,500,88.11188811188812,30.65268065268065,50.6993006993007,27.0,11.888111888111888,66.42984014209591,27.175843694493786,46.00355239786856,23.0,33.57015985790409,70.2048417132216,24.767225325884542,44.320297951582866,25.0,29.7951582867784,68.31734092765876,45.16192517472571,24.0
RAPIDO/HOY,300,700,88.92773892773893,32.28438228438228,56.29370629370629,25.0,11.072261072261073,59.50266429840142,32.326820603907635,45.64831261101243,20.0,40.49733570159858,66.4804469273743,34.07821229050279,53.63128491620112,20.0,33.5195530726257,62.991555612887865,49.63979876360678,20.0
RAPIDO/HOY,300,900,88.6946386946387,32.86713286713287,56.64335664335665,25.0,11.305361305361306,66.60746003552399,31.97158081705151,43.51687388987567,21.0,33.39253996447602,68.90130353817506,33.70577281191806,48.97579143389199,21.0,31.098696461824954,67.75438178684952,46.24633266188383,21.0
RAPIDO/HOY,600,0,87.52913752913753,32.28438228438228,55.94405594405595,25.0,12.470862470862471,60.92362344582594,33.39253996447602,47.42451154529307,19.0,39.07637655417407,70.7635009310987,38.17504655493482,52.886405959031656,19.0,29.236499068901306,65.84356218846233,50.15545875216236,19.0
RAPIDO/HOY,600,500,89.86013986013987,30.65268065268065,50.116550116550115,28.0,10.13986013986014,62.699822380106575,26.820603907637658,45.64831261101243,23.0,37.300177619893425,67.78398510242086,24.953445065176908,41.899441340782126,25.0,32.21601489757914,65.24190374126371,43.77387697589728,24.0
RAPIDO/HOY,600,700,90.20979020979021,32.28438228438228,55.59440559440559,25.0,9.79020979020979,59.14742451154529,32.326820603907635,45.293072824156305,20.0,40.852575488454704,62.94227188081937,32.588454376163874,49.162011173184354,20.0,37.05772811918063,61.04484819618233,47.22754199867033,20.0
RAPIDO/HOY,600,900,89.74358974358975,32.86713286713287,56.17715617715617,25.0,10.256410256410255,60.39076376554174,33.747779751332146,46.714031971580816,19.0,39.60923623445826,70.01862197392924,35.754189944134076,51.39664804469274,20.0,29.981378026070765,65.2046928697355,49.05534000813678,19.5
RAPIDO/HOY,900,0,87.76223776223776,31.23543123543124,54.07925407925408,25.0,12.237762237762238,69.80461811722914,32.5044404973357,46.53641207815276,22.0,30.19538188277087,72.99813780260708,38.17504655493482,53.445065176908756,20.0,27.001862197392924,71.40137795991811,49.99073862753076,21.0
RAPIDO/HOY,900,500,93.00699300699301,30.069930069930066,49.76689976689977,29.0,6.993006993006993,64.47602131438721,28.063943161634104,48.31261101243339,23.0,35.52397868561279,71.69459962756052,26.81564245810056,46.18249534450652,25.0,28.305400372439475,68.08531047097387,47.24755317846996,24.0
RAPIDO/HOY,900,700,90.67599067599068,30.885780885780882,56.060606060606055,26.0,9.324009324009324,62.699822380106575,33.747779751332146,48.66785079928952,20.0,37.300177619893425,63.87337057728119,31.471135940409685,48.97579143389199,21.0,36.12662942271881,63.28659647869388,48.821821116590755,20.5
RAPIDO/HOY,900,900,88.6946386946387,31.7016317016317,55.12820512820513,25.0,11.305361305361306,69.27175843694494,33.214920071047956,46.714031971580816,21.0,30.728241563055064,70.39106145251397,33.89199255121043,50.09310986964618,21.0,29.608938547486037,69.83140994472944,48.4035709206135,21.0
RAPIDO/HOY,1200,0,91.14219114219114,30.885780885780882,54.89510489510489,26.0,8.857808857808857,69.44937833037301,30.373001776198933,44.58259325044405,23.0,30.550621669627,74.67411545623837,37.05772811918063,52.327746741154556,21.0,25.32588454376164,72.0617468933057,48.4551699957993,22.0
RAPIDO/HOY,1200,500,95.33799533799534,29.603729603729604,50.58275058275058,29.0,4.662004662004662,65.36412078152753,28.596802841918294,44.40497335701599,23.0,34.63587921847247,69.83240223463687,25.512104283054004,42.83054003724395,26.0,30.16759776536313,67.5982615080822,43.61775669712997,24.5
RAPIDO/HOY,1200,700,93.24009324009323,30.65268065268065,55.59440559440559,26.0,6.75990675990676,65.0088809946714,31.793960923623445,49.200710479573715,21.0,34.9911190053286,72.43947858472998,30.54003724394786,46.55493482309125,23.0,27.560521415270017,68.72417978970068,47.87782265133248,22.0
RAPIDO/HOY,1200,900,90.55944055944056,30.76923076923077,54.42890442890443,26.0,9.44055944055944,70.87033747779752,30.905861456483123,45.64831261101243,23.0,29.129662522202487,73.55679702048417,34.45065176908753,50.46554934823091,21.0,26.443202979515828,72.21356724914085,48.05693097962167,22.0
RAPIDO/HOY,1500,0,91.72494172494171,30.069930069930066,51.981351981351985,28.0,8.275058275058274,69.9822380106572,27.708703374777976,42.62877442273535,25.0,30.017761989342805,73.74301675977654,36.87150837988827,51.21042830540037,20.5,26.256983240223462,71.86262738521687,46.91960136406786,22.75
RAPIDO/HOY,1500,500,94.05594405594405,26.689976689976692,47.55244755244755,30.0,5.944055944055944,66.07460035523978,26.465364120781526,42.62877442273535,24.0,33.92539964476021,70.39106145251397,26.629422718808193,42.08566108007449,25.0,29.608938547486037,68.23283090387687,42.35721775140492,24.5
RAPIDO/HOY,1500,700,93.93939393939394,30.069930069930066,52.09790209790209,28.0,6.0606060606060606,66.25222024866785,28.596802841918294,46.35879218472469,23.0,33.747779751332146,71.13594040968343,31.65735567970205,48.4171322160149,22.0,28.86405959031657,68.69408032917565,47.3879622003698,22.5
RAPIDO/HOY,1500,900,91.02564102564102,29.836829836829835,51.515151515151516,27.0,8.974358974358974,69.9822380106572,27.53108348134991,41.91829484902309,25.0,30.017761989342805,71.88081936685289,33.89199255121043,48.78957169459962,21.5,28.11918063314711,70.93152868875504,45.35393327181136,23.25
RAPIDO/HOY,2000,0,93.7062937062937,24.941724941724942,46.96969696969697,30.0,6.293706293706294,59.32504440497336,25.754884547069274,37.300177619893425,24.0,40.67495559502664,76.16387337057728,31.28491620111732,45.81005586592179,24.0,23.83612662942272,67.74445888777532,41.55511674290761,24.0
RAPIDO/HOY,2000,500,94.17249417249417,22.843822843822846,44.17249417249417,32.0,5.827505827505827,59.50266429840142,23.44582593250444,38.18827708703375,24.0,40.49733570159858,70.01862197392924,24.767225325884542,40.59590316573557,25.0,29.981378026070765,64.76064313616533,39.39209012638466,24.5
RAPIDO/HOY,2000,700,94.05594405594405,25.64102564102564,46.73659673659674,31.0,5.944055944055944,60.56838365896981,24.866785079928952,38.54351687388988,24.0,39.43161634103019,73.74301675977654,27.560521415270017,42.64432029795158,25.0,26.256983240223462,67.15570020937318,40.59391858592073,24.5
RAPIDO/HOY,2000,900,93.12354312354313,24.825174825174827,46.620046620046615,30.0,6.876456876456877,59.85790408525755,23.80106571936057,35.879218472468914,25.0,40.142095914742455,74.487895716946,28.86405959031657,43.38919925512104,25.0,25.512104283054004,67.17289990110177,39.63420886379498,25.0
HOY/ESTABLE,0,0,94.75524475524476,20.745920745920746,41.84149184149184,34.0,5.244755244755245,64.47602131438721,20.603907637655418,35.879218472468914,27.0,35.52397868561279,76.16387337057728,24.022346368715084,39.85102420856611,30.0,23.83612662942272,70.31994734248224,37.86512134051751,28.5
HOY/ESTABLE,0,500,95.45454545454545,16.433566433566433,35.43123543123543,38.0,4.545454545454546,59.50266429840142,19.715808170515096,34.10301953818828,27.0,40.49733570159858,72.99813780260708,20.85661080074488,34.82309124767225,32.0,27.001862197392924,66.25040105050425,34.463055392930265,29.5
HOY/ESTABLE,0,700,93.58974358974359,19.34731934731935,39.51048951048951,34.0,6.41025641025641,67.49555950266429,21.847246891651864,38.01065719360569,27.0,32.5044404973357,80.44692737430168,23.09124767225326,41.71322160148976,30.0,19.553072625698324,73.97124343848299,39.86193939754772,28.5
HOY/ESTABLE,0,900,93.82284382284382,19.813519813519815,40.909090909090914,34.0,6.177156177156177,66.78507992895204,20.959147424511546,37.65541740674956,27.0,33.214920071047956,74.11545623836126,24.39478584729981,40.03724394785848,29.0,25.884543761638735,70.45026808365665,38.84633067730402,28.0
HOY/ESTABLE,300,0,94.75524475524476,20.745920745920746,41.84149184149184,34.0,5.244755244755245,68.20603907637656,20.781527531083483,36.05683836589698,29.0,31.793960923623445,81.9366852886406,24.022346368715084,39.85102420856611,31.0,18.063314711359403,75.07136218250858,37.95393128723154,30.0
HOY/ESTABLE,300,500,95.45454545454545,16.433566433566433,35.43123543123543,38.0,4.545454545454546,60.03552397868561,19.538188277087034,34.10301953818828,27.5,39.96447602131439,67.41154562383612,21.601489757914337,37.243947858473,27.0,32.588454376163874,63.72353480126087,35.67348369833064,27.25
HOY/ESTABLE,300,700,93.58974358974359,19.34731934731935,39.51048951048951,34.0,6.41025641025641,71.75843694493783,21.847246891651864,38.01065719360569,29.0,28.24156305506217,79.51582867783985,23.09124767225326,41.71322160148976,30.0,20.48417132216015,75.63713281138884,39.86193939754772,29.5
HOY/ESTABLE,300,900,94.75524475524476,19.813519813519815,41.25874125874126,34.0,5.244755244755245,71.58081705150977,22.02486678507993,38.898756660746,28.0,28.419182948490228,75.97765363128491,25.139664804469277,42.27188081936685,28.0,24.022346368715084,73.77923534139734,40.58531874005642,28.0
HOY/ESTABLE,600,0,97.08624708624708,20.745920745920746,40.79254079254079,35.0,2.9137529137529135,85.2575488454707,21.314387211367674,36.767317939609235,35.0,14.742451154529308,86.59217877094973,24.767225325884542,40.78212290502793,32.0,13.40782122905028,85.9248638082102,38.77472042231858,33.5
HOY/ESTABLE,600,500,95.92074592074592,16.433566433566433,35.43123543123543,38.0,4.0792540792540795,68.38365896980461,19.182948490230906,34.63587921847247,30.0,31.616341030195382,72.43947858472998,21.601489757914337,37.80260707635009,29.0,27.560521415270017,70.41156877726729,36.21924314741128,29.5
HOY/ESTABLE,600,700,96.62004662004662,18.64801864801865,39.27738927738928,35.0,3.37995337995338,76.19893428063943,21.847246891651864,37.83303730017762,31.0,23.80106571936057,85.47486033519553,23.649906890130353,43.575418994413404,30.0,14.52513966480447,80.83689730791748,40.70422814729551,30.5
HOY/ESTABLE,600,900,96.96969696969697,19.696969696969695,40.55944055944056,35.0,3.0303030303030303,77.26465364120781,21.6696269982238,38.54351687388988,31.0,22.735346358792185,81.00558659217877,24.767225325884542,41.527001862197395,30.0,18.994413407821227,79.13512011669329,40.03525936804364,30.5
HOY/ESTABLE,900,0,97.43589743589743,20.745920745920746,40.79254079254079,35.0,2.564102564102564,90.76376554174067,22.55772646536412,38.01065719360569,39.0,9.236234458259325,90.13035381750466,25.69832402234637,41.527001862197395,32.0,9.869646182495345,90.44705967962267,39.768829527901545,35.5
HOY/ESTABLE,900,500,98.83449883449883,15.85081585081585,35.1981351981352,39.0,1.1655011655011656,91.82948490230906,19.36056838365897,33.03730017761989,42.0,8.170515097690942,92.36499068901304,21.973929236499067,39.66480446927375,35.0,7.635009310986965,92.09723779566104,36.35105232344682,38.5
HOY/ESTABLE,900,700,96.38694638694638,18.764568764568764,39.39393939393939,35.0,3.613053613053613,93.25044404973357,22.202486678507995,37.65541740674956,38.0,6.74955595026643,94.04096834264432,24.39478584729981,43.20297951582867,32.0,5.95903165735568,93.64570619618894,40.42919846128912,35.0
HOY/ESTABLE,900,900,97.43589743589743,20.04662004662005,40.55944055944056,35.0,2.564102564102564,78.15275310834814,22.912966252220247,38.18827708703375,31.0,21.847246891651864,85.6610800744879,26.256983240223462,45.43761638733706,29.0,14.338919925512103,81.90691659141802,41.8129467371854,30.0
HOY/ESTABLE,1200,0,99.3006993006993,20.04662004662005,39.976689976689975,36.0,0.4662004662004662,91.47424511545293,22.202486678507995,37.12255772646537,40.0,8.52575488454707,89.57169459962756,24.767225325884542,40.78212290502793,34.0,10.42830540037244,90.52296985754025,38.95234031574665,37.0
HOY/ESTABLE,1200,500,95.33799533799534,16.317016317016318,34.61538461538461,38.0,4.545454545454546,87.03374777975134,18.47246891651865,30.550621669627,43.0,12.966252220248666,83.61266294227188,18.24953445065177,34.26443202979516,36.0,16.387337057728118,85.32320536101162,32.407526849711076,39.5
HOY/ESTABLE,1200,700,97.78554778554779,18.88111888111888,38.6946386946387,37.0,1.9813519813519813,94.67140319715807,21.847246891651864,37.47779751332149,37.0,5.328596802841918,93.66852886405958,23.83612662942272,42.27188081936685,33.0,6.33147113594041,94.16996603060883,39.874839166344174,35.0
HOY/ESTABLE,1200,900,99.3006993006993,18.997668997669,39.743589743589745,36.0,0.4662004662004662,93.96092362344582,20.781527531083483,35.879218472468914,41.0,6.039076376554174,93.66852886405958,24.767225325884542,42.64432029795158,33.0,6.33147113594041,93.8147262437527,39.26176938521024,37.0
HOY/ESTABLE,1500,0,100.0,20.163170163170165,40.675990675990676,36.0,0.0,92.71758436944938,19.182948490230906,31.793960923623445,46.0,7.282415630550622,91.62011173184358,24.39478584729981,39.10614525139665,37.0,8.379888268156424,92.16884805064649,35.45005308751004,41.5
HOY/ESTABLE,1500,500,100.0,13.170163170163171,33.1002331002331,42.0,0.0,86.32326820603907,14.742451154529308,26.99822380106572,44.5,13.676731793960922,91.43389199255121,17.318435754189945,35.19553072625698,39.0,8.56610800744879,88.87858009929514,31.09687726366135,41.75
HOY/ESTABLE,1500,700,99.88344988344988,16.433566433566433,37.76223776223776,38.0,0.11655011655011654,95.91474245115454,15.985790408525755,27.175843694493786,47.0,4.085257548845471,93.1098696461825,20.85661080074488,38.361266294227185,37.0,6.890130353817504,94.51230604866852,32.768554994360485,42.0
HOY/ESTABLE,1500,900,100.0,19.230769230769234,40.32634032634033,37.0,0.0,95.91474245115454,17.584369449378332,30.373001776198933,46.0,4.085257548845471,93.1098696461825,23.09124767225326,38.17504655493482,37.0,6.890130353817504,94.51230604866852,34.27402416556688,41.5
HOY/ESTABLE,2000,0,100.0,11.305361305361306,27.62237762237762,49.0,0.0,95.0266429840142,12.433392539964476,20.071047957371228,54.0,4.9733570159857905,88.45437616387338,13.40782122905028,25.139664804469277,48.0,11.54562383612663,91.7405095739438,22.605356380920252,51.0
HOY/ESTABLE,2000,500,100.0,4.778554778554779,17.24941724941725,60.5,0.0,93.25044404973357,9.058614564831261,16.69626998223801,63.0,6.74955595026643,89.3854748603352,9.869646182495345,21.415270018621975,51.0,10.614525139664805,91.31795945503438,19.055770000429995,57.0
HOY/ESTABLE,2000,700,100.0,7.575757575757576,20.862470862470865,56.0,0.0,96.26998223801066,10.657193605683837,17.584369449378332,60.0,3.7300177619893424,89.3854748603352,11.359404096834265,23.649906890130353,50.0,10.614525139664805,92.82772854917292,20.61713816975434,55.0
HOY/ESTABLE,2000,900,100.0,10.839160839160838,25.757575757575758,51.0,0.0,96.26998223801066,11.72291296625222,19.538188277087034,54.5,3.7300177619893424,89.3854748603352,12.849162011173185,24.953445065176908,48.5,10.614525139664805,92.82772854917292,22.24581667113197,51.5
