per,caso,test,mo,p10,ploss,evals,fondeadas,quemas_fondeada,pagos,dias_aprobar
IS,"Flex: eval 2c / fondeada 2c, retiro a $4k (recomendado hoy)",historia,1557.3837465564739,821.1,0.0,7.595041322314049,3.871900826446281,1.6074380165289257,10.826446280991735,12.044903581267219
IS,"Flex: eval 2c / fondeada 2c, retiro a $4k (recomendado hoy)",costo +1 tick,1462.6694214876036,803.5666666666666,0.0,8.429752066115702,3.7975206611570247,1.615702479338843,10.243801652892563,10.251790633608815
IS,"Flex: eval 2c / fondeada 2c, retiro a $4k (recomendado hoy)",Monte Carlo,1276.0040999999999,636.0333333333333,0.7000000000000001,9.279,4.814,2.819,9.049,12.165169047619049
IS,Flex: eval 1c / fondeada 2c,historia,1328.3523415977963,714.9333333333334,0.0,4.024793388429752,3.15702479338843,1.2231404958677685,9.090909090909092,34.188705234159784
IS,Flex: eval 1c / fondeada 2c,costo +1 tick,1070.9355371900826,97.39999999999999,9.917355371900827,4.6115702479338845,3.3512396694214877,1.8140495867768596,7.409090909090909,29.397589531680442
IS,Flex: eval 1c / fondeada 2c,Monte Carlo,1013.0364333333333,388.6333333333334,3.6999999999999997,5.089,3.738,2.142,7.051,28.751942857142858
IS,"Pro: eval 1c / fondeada 2c, retiro apenas se puede",historia,995.5274122168538,436.8333333333333,0.0,2.8677685950413223,2.2479338842975207,0.731404958677686,5.847107438016529,30.950068870523417
IS,"Pro: eval 1c / fondeada 2c, retiro apenas se puede",costo +1 tick,770.2806278311515,-35.66666666666645,10.330578512396695,3.5330578512396693,2.7148760330578514,1.384297520661157,4.6652892561983474,30.875344352617073
IS,"Pro: eval 1c / fondeada 2c, retiro apenas se puede",Monte Carlo,782.0153742922138,236.61666666666667,4.5,3.686,2.804,1.472,4.802,27.247938095238098
IS,"Pro: eval 1c / fondeada 2c, retiro al tope",historia,1022.8925619834712,487.0,0.0,2.727272727272727,2.0785123966942147,0.5619834710743802,5.946280991735537,30.111914600550968
IS,"Pro: eval 1c / fondeada 2c, retiro al tope",costo +1 tick,793.4820936639118,-35.66666666666645,10.330578512396695,3.4669421487603307,2.615702479338843,1.2851239669421488,4.7272727272727275,30.074380165289256
IS,"Pro: eval 1c / fondeada 2c, retiro al tope",Monte Carlo,789.6667418934823,261.5,4.3,3.615,2.757,1.418,4.72,27.210907142857142
IS,"Pro: eval 1c / fondeada 3c, retiro apenas se puede",historia,821.3601928374655,299.5,0.4132231404958678,3.553719008264463,2.8884297520661155,1.512396694214876,4.880165289256198,29.944874065328612
IS,"Pro: eval 1c / fondeada 3c, retiro apenas se puede",costo +1 tick,695.7944933935959,288.1,0.0,3.958677685950413,3.1115702479338845,1.8553719008264462,4.223140495867769,31.207438016528926
IS,"Pro: eval 1c / fondeada 3c, retiro apenas se puede",Monte Carlo,706.2472485655944,61.333333333333336,7.7,4.328,3.294,2.101,4.335,27.338786904761903
IS,"Pro: eval 1c / fondeada 3c, retiro al tope",historia,821.3601928374655,299.5,0.4132231404958678,3.553719008264463,2.8884297520661155,1.512396694214876,4.880165289256198,29.944874065328612
IS,"Pro: eval 1c / fondeada 3c, retiro al tope",costo +1 tick,696.8099173553719,288.1,0.0,3.9545454545454546,3.1074380165289255,1.8512396694214877,4.2272727272727275,31.19573002754821
IS,"Pro: eval 1c / fondeada 3c, retiro al tope",Monte Carlo,708.5927066120784,61.333333333333336,7.3,4.316,3.283,2.085,4.311,27.40252380952381
IS,"Pro: eval 2c / fondeada 2c, retiro apenas se puede",historia,1131.3359255509602,499.6666666666667,0.0,5.363636363636363,3.041322314049587,1.1446280991735538,6.818181818181818,9.589393939393938
IS,"Pro: eval 2c / fondeada 2c, retiro apenas se puede",costo +1 tick,1069.0661763984638,487.0,0.0,5.867768595041323,3.128099173553719,1.4132231404958677,6.512396694214876,8.36667650531287
IS,"Pro: eval 2c / fondeada 2c, retiro apenas se puede",Monte Carlo,964.6475998588045,476.16659352620445,1.0,6.004,3.445,1.79,6.025,9.088206746031744
IS,"Pro: eval 2c / fondeada 2c, retiro al tope",historia,1138.4807162534435,499.6666666666667,0.0,5.2727272727272725,2.9834710743801653,1.115702479338843,6.768595041322314,9.404269972451791
IS,"Pro: eval 2c / fondeada 2c, retiro al tope",costo +1 tick,1076.887741046832,488.26666666666665,0.0,5.7190082644628095,3.0,1.2685950413223142,6.4421487603305785,8.146359700905156
IS,"Pro: eval 2c / fondeada 2c, retiro al tope",Monte Carlo,970.2485743432682,473.11666666666673,0.8999999999999999,5.834,3.345,1.696,5.893,9.136913888888888
IS,"Pro: eval 2c / fondeada 3c, retiro apenas se puede",historia,1062.1465637779763,499.6666666666667,0.0,7.144628099173554,4.355371900826446,2.644628099173554,6.475206611570248,10.067724321133413
IS,"Pro: eval 2c / fondeada 3c, retiro apenas se puede",costo +1 tick,985.2543403567691,449.0,0.0,6.871900826446281,3.71900826446281,2.1611570247933884,6.041322314049586,9.532428177882725
IS,"Pro: eval 2c / fondeada 3c, retiro apenas se puede",Monte Carlo,874.4070396673957,325.22437308629355,3.3000000000000003,7.85,4.534,2.993,5.557,9.167395751470751
IS,"Pro: eval 2c / fondeada 3c, retiro al tope",historia,1060.2789256198346,499.6666666666667,0.0,7.128099173553719,4.363636363636363,2.652892561983471,6.458677685950414,10.07151219992129
IS,"Pro: eval 2c / fondeada 3c, retiro al tope",costo +1 tick,990.8484848484849,449.0,0.0,6.871900826446281,3.7231404958677685,2.169421487603306,6.033057851239669,9.528295946477765
IS,"Pro: eval 2c / fondeada 3c, retiro al tope",Monte Carlo,877.4005000000001,347.6666666666667,3.3000000000000003,7.797,4.5,2.962,5.517,9.178412418137418
IS,"Pro: eval 3c / fondeada 2c, retiro apenas se puede",historia,1172.1293604175578,636.5,0.0,7.12396694214876,3.458677685950413,1.475206611570248,7.305785123966942,4.632152695789061
IS,"Pro: eval 3c / fondeada 2c, retiro apenas se puede",costo +1 tick,1058.2235242678114,584.9771367708842,0.0,7.2272727272727275,3.260330578512397,1.5206611570247934,6.595041322314049,4.876995605404696
IS,"Pro: eval 3c / fondeada 2c, retiro apenas se puede",Monte Carlo,1021.8701878568132,544.7065761725108,0.3,7.336,3.784,2.038,6.485,5.204455158730158
IS,"Pro: eval 3c / fondeada 2c, retiro al tope",historia,1164.6363636363637,621.5833333333334,0.0,6.706611570247934,3.190082644628099,1.2851239669421488,7.028925619834711,4.618654073199528
IS,"Pro: eval 3c / fondeada 2c, retiro al tope",costo +1 tick,1058.7816804407714,611.1666666666666,0.0,7.12396694214876,3.2107438016528924,1.4834710743801653,6.450413223140496,4.949516266561721
IS,"Pro: eval 3c / fondeada 2c, retiro al tope",Monte Carlo,1027.1333238681157,560.5,0.5,7.216,3.705,1.963,6.32,5.1981164502164505
IS,"Pro: eval 3c / fondeada 3c, retiro apenas se puede",historia,1060.0671272971415,519.4333333333335,0.0,9.84297520661157,5.1652892561983474,3.3595041322314048,6.6652892561983474,4.913059243327838
IS,"Pro: eval 3c / fondeada 3c, retiro apenas se puede",costo +1 tick,966.6711276259302,424.93333333333334,0.0,10.425619834710744,4.7272727272727275,3.0826446280991737,6.190082644628099,5.355923610365758
IS,"Pro: eval 3c / fondeada 3c, retiro apenas se puede",Monte Carlo,947.6037126825014,458.1500000000001,1.4000000000000001,9.788,5.057,3.375,6.126,5.232522184759684
IS,"Pro: eval 3c / fondeada 3c, retiro al tope",historia,1061.9311294765841,519.4333333333335,0.0,9.921487603305785,5.078512396694215,3.28099173553719,6.661157024793388,4.892545665996079
IS,"Pro: eval 3c / fondeada 3c, retiro al tope",costo +1 tick,950.8684573002755,424.93333333333334,0.0,10.285123966942148,4.789256198347108,3.169421487603306,6.06198347107438,5.388637108988349
IS,"Pro: eval 3c / fondeada 3c, retiro al tope",Monte Carlo,950.1407099327404,459.6166666666666,1.2,9.712,5.017,3.336,6.067,5.23776294955045
IS,"Pro: eval 4c / fondeada 2c, retiro apenas se puede",historia,1185.569036471154,627.0291961542765,0.0,8.28099173553719,3.7851239669421486,1.7272727272727273,7.4958677685950414,3.6929686475141024
IS,"Pro: eval 4c / fondeada 2c, retiro apenas se puede",costo +1 tick,1093.0958282406339,574.1833333333333,0.0,9.082644628099173,3.7231404958677685,1.8264462809917354,6.958677685950414,3.698386462022826
IS,"Pro: eval 4c / fondeada 2c, retiro apenas se puede",Monte Carlo,1045.1209668250303,584.8775547790527,0.2,8.672,3.764,1.961,6.726,3.6597667388167388
IS,"Pro: eval 4c / fondeada 2c, retiro al tope",historia,1200.672865013774,599.5166666666667,0.0,7.739669421487603,3.727272727272727,1.6983471074380165,7.305785123966942,3.560461760461761
IS,"Pro: eval 4c / fondeada 2c, retiro al tope",costo +1 tick,1114.633608815427,584.85,0.0,8.892561983471074,3.6487603305785123,1.7355371900826446,6.8884297520661155,3.6945641479732396
IS,"Pro: eval 4c / fondeada 2c, retiro al tope",Monte Carlo,1047.1062534425735,586.3333333333334,0.3,8.553,3.714,1.924,6.528,3.634112698412699
IS,"Pro: eval 4c / fondeada 3c, retiro apenas se puede",historia,1136.2095553948532,583.3333333333334,0.0,10.669421487603305,4.863636363636363,2.946280991735537,7.140495867768595,3.715642553039247
IS,"Pro: eval 4c / fondeada 3c, retiro apenas se puede",costo +1 tick,1019.0720876014593,558.0,0.0,13.433884297520661,5.429752066115703,3.644628099173554,6.677685950413223,3.6532028118804982
IS,"Pro: eval 4c / fondeada 3c, retiro apenas se puede",Monte Carlo,982.0810543330193,484.76406051635746,1.2,11.826,5.19,3.432,6.476,3.6802062992562994
IS,"Pro: eval 4c / fondeada 3c, retiro al tope",historia,1138.857438016529,583.3333333333334,0.0,10.760330578512397,4.809917355371901,2.8925619834710745,7.140495867768595,3.7009731315516436
IS,"Pro: eval 4c / fondeada 3c, retiro al tope",costo +1 tick,1019.2217630853994,558.0,0.0,12.975206611570249,5.384297520661157,3.6074380165289255,6.628099173553719,3.6673212691807735
IS,"Pro: eval 4c / fondeada 3c, retiro al tope",Monte Carlo,986.5440782442411,484.95,1.0,11.686,5.118,3.361,6.416,3.668659923409923
IS,"Pro: eval 2c con DLL $1.200 / fondeada 2c, retiro al tope",historia,1133.7307162534435,499.6666666666667,0.0,4.950413223140496,2.834710743801653,0.9793388429752066,6.714876033057851,10.290977961432507
IS,"Pro: eval 2c con DLL $1.200 / fondeada 2c, retiro al tope",costo +1 tick,1072.599173553719,488.26666666666665,0.0,4.797520661157025,2.6942148760330578,1.0206611570247934,6.351239669421488,9.155450609996064
IS,"Pro: eval 2c con DLL $1.200 / fondeada 2c, retiro al tope",Monte Carlo,952.5241760454495,461.6666666666667,1.4000000000000001,5.926,3.3,1.676,5.802,9.633254256854256
IS,"Pro: eval 3c con DLL $1.200 / fondeada 2c, retiro al tope",historia,1150.2341597796142,636.5,0.0,6.962809917355372,3.487603305785124,1.5537190082644627,6.962809917355372,4.925167256985439
IS,"Pro: eval 3c con DLL $1.200 / fondeada 2c, retiro al tope",costo +1 tick,1049.6776859504132,463.3833333333334,0.0,7.512396694214876,3.322314049586777,1.487603305785124,6.425619834710743,4.885207595434868
IS,"Pro: eval 3c con DLL $1.200 / fondeada 2c, retiro al tope",Monte Carlo,1005.1927822662352,535.6666666666666,0.8,7.413,3.555,1.834,6.208,5.554921861471861
C24,"Flex: eval 2c / fondeada 2c, retiro a $4k (recomendado hoy)",historia,1368.9803240740741,900.9666666666666,0.0,14.82638888888889,6.479166666666667,4.465277777777778,9.993055555555555,8.652138447971781
C24,"Flex: eval 2c / fondeada 2c, retiro a $4k (recomendado hoy)",costo +1 tick,1267.7761574074073,736.0633333333332,0.0,15.20138888888889,6.048611111111111,4.111111111111111,9.340277777777779,9.659589947089948
C24,"Flex: eval 2c / fondeada 2c, retiro a $4k (recomendado hoy)",Monte Carlo,1395.8596333333335,600.09,1.6,14.497,6.601,4.463,10.153,9.305086852036853
C24,Flex: eval 1c / fondeada 2c,historia,1241.5282407407406,821.1,0.0,7.263888888888889,4.770833333333333,3.0,8.70138888888889,20.35168650793651
C24,Flex: eval 1c / fondeada 2c,costo +1 tick,1162.5375000000001,679.8666666666667,0.0,7.125,4.451388888888889,2.7222222222222223,8.166666666666666,22.17868716931217
C24,Flex: eval 1c / fondeada 2c,Monte Carlo,1223.038,636.0333333333333,1.4000000000000001,8.22,5.285,3.462,8.634,18.251141666666665
C24,"Pro: eval 1c / fondeada 2c, retiro apenas se puede",historia,1160.1538852258964,824.0,0.0,5.076388888888889,3.6319444444444446,1.8611111111111112,6.909722222222222,16.196875000000002
C24,"Pro: eval 1c / fondeada 2c, retiro apenas se puede",costo +1 tick,1067.4134692889672,824.0,0.0,5.381944444444445,3.8125,2.2222222222222223,6.430555555555555,16.876041666666666
C24,"Pro: eval 1c / fondeada 2c, retiro apenas se puede",Monte Carlo,966.4550728032431,435.66103959401454,2.6,5.998,3.971,2.423,5.98,16.158569047619046
C24,"Pro: eval 1c / fondeada 2c, retiro al tope",historia,1137.1597222222222,824.0,0.0,5.166666666666667,3.6319444444444446,1.8472222222222223,6.75,16.425925925925927
C24,"Pro: eval 1c / fondeada 2c, retiro al tope",costo +1 tick,1049.8854166666667,815.1333333333333,0.0,5.375,3.798611111111111,2.2083333333333335,6.291666666666667,16.819560185185182
C24,"Pro: eval 1c / fondeada 2c, retiro al tope",Monte Carlo,969.7622263601303,424.1666666666667,2.5,5.94,3.934,2.39,5.9,16.170209523809525
C24,"Pro: eval 1c / fondeada 3c, retiro apenas se puede",historia,854.855590052075,684.6666666666666,0.6944444444444444,7.958333333333333,5.326388888888889,4.048611111111111,5.409722222222222,17.630596891534392
C24,"Pro: eval 1c / fondeada 3c, retiro apenas se puede",costo +1 tick,844.6938506086668,684.6666666666666,0.6944444444444444,8.125,4.861111111111111,3.625,5.381944444444445,17.252772266313933
C24,"Pro: eval 1c / fondeada 3c, retiro apenas se puede",Monte Carlo,876.837377107366,234.9000000000001,6.3,7.099,4.655,3.236,5.483,16.123107793595295
C24,"Pro: eval 1c / fondeada 3c, retiro al tope",historia,847.1111111111112,684.6666666666666,0.6944444444444444,7.958333333333333,5.326388888888889,4.048611111111111,5.291666666666667,16.840666335978838
C24,"Pro: eval 1c / fondeada 3c, retiro al tope",costo +1 tick,832.4930555555555,674.5,0.6944444444444444,8.166666666666666,4.881944444444445,3.6527777777777777,5.229166666666667,15.85844356261023
C24,"Pro: eval 1c / fondeada 3c, retiro al tope",Monte Carlo,874.1136276713531,211.28333333333333,6.3,7.082,4.649,3.232,5.439,16.143662014374517
C24,"Pro: eval 2c / fondeada 2c, retiro apenas se puede",historia,1360.1364016462255,1003.7192715962728,0.0,8.715277777777779,5.493055555555555,3.5694444444444446,8.645833333333334,6.028286085056918
C24,"Pro: eval 2c / fondeada 2c, retiro apenas se puede",costo +1 tick,1280.5396620183078,878.2531908671061,0.0,9.277777777777779,5.0625,3.125,8.229166666666666,6.816722783389451
C24,"Pro: eval 2c / fondeada 2c, retiro apenas se puede",Monte Carlo,1139.5605558747293,623.5833333333334,0.6,9.534,5.023,3.169,7.224,6.144661929736929
C24,"Pro: eval 2c / fondeada 2c, retiro al tope",historia,1348.614138366558,961.3333333333334,0.0,7.930555555555555,5.180555555555555,3.25,8.208333333333334,6.028249007936507
C24,"Pro: eval 2c / fondeada 2c, retiro al tope",costo +1 tick,1273.8032407407406,847.3333333333334,0.0,9.26388888888889,5.0625,3.125,7.833333333333333,6.816722783389451
C24,"Pro: eval 2c / fondeada 2c, retiro al tope",Monte Carlo,1138.7639490021388,634.4499999999999,0.8999999999999999,9.428,4.962,3.117,7.104,6.153229850704851
C24,"Pro: eval 2c / fondeada 3c, retiro apenas se puede",historia,1121.4497705477254,634.0,0.0,13.618055555555555,7.923611111111111,6.145833333333333,7.277777777777778,6.796167605542605
C24,"Pro: eval 2c / fondeada 3c, retiro apenas se puede",costo +1 tick,1184.8549849328067,697.3333333333334,0.0,11.020833333333334,6.027777777777778,4.131944444444445,7.465277777777778,6.927156986531987
C24,"Pro: eval 2c / fondeada 3c, retiro apenas se puede",Monte Carlo,1043.7884034272174,547.8333333333334,1.7999999999999998,11.999,6.192,4.433,6.797,6.083458879111085
C24,"Pro: eval 2c / fondeada 3c, retiro al tope",historia,1121.0821759259259,634.0,0.0,13.61111111111111,7.923611111111111,6.145833333333333,7.270833333333333,6.78922316109816
C24,"Pro: eval 2c / fondeada 3c, retiro al tope",costo +1 tick,1179.054398148148,697.3333333333334,0.0,11.090277777777779,6.069444444444445,4.173611111111111,7.430555555555555,6.9132680976430985
C24,"Pro: eval 2c / fondeada 3c, retiro al tope",Monte Carlo,1045.0891680017949,547.8333333333334,1.7000000000000002,11.892,6.139,4.378,6.75,6.077540031292237
C24,"Pro: eval 3c / fondeada 2c, retiro apenas se puede",historia,1423.4314215982404,1090.9186746533712,0.0,12.26388888888889,4.534722222222222,2.2291666666666665,9.277777777777779,4.298131613756613
C24,"Pro: eval 3c / fondeada 2c, retiro apenas se puede",costo +1 tick,1313.0999753382473,863.6193902969359,0.0,10.770833333333334,4.625,2.4722222222222223,8.708333333333334,4.509702932098765
C24,"Pro: eval 3c / fondeada 2c, retiro apenas se puede",Monte Carlo,1201.078257432747,659.3333333333334,0.8,11.736,5.381,3.404,7.748,3.4794855033855034
C24,"Pro: eval 3c / fondeada 2c, retiro al tope",historia,1467.204861111111,1026.4666666666667,0.0,12.395833333333334,5.041666666666667,2.8194444444444446,9.152777777777779,4.146450617283951
C24,"Pro: eval 3c / fondeada 2c, retiro al tope",costo +1 tick,1336.4699074074074,988.4666666666667,0.0,9.82638888888889,4.4375,2.4097222222222223,8.284722222222221,4.1472360008818345
C24,"Pro: eval 3c / fondeada 2c, retiro al tope",Monte Carlo,1201.9355931107837,659.3333333333334,0.8,11.524,5.325,3.356,7.613,3.47040858030858
C24,"Pro: eval 3c / fondeada 3c, retiro apenas se puede",historia,1335.6290173018422,975.88215675354,0.0,13.07638888888889,5.923611111111111,3.9027777777777777,8.67361111111111,3.844303902116402
C24,"Pro: eval 3c / fondeada 3c, retiro apenas se puede",costo +1 tick,1266.1649251043796,950.482505385081,0.0,11.0,5.305555555555555,3.326388888888889,8.118055555555555,3.990569885361552
C24,"Pro: eval 3c / fondeada 3c, retiro apenas se puede",Monte Carlo,1140.458986595551,582.5222417195638,0.6,14.549,6.608,4.674,7.517,3.454639511378714
C24,"Pro: eval 3c / fondeada 3c, retiro al tope",historia,1336.6655092592594,972.0,0.0,12.29861111111111,5.3125,3.2916666666666665,8.4375,3.933719135802469
C24,"Pro: eval 3c / fondeada 3c, retiro al tope",costo +1 tick,1272.2291666666667,950.4666666666667,0.0,10.375,4.986111111111111,3.0069444444444446,7.965277777777778,3.9662415323873663
C24,"Pro: eval 3c / fondeada 3c, retiro al tope",Monte Carlo,1135.5721666666666,571.1166666666667,0.8,14.492,6.596,4.67,7.441,3.4507084167423563
C24,"Pro: eval 4c / fondeada 2c, retiro apenas se puede",historia,1444.1264591850615,1060.5735898653668,0.0,15.493055555555555,4.861111111111111,2.4930555555555554,9.86111111111111,2.2976521164021166
C24,"Pro: eval 4c / fondeada 2c, retiro apenas se puede",costo +1 tick,1321.0279039248271,875.3066321818034,0.0,14.32638888888889,5.381944444444445,3.263888888888889,8.881944444444445,2.392344075677409
C24,"Pro: eval 4c / fondeada 2c, retiro apenas se puede",Monte Carlo,1225.0312425533612,674.3455447069804,0.4,13.186,5.587,3.543,8.001,2.3798272921522923
C24,"Pro: eval 4c / fondeada 2c, retiro al tope",historia,1466.7916666666667,1125.6499999999999,0.0,14.875,5.368055555555555,3.076388888888889,9.340277777777779,2.2184496252204586
C24,"Pro: eval 4c / fondeada 2c, retiro al tope",costo +1 tick,1298.366898148148,842.2666666666668,0.0,12.402777777777779,4.798611111111111,2.7916666666666665,8.20138888888889,2.2814043209876544
C24,"Pro: eval 4c / fondeada 2c, retiro al tope",Monte Carlo,1224.6120701414427,661.6333333333333,0.4,12.97,5.52,3.485,7.844,2.3660864357864355
C24,"Pro: eval 4c / fondeada 3c, retiro apenas se puede",historia,1348.6000124222703,998.3053718217215,0.0,16.645833333333332,6.604166666666667,4.576388888888889,8.916666666666666,2.217796767275934
C24,"Pro: eval 4c / fondeada 3c, retiro apenas se puede",costo +1 tick,1280.9217430428223,913.7166666666667,0.0,15.29861111111111,5.819444444444445,3.8194444444444446,8.38888888888889,2.5017463824755493
C24,"Pro: eval 4c / fondeada 3c, retiro apenas se puede",Monte Carlo,1120.8175547041258,535.1666666666666,0.8,17.911,7.424,5.469,7.654,2.383161372433522
C24,"Pro: eval 4c / fondeada 3c, retiro al tope",historia,1360.741898148148,1015.0833333333334,0.0,16.27777777777778,6.388888888888889,4.361111111111111,8.895833333333334,2.1823851110309445
C24,"Pro: eval 4c / fondeada 3c, retiro al tope",costo +1 tick,1264.0613425925926,913.7166666666667,0.0,15.11111111111111,5.8125,3.8125,8.229166666666666,2.497811197290364
C24,"Pro: eval 4c / fondeada 3c, retiro al tope",Monte Carlo,1122.0621666666666,545.1333333333333,0.8999999999999999,17.702,7.351,5.397,7.599,2.379520869021759
C24,"Pro: eval 2c con DLL $1.200 / fondeada 2c, retiro al tope",historia,1296.2384259259259,961.3333333333334,0.0,7.986111111111111,5.145833333333333,3.2222222222222223,7.909722222222222,6.736844135802469
C24,"Pro: eval 2c con DLL $1.200 / fondeada 2c, retiro al tope",costo +1 tick,1257.6157407407406,923.3333333333334,0.0,7.951388888888889,4.770833333333333,2.8472222222222223,7.645833333333333,7.33710868606702
C24,"Pro: eval 2c con DLL $1.200 / fondeada 2c, retiro al tope",Monte Carlo,1108.544950030899,611.1666666666666,1.2,9.426,4.837,3.043,6.937,6.339501157176157
C24,"Pro: eval 3c con DLL $1.200 / fondeada 2c, retiro al tope",historia,1286.9780092592594,758.6666666666666,0.0,13.54861111111111,5.902777777777778,3.8194444444444446,8.180555555555555,4.566027086339586
C24,"Pro: eval 3c con DLL $1.200 / fondeada 2c, retiro al tope",costo +1 tick,1243.8969907407406,771.3333333333334,0.0,12.13888888888889,5.368055555555555,3.375,7.875,4.671012455908289
C24,"Pro: eval 3c con DLL $1.200 / fondeada 2c, retiro al tope",Monte Carlo,1118.6603281228383,596.0,1.5,12.394,5.219,3.349,7.204,3.841355153180153
REAL,"Flex: eval 2c / fondeada 2c, retiro a $4k (recomendado hoy)",historia,1350.0232098765432,786.0333333333333,0.0,13.051851851851852,6.851851851851852,4.881481481481481,9.762962962962963,10.0756683234461
REAL,"Flex: eval 2c / fondeada 2c, retiro a $4k (recomendado hoy)",costo +1 tick,1305.239259259259,900.9666666666666,0.0,13.977777777777778,6.185185185185185,4.303703703703704,9.518518518518519,10.422389770723106
REAL,"Flex: eval 2c / fondeada 2c, retiro a $4k (recomendado hoy)",Monte Carlo,1552.8240333333333,776.39,0.6,14.233,6.439,4.126,11.184,9.254333152958152
REAL,Flex: eval 1c / fondeada 2c,historia,1378.4165432098764,965.84,0.0,7.785185185185185,5.45925925925926,3.740740740740741,9.644444444444444,17.181596119929452
REAL,Flex: eval 1c / fondeada 2c,costo +1 tick,1297.5723456790124,724.0866666666667,0.0,7.881481481481481,4.703703703703703,3.066666666666667,9.11111111111111,19.94268077601411
REAL,Flex: eval 1c / fondeada 2c,Monte Carlo,1353.7015999999999,653.5666666666666,1.0,8.304,5.258,3.291,9.51,17.212175000000002
REAL,"Pro: eval 1c / fondeada 2c, retiro apenas se puede",historia,1125.7776489804112,803.7333333333332,0.0,5.651851851851852,3.962962962962963,2.1185185185185187,6.9037037037037035,16.25361552028219
REAL,"Pro: eval 1c / fondeada 2c, retiro apenas se puede",costo +1 tick,1091.6148318540313,774.8834827423096,0.0,5.9185185185185185,3.962962962962963,2.2,6.733333333333333,16.518024691358026
REAL,"Pro: eval 1c / fondeada 2c, retiro apenas se puede",Monte Carlo,1079.0865480778693,583.2508581066131,1.5,6.078,3.895,2.24,6.647,15.79158015873016
REAL,"Pro: eval 1c / fondeada 2c, retiro al tope",historia,1127.9259259259259,798.6666666666666,0.0,5.777777777777778,3.925925925925926,2.1333333333333333,6.7407407407407405,16.557566137566138
REAL,"Pro: eval 1c / fondeada 2c, retiro al tope",costo +1 tick,1088.6024691358025,786.0,0.0,6.162962962962963,4.037037037037037,2.2888888888888888,6.555555555555555,16.56679012345679
REAL,"Pro: eval 1c / fondeada 2c, retiro al tope",Monte Carlo,1084.2718539663317,586.3333333333334,1.4000000000000001,5.961,3.818,2.156,6.547,15.789511507936508
REAL,"Pro: eval 1c / fondeada 3c, retiro apenas se puede",historia,1003.1517761118617,684.6666666666666,0.0,8.014814814814814,5.2444444444444445,3.7111111111111112,6.288888888888889,15.091557907113463
REAL,"Pro: eval 1c / fondeada 3c, retiro apenas se puede",costo +1 tick,1092.120345375744,760.6666666666666,0.0,6.948148148148148,4.496296296296296,2.740740740740741,6.674074074074074,16.45215167548501
REAL,"Pro: eval 1c / fondeada 3c, retiro apenas se puede",Monte Carlo,990.506010158364,397.0666666666668,3.8,6.977,4.496,2.954,6.123,15.54826028138528
REAL,"Pro: eval 1c / fondeada 3c, retiro al tope",historia,1023.7827160493827,684.6666666666666,0.0,7.859259259259259,5.088888888888889,3.5555555555555554,6.288888888888889,15.653868312757202
REAL,"Pro: eval 1c / fondeada 3c, retiro al tope",costo +1 tick,1098.6567901234569,760.6666666666666,0.0,6.948148148148148,4.496296296296296,2.740740740740741,6.674074074074074,16.45215167548501
REAL,"Pro: eval 1c / fondeada 3c, retiro al tope",Monte Carlo,989.935886100324,397.0666666666668,3.8,6.988,4.499,2.961,6.088,15.51143051948052
REAL,"Pro: eval 2c / fondeada 2c, retiro apenas se puede",historia,1229.255261957145,737.755370203654,0.0,11.25925925925926,6.762962962962963,4.777777777777778,8.14074074074074,6.887378979045646
REAL,"Pro: eval 2c / fondeada 2c, retiro apenas se puede",costo +1 tick,1217.0579190082315,834.905370203654,0.0,11.459259259259259,6.859259259259259,5.0,8.2,6.607582438137993
REAL,"Pro: eval 2c / fondeada 2c, retiro apenas se puede",Monte Carlo,1244.8285485963504,710.0,0.4,9.449,4.914,2.944,7.843,6.346393364968365
REAL,"Pro: eval 2c / fondeada 2c, retiro al tope",historia,1179.6894204137354,735.3333333333334,0.0,10.525925925925925,7.051851851851852,5.155555555555556,7.42962962962963,6.325926892038003
REAL,"Pro: eval 2c / fondeada 2c, retiro al tope",costo +1 tick,1136.3197530864197,710.0,0.0,10.97037037037037,6.303703703703704,4.42962962962963,7.185185185185185,6.8311450483672695
REAL,"Pro: eval 2c / fondeada 2c, retiro al tope",Monte Carlo,1245.0595563132604,699.6333333333333,0.4,9.346,4.865,2.9,7.691,6.349457181707181
REAL,"Pro: eval 2c / fondeada 3c, retiro apenas se puede",historia,1254.1241288906851,928.4,0.0,10.703703703703704,6.511111111111111,4.5851851851851855,7.933333333333334,6.288641975308642
REAL,"Pro: eval 2c / fondeada 3c, retiro apenas se puede",costo +1 tick,1158.697252113672,883.3333333333334,0.0,12.837037037037037,7.4,5.562962962962963,7.637037037037037,6.481020132131244
REAL,"Pro: eval 2c / fondeada 3c, retiro apenas se puede",Monte Carlo,1176.145285855786,667.0825425847372,0.8,11.135,5.759,3.861,7.49,6.292219763569764
REAL,"Pro: eval 2c / fondeada 3c, retiro al tope",historia,1268.9839506172839,903.0666666666666,0.0,10.540740740740741,6.518518518518518,4.592592592592593,7.888888888888889,6.291543209876544
REAL,"Pro: eval 2c / fondeada 3c, retiro al tope",costo +1 tick,1180.5802469135804,883.3333333333334,0.0,12.62962962962963,7.4,5.562962962962963,7.62962962962963,6.481020132131244
REAL,"Pro: eval 2c / fondeada 3c, retiro al tope",Monte Carlo,1178.507,659.8333333333334,0.8999999999999999,11.058,5.719,3.825,7.443,6.307449164724165
REAL,"Pro: eval 3c / fondeada 2c, retiro apenas se puede",historia,1529.231020616602,1027.2333333333333,0.0,14.222222222222221,5.474074074074074,3.274074074074074,10.044444444444444,3.8492857142857146
REAL,"Pro: eval 3c / fondeada 2c, retiro apenas se puede",costo +1 tick,1386.673424652241,1023.633152732849,0.0,12.177777777777777,5.192592592592592,3.1259259259259258,9.037037037037036,3.9900440917107582
REAL,"Pro: eval 3c / fondeada 2c, retiro apenas se puede",Monte Carlo,1304.592207947763,722.6666666666666,0.3,11.512,5.318,3.223,8.373,3.841656626706627
REAL,"Pro: eval 3c / fondeada 2c, retiro al tope",historia,1497.2381462002977,1153.6297460556032,0.0,13.103703703703705,5.2518518518518515,3.0444444444444443,9.385185185185184,3.9910111699000583
REAL,"Pro: eval 3c / fondeada 2c, retiro al tope",costo +1 tick,1384.0987654320988,996.8333333333334,0.0,13.185185185185185,5.407407407407407,3.3555555555555556,8.762962962962963,3.941402116402116
REAL,"Pro: eval 3c / fondeada 2c, retiro al tope",Monte Carlo,1305.1126438973424,720.6666666666666,0.3,11.193,5.201,3.114,8.16,3.8400663530913532
REAL,"Pro: eval 3c / fondeada 3c, retiro apenas se puede",historia,1432.2561084510662,1116.1324054718018,0.0,14.88888888888889,5.7555555555555555,3.6148148148148147,9.251851851851852,4.149097589653146
REAL,"Pro: eval 3c / fondeada 3c, retiro apenas se puede",costo +1 tick,1332.8319872659515,951.7333333333332,0.0,14.614814814814816,6.4148148148148145,4.518518518518518,8.755555555555556,4.115232483565817
REAL,"Pro: eval 3c / fondeada 3c, retiro apenas se puede",Monte Carlo,1241.886217401997,658.0666666666667,0.5,14.0,6.468,4.441,8.087,3.7767039157866558
REAL,"Pro: eval 3c / fondeada 3c, retiro al tope",historia,1440.220987654321,1146.3333333333333,0.0,14.785185185185185,5.7481481481481485,3.6074074074074076,9.170370370370371,4.1521840094062314
REAL,"Pro: eval 3c / fondeada 3c, retiro al tope",costo +1 tick,1314.9197530864196,940.2666666666668,0.0,14.37037037037037,6.4148148148148145,4.518518518518518,8.518518518518519,4.115232483565817
REAL,"Pro: eval 3c / fondeada 3c, retiro al tope",Monte Carlo,1243.9306666666666,661.5833333333334,0.5,13.916,6.436,4.408,8.022,3.7773912784240182
REAL,"Pro: eval 4c / fondeada 2c, retiro apenas se puede",historia,1497.9372477891711,1116.6023001988729,0.0,16.733333333333334,6.148148148148148,3.6444444444444444,10.237037037037037,2.705061728395062
REAL,"Pro: eval 4c / fondeada 2c, retiro apenas se puede",costo +1 tick,1406.2520099291387,1039.855706278483,0.0,15.170370370370371,5.807407407407408,3.474074074074074,9.65925925925926,2.7658024691358025
REAL,"Pro: eval 4c / fondeada 2c, retiro apenas se puede",Monte Carlo,1341.7139334282558,746.0,0.1,12.698,5.456,3.303,8.674,2.6127184995559993
REAL,"Pro: eval 4c / fondeada 2c, retiro al tope",historia,1470.2034355446146,1111.3686236445108,0.0,15.488888888888889,5.711111111111111,3.437037037037037,9.377777777777778,2.431278659611993
REAL,"Pro: eval 4c / fondeada 2c, retiro al tope",costo +1 tick,1369.3493827160494,984.1666666666666,0.0,14.459259259259259,5.674074074074074,3.5703703703703704,8.755555555555556,2.416663727219283
REAL,"Pro: eval 4c / fondeada 2c, retiro al tope",Monte Carlo,1344.522419422213,735.3333333333334,0.1,12.419,5.34,3.186,8.473,2.609158527583528
REAL,"Pro: eval 4c / fondeada 3c, retiro apenas se puede",historia,1448.9345901550485,1233.2508877182006,0.0,15.592592592592593,6.148148148148148,3.911111111111111,9.4,2.571284538506761
REAL,"Pro: eval 4c / fondeada 3c, retiro apenas se puede",costo +1 tick,1268.7161721636924,923.3333333333334,0.0,15.881481481481481,6.511111111111111,4.555555555555555,8.422222222222222,2.3168825618825615
REAL,"Pro: eval 4c / fondeada 3c, retiro apenas se puede",Monte Carlo,1286.691522438272,672.0,0.2,15.499,6.579,4.461,8.448,2.5909122239688416
REAL,"Pro: eval 4c / fondeada 3c, retiro al tope",historia,1474.8666666666668,1235.0,0.0,15.8,5.881481481481481,3.651851851851852,9.392592592592592,2.5581628453850676
REAL,"Pro: eval 4c / fondeada 3c, retiro al tope",costo +1 tick,1268.932098765432,922.1333333333333,0.0,15.851851851851851,6.511111111111111,4.555555555555555,8.348148148148148,2.3168825618825615
REAL,"Pro: eval 4c / fondeada 3c, retiro al tope",Monte Carlo,1286.2838333333334,672.0,0.3,15.472,6.563,4.448,8.378,2.5873114616379644
REAL,"Pro: eval 2c con DLL $1.200 / fondeada 2c, retiro al tope",historia,1201.1179078233977,722.6666666666666,0.0,10.748148148148148,6.362962962962963,4.503703703703704,7.57037037037037,6.804355706022373
REAL,"Pro: eval 2c con DLL $1.200 / fondeada 2c, retiro al tope",costo +1 tick,1101.7851851851851,710.0,0.0,10.955555555555556,5.933333333333334,4.103703703703704,6.985185185185185,7.396801346801347
REAL,"Pro: eval 2c con DLL $1.200 / fondeada 2c, retiro al tope",Monte Carlo,1214.783048423608,697.3333333333334,0.5,9.508,4.679,2.747,7.535,6.710342676767677
REAL,"Pro: eval 3c con DLL $1.200 / fondeada 2c, retiro al tope",historia,1206.409180881359,751.0666666666666,0.0,13.822222222222223,6.525925925925926,4.592592592592593,7.82962962962963,4.345513067179734
REAL,"Pro: eval 3c con DLL $1.200 / fondeada 2c, retiro al tope",costo +1 tick,1183.5111111111112,771.3333333333334,0.0,13.933333333333334,6.5851851851851855,4.733333333333333,7.725925925925926,4.815896798674576
REAL,"Pro: eval 3c con DLL $1.200 / fondeada 2c, retiro al tope",Monte Carlo,1244.4190503938992,674.3000000000001,0.7000000000000001,12.022,5.072,3.061,7.879,3.9645750194250193
