ev,W,x,fade,k,R,X,IS_n,IS_pf,IS_avg,C24_n,C24_pf,C24_avg,REAL_n,REAL_pf,REAL_avg
CPI,5,0.0,0,0.15,1.0,929,47,1.032,1.0,32,0.402,-38.9,31,0.366,-44.3
CPI,5,0.0,0,0.15,1.0,1000,47,0.965,-1.3,32,0.564,-28.8,31,0.542,-31.8
CPI,5,0.0,0,0.15,1.0,1100,47,0.989,-0.4,32,0.538,-32.5,31,0.608,-27.2
CPI,5,0.0,0,0.15,1.0,1555,47,0.989,-0.4,32,0.538,-32.5,31,0.608,-27.2
CPI,5,0.0,0,0.15,2.0,929,47,1.232,8.0,32,0.379,-43.9,31,0.376,-46.2
CPI,5,0.0,0,0.15,2.0,1000,47,1.189,8.5,32,0.586,-32.4,31,0.53,-38.8
CPI,5,0.0,0,0.15,2.0,1100,47,1.139,6.4,32,0.497,-43.0,31,0.564,-36.2
CPI,5,0.0,0,0.15,2.0,1555,47,1.127,6.1,32,0.534,-39.6,31,0.54,-40.2
CPI,5,0.0,0,0.15,99.0,929,47,1.323,11.1,32,0.321,-48.5,31,0.317,-51.1
CPI,5,0.0,0,0.15,99.0,1000,47,0.917,-4.5,32,0.406,-50.2,31,0.355,-57.5
CPI,5,0.0,0,0.15,99.0,1100,47,0.711,-17.7,32,0.409,-55.5,31,0.467,-48.9
CPI,5,0.0,0,0.15,99.0,1555,47,0.821,-12.1,32,0.45,-52.8,31,0.452,-54.3
CPI,5,0.0,0,0.3,1.0,929,47,1.812,24.4,32,0.339,-52.4,31,0.328,-56.9
CPI,5,0.0,0,0.3,1.0,1000,47,1.689,31.9,32,0.65,-36.1,31,0.6,-44.1
CPI,5,0.0,0,0.3,1.0,1100,47,1.179,11.6,32,0.659,-40.3,31,0.712,-33.6
CPI,5,0.0,0,0.3,1.0,1555,47,1.194,13.1,32,0.744,-29.4,31,0.734,-31.5
CPI,5,0.0,0,0.3,2.0,929,47,1.827,25.3,32,0.287,-57.0,31,0.278,-61.7
CPI,5,0.0,0,0.3,2.0,1000,47,1.023,1.5,32,0.426,-63.8,31,0.381,-73.3
CPI,5,0.0,0,0.3,2.0,1100,47,0.674,-31.4,32,0.364,-88.2,31,0.402,-82.4
CPI,5,0.0,0,0.3,2.0,1555,47,0.829,-17.7,32,0.433,-88.4,31,0.492,-79.5
CPI,5,0.0,0,0.3,99.0,929,47,1.744,22.7,32,0.287,-57.0,31,0.278,-61.7
CPI,5,0.0,0,0.3,99.0,1000,47,1.058,3.9,32,0.451,-61.1,31,0.404,-70.7
CPI,5,0.0,0,0.3,99.0,1100,47,0.579,-41.8,32,0.382,-85.7,31,0.42,-80.0
CPI,5,0.0,0,0.3,99.0,1555,47,0.807,-21.8,32,0.467,-83.2,31,0.47,-83.1
CPI,5,0.0,1,0.15,1.0,929,47,0.734,-9.5,32,2.195,33.5,31,2.091,32.5
CPI,5,0.0,1,0.15,1.0,1000,47,0.818,-7.1,32,1.595,23.5,31,1.366,17.2
CPI,5,0.0,1,0.15,1.0,1100,47,0.806,-8.0,32,1.679,27.2,31,1.366,17.2
CPI,5,0.0,1,0.15,1.0,1555,47,0.806,-8.0,32,1.679,27.2,31,1.366,17.2
CPI,5,0.0,1,0.15,2.0,929,47,0.537,-20.9,32,2.536,43.0,31,2.474,43.8
CPI,5,0.0,1,0.15,2.0,1000,47,0.565,-23.2,32,1.527,28.2,31,1.338,20.7
CPI,5,0.0,1,0.15,2.0,1100,47,0.737,-14.5,32,1.455,27.1,31,1.247,16.6
CPI,5,0.0,1,0.15,2.0,1555,47,0.737,-14.5,32,1.262,17.5,31,1.2,13.9
CPI,5,0.0,1,0.15,99.0,929,47,0.582,-18.9,32,2.576,44.1,31,2.508,44.9
CPI,5,0.0,1,0.15,99.0,1000,47,0.725,-14.7,32,1.199,11.7,31,1.104,7.0
CPI,5,0.0,1,0.15,99.0,1100,47,0.807,-11.2,32,1.313,21.1,31,1.139,10.4
CPI,5,0.0,1,0.15,99.0,1555,47,0.772,-14.3,32,1.349,26.8,31,1.182,15.4
CPI,5,0.0,1,0.3,1.0,929,47,0.481,-30.0,32,2.655,46.7,31,2.75,51.2
CPI,5,0.0,1,0.3,1.0,1000,47,0.541,-37.3,32,1.441,30.6,31,1.565,38.7
CPI,5,0.0,1,0.3,1.0,1100,47,0.786,-16.9,32,1.436,35.0,31,1.329,28.2
CPI,5,0.0,1,0.3,1.0,1555,47,0.78,-18.4,32,1.273,24.1,31,1.293,26.1
CPI,5,0.0,1,0.3,2.0,929,47,0.521,-27.7,32,2.694,47.8,31,2.947,57.0
CPI,5,0.0,1,0.3,2.0,1000,47,0.734,-21.7,32,1.157,11.1,31,1.59,41.3
CPI,5,0.0,1,0.3,2.0,1100,47,1.038,3.0,32,0.961,-4.0,31,1.113,11.6
CPI,5,0.0,1,0.3,2.0,1555,47,0.895,-10.0,32,1.061,7.0,31,1.3,33.0
CPI,5,0.0,1,0.3,99.0,929,47,0.521,-27.7,32,2.694,47.8,31,3.385,69.8
CPI,5,0.0,1,0.3,99.0,1000,47,0.689,-25.3,32,1.15,10.6,31,1.589,41.3
CPI,5,0.0,1,0.3,99.0,1100,47,1.056,4.4,32,1.067,7.0,31,1.149,16.0
CPI,5,0.0,1,0.3,99.0,1555,47,1.13,12.6,32,1.084,9.8,31,1.246,28.1
CPI,5,0.1,0,0.15,1.0,929,31,1.155,4.9,27,0.414,-37.6,25,0.366,-44.6
CPI,5,0.1,0,0.15,1.0,1000,31,1.18,6.3,27,0.506,-33.2,25,0.502,-35.2
CPI,5,0.1,0,0.15,1.0,1100,31,1.113,4.2,27,0.516,-32.5,25,0.502,-35.2
CPI,5,0.1,0,0.15,1.0,1555,31,1.113,4.2,27,0.516,-32.5,25,0.502,-35.2
CPI,5,0.1,0,0.15,2.0,929,31,1.254,9.6,27,0.407,-42.1,25,0.399,-45.4
CPI,5,0.1,0,0.15,2.0,1000,31,1.197,9.5,27,0.457,-44.3,25,0.411,-51.2
CPI,5,0.1,0,0.15,2.0,1100,31,1.148,7.4,27,0.35,-55.4,25,0.369,-55.2
CPI,5,0.1,0,0.15,2.0,1555,31,1.148,7.4,27,0.393,-51.3,25,0.416,-50.8
CPI,5,0.1,0,0.15,99.0,929,31,1.366,13.8,27,0.338,-47.5,25,0.328,-51.4
CPI,5,0.1,0,0.15,99.0,1000,31,0.967,-1.9,27,0.386,-51.8,25,0.339,-59.4
CPI,5,0.1,0,0.15,99.0,1100,31,0.757,-16.0,27,0.308,-62.5,25,0.333,-62.2
CPI,5,0.1,0,0.15,99.0,1555,31,1.024,1.6,27,0.344,-61.1,25,0.359,-61.8
CPI,5,0.1,0,0.3,1.0,929,31,2.341,37.5,27,0.36,-51.4,25,0.354,-55.0
CPI,5,0.1,0,0.3,1.0,1000,31,1.823,37.9,27,0.487,-62.6,25,0.462,-70.1
CPI,5,0.1,0,0.3,1.0,1100,31,1.144,10.4,27,0.437,-77.1,25,0.467,-74.0
CPI,5,0.1,0,0.3,1.0,1555,31,1.144,10.4,27,0.467,-72.7,25,0.501,-68.9
CPI,5,0.1,0,0.3,2.0,929,31,2.29,37.0,27,0.3,-56.8,25,0.291,-61.1
CPI,5,0.1,0,0.3,2.0,1000,31,0.982,-1.3,27,0.353,-82.4,25,0.323,-92.2
CPI,5,0.1,0,0.3,2.0,1100,31,0.651,-38.8,27,0.265,-111.2,25,0.288,-110.1
CPI,5,0.1,0,0.3,2.0,1555,31,0.692,-35.0,27,0.298,-116.4,25,0.381,-105.5
CPI,5,0.1,0,0.3,99.0,929,31,2.2,34.4,27,0.3,-56.8,25,0.291,-61.1
CPI,5,0.1,0,0.3,99.0,1000,31,1.032,2.3,27,0.378,-79.2,25,0.347,-88.9
CPI,5,0.1,0,0.3,99.0,1100,31,0.596,-46.9,27,0.284,-108.3,25,0.308,-107.1
CPI,5,0.1,0,0.3,99.0,1555,31,0.89,-13.0,27,0.359,-106.3,25,0.38,-105.6
CPI,5,0.1,1,0.15,1.0,929,31,0.643,-15.0,27,2.128,32.2,25,2.356,37.2
CPI,5,0.1,1,0.15,1.0,1000,31,0.648,-16.3,27,1.77,27.9,25,1.795,29.9
CPI,5,0.1,1,0.15,1.0,1100,31,0.694,-14.2,27,1.738,27.2,25,1.795,29.9
CPI,5,0.1,1,0.15,1.0,1555,31,0.694,-14.2,27,1.738,27.2,25,1.795,29.9
CPI,5,0.1,1,0.15,2.0,929,31,0.381,-33.5,27,2.5,42.9,25,2.854,50.8
CPI,5,0.1,1,0.15,2.0,1000,31,0.378,-37.5,27,1.958,47.4,25,1.955,49.5
CPI,5,0.1,1,0.15,2.0,1100,31,0.652,-20.9,27,1.894,47.2,25,1.89,48.8
CPI,5,0.1,1,0.15,2.0,1555,31,0.652,-20.9,27,1.894,47.2,25,1.89,48.8
CPI,5,0.1,1,0.15,99.0,929,31,0.465,-29.0,27,2.546,44.2,25,2.901,52.1
CPI,5,0.1,1,0.15,99.0,1000,31,0.402,-36.1,27,1.499,27.8,25,1.551,32.5
CPI,5,0.1,1,0.15,99.0,1100,31,0.687,-20.0,27,1.645,40.0,25,1.634,41.1
CPI,5,0.1,1,0.15,99.0,1555,31,0.531,-32.3,27,1.901,58.2,25,1.691,50.6
CPI,5,0.1,1,0.3,1.0,929,31,0.376,-43.1,27,2.505,45.7,25,2.568,49.4
CPI,5,0.1,1,0.3,1.0,1000,31,0.503,-43.3,27,1.93,57.1,25,2.04,64.7
CPI,5,0.1,1,0.3,1.0,1100,31,0.817,-15.7,27,2.163,71.7,25,2.029,68.6
CPI,5,0.1,1,0.3,1.0,1555,31,0.817,-15.7,27,2.027,67.4,25,1.892,63.6
CPI,5,0.1,1,0.3,2.0,929,31,0.448,-38.1,27,2.549,47.0,25,2.609,50.7
CPI,5,0.1,1,0.3,2.0,1000,31,0.661,-29.6,27,1.539,34.0,25,1.967,62.1
CPI,5,0.1,1,0.3,2.0,1100,31,1.067,5.8,27,1.286,25.5,25,1.48,42.1
CPI,5,0.1,1,0.3,2.0,1555,31,0.918,-8.0,27,1.478,47.2,25,1.682,66.2
CPI,5,0.1,1,0.3,99.0,929,31,0.448,-38.1,27,2.549,47.0,25,2.609,50.7
CPI,5,0.1,1,0.3,99.0,1000,31,0.581,-36.5,27,1.529,33.4,25,1.81,52.0
CPI,5,0.1,1,0.3,99.0,1100,31,1.143,12.4,27,1.431,38.5,25,1.42,39.3
CPI,5,0.1,1,0.3,99.0,1555,31,1.209,21.1,27,1.511,50.4,25,1.518,53.2
CPI,15,0.0,0,0.15,1.0,929,47,1.827,15.5,32,0.501,-21.4,31,0.387,-28.7
CPI,15,0.0,0,0.15,1.0,1000,47,1.287,8.9,32,0.797,-11.9,31,0.703,-18.8
CPI,15,0.0,0,0.15,1.0,1100,47,1.316,10.0,32,0.837,-9.4,31,0.741,-16.1
CPI,15,0.0,0,0.15,1.0,1555,47,1.316,10.0,32,0.882,-6.8,31,0.787,-13.3
CPI,15,0.0,0,0.15,2.0,929,47,1.837,18.5,32,0.472,-23.6,31,0.424,-27.0
CPI,15,0.0,0,0.15,2.0,1000,47,1.231,10.3,32,0.414,-45.6,31,0.426,-45.2
CPI,15,0.0,0,0.15,2.0,1100,47,1.18,8.2,32,0.439,-46.3,31,0.455,-45.6
CPI,15,0.0,0,0.15,2.0,1555,47,1.177,8.4,32,0.444,-49.6,31,0.454,-49.6
CPI,15,0.0,0,0.15,99.0,929,47,1.791,17.6,32,0.461,-24.1,31,0.412,-27.5
CPI,15,0.0,0,0.15,99.0,1000,47,0.923,-4.0,32,0.478,-40.6,31,0.488,-40.3
CPI,15,0.0,0,0.15,99.0,1100,47,0.969,-1.7,32,0.564,-36.9,31,0.576,-36.4
CPI,15,0.0,0,0.15,99.0,1555,47,1.29,17.4,32,0.705,-26.9,31,0.722,-25.8
CPI,15,0.0,0,0.3,1.0,929,47,1.685,17.4,32,0.329,-42.9,31,0.396,-37.4
CPI,15,0.0,0,0.3,1.0,1000,47,1.023,1.4,32,0.504,-48.8,31,0.597,-38.6
CPI,15,0.0,0,0.3,1.0,1100,47,0.78,-17.6,32,0.516,-60.7,31,0.593,-49.9
CPI,15,0.0,0,0.3,1.0,1555,47,0.766,-19.6,32,0.502,-67.4,31,0.573,-56.4
CPI,15,0.0,0,0.3,2.0,929,47,1.774,19.7,32,0.322,-43.4,31,0.464,-33.2
CPI,15,0.0,0,0.3,2.0,1000,47,0.895,-7.5,32,0.482,-50.9,31,0.618,-36.6
CPI,15,0.0,0,0.3,2.0,1100,47,0.689,-29.7,32,0.472,-70.2,31,0.582,-54.6
CPI,15,0.0,0,0.3,2.0,1555,47,0.77,-23.9,32,0.569,-64.7,31,0.675,-47.9
CPI,15,0.0,0,0.3,99.0,929,47,1.644,16.4,32,0.322,-43.4,31,0.662,-20.9
CPI,15,0.0,0,0.3,99.0,1000,47,0.765,-17.7,32,0.5,-49.2,31,0.714,-27.4
CPI,15,0.0,0,0.3,99.0,1100,47,0.629,-36.6,32,0.474,-69.9,31,0.629,-48.5
CPI,15,0.0,0,0.3,99.0,1555,47,0.802,-21.8,32,0.565,-65.3,31,0.704,-43.6
CPI,15,0.0,1,0.15,1.0,929,47,0.438,-21.0,32,1.666,15.8,31,1.808,18.3
CPI,15,0.0,1,0.15,1.0,1000,47,0.638,-15.8,32,1.135,6.6,31,1.177,8.7
CPI,15,0.0,1,0.15,1.0,1100,47,0.63,-16.9,32,1.08,4.1,31,1.119,6.0
CPI,15,0.0,1,0.15,1.0,1555,47,0.63,-16.9,32,1.028,1.5,31,1.059,3.2
CPI,15,0.0,1,0.15,2.0,929,47,0.502,-19.5,32,2.424,33.8,31,2.581,35.8
CPI,15,0.0,1,0.15,2.0,1000,47,0.747,-12.1,32,1.285,17.3,31,1.321,19.7
CPI,15,0.0,1,0.15,2.0,1100,47,0.921,-4.1,32,1.408,25.5,31,1.449,28.4
CPI,15,0.0,1,0.15,2.0,1555,47,0.926,-3.8,32,1.352,22.9,31,1.386,25.5
CPI,15,0.0,1,0.15,99.0,929,47,0.494,-19.8,32,2.249,29.6,31,2.393,31.6
CPI,15,0.0,1,0.15,99.0,1000,47,1.003,0.2,32,0.926,-5.0,31,1.154,10.4
CPI,15,0.0,1,0.15,99.0,1100,47,1.152,7.8,32,0.946,-4.0,31,0.925,-5.6
CPI,15,0.0,1,0.15,99.0,1555,47,1.011,0.7,32,1.088,6.8,31,1.106,8.4
CPI,15,0.0,1,0.3,1.0,929,47,0.494,-23.0,32,2.602,37.2,31,2.185,31.7
CPI,15,0.0,1,0.3,1.0,1000,47,0.896,-6.8,32,1.843,43.2,31,1.558,33.1
CPI,15,0.0,1,0.3,1.0,1100,47,1.109,7.3,32,1.834,55.3,31,1.567,43.1
CPI,15,0.0,1,0.3,1.0,1555,47,1.137,9.5,32,1.89,62.0,31,1.657,51.0
CPI,15,0.0,1,0.3,2.0,929,47,0.488,-23.3,32,2.423,33.1,31,2.026,27.5
CPI,15,0.0,1,0.3,2.0,1000,47,1.029,2.0,32,1.573,30.7,31,1.598,36.5
CPI,15,0.0,1,0.3,2.0,1100,47,1.505,34.0,32,1.346,29.8,31,1.268,24.8
CPI,15,0.0,1,0.3,2.0,1555,47,1.345,28.3,32,1.405,35.8,31,1.339,31.5
CPI,15,0.0,1,0.3,99.0,929,47,0.488,-23.3,32,2.423,33.1,31,2.026,27.5
CPI,15,0.0,1,0.3,99.0,1000,47,1.041,2.7,32,1.438,23.5,31,1.48,29.3
CPI,15,0.0,1,0.3,99.0,1100,47,1.384,25.9,32,1.166,15.0,31,1.056,5.4
CPI,15,0.0,1,0.3,99.0,1555,47,1.344,32.0,32,1.145,14.2,31,1.081,8.4
CPI,15,0.1,0,0.15,1.0,929,32,2.432,24.3,24,0.379,-30.1,24,0.309,-35.8
CPI,15,0.1,0,0.15,1.0,1000,32,2.004,24.2,24,0.574,-27.1,24,0.513,-32.7
CPI,15,0.1,0,0.15,1.0,1100,32,1.853,22.2,24,0.574,-27.1,24,0.513,-32.7
CPI,15,0.1,0,0.15,1.0,1555,32,1.853,22.2,24,0.574,-27.1,24,0.513,-32.7
CPI,15,0.1,0,0.15,2.0,929,32,2.2,26.3,24,0.351,-33.1,24,0.351,-33.6
CPI,15,0.1,0,0.15,2.0,1000,32,1.381,16.7,24,0.239,-64.3,24,0.237,-65.5
CPI,15,0.1,0,0.15,2.0,1100,32,1.322,14.8,24,0.181,-73.3,24,0.179,-74.4
CPI,15,0.1,0,0.15,2.0,1555,32,1.322,14.8,24,0.231,-68.7,24,0.229,-69.8
CPI,15,0.1,0,0.15,99.0,929,32,2.135,25.0,24,0.339,-33.7,24,0.338,-34.4
CPI,15,0.1,0,0.15,99.0,1000,32,0.998,-0.1,24,0.319,-57.6,24,0.31,-59.2
CPI,15,0.1,0,0.15,99.0,1100,32,1.011,0.7,24,0.249,-69.1,24,0.243,-70.6
CPI,15,0.1,0,0.15,99.0,1555,32,1.414,25.8,24,0.399,-55.2,24,0.39,-56.9
CPI,15,0.1,0,0.3,1.0,929,32,2.407,30.0,24,0.252,-53.2,24,0.26,-52.0
CPI,15,0.1,0,0.3,1.0,1000,32,1.037,2.4,24,0.427,-58.2,24,0.444,-56.2
CPI,15,0.1,0,0.3,1.0,1100,32,0.771,-19.5,24,0.41,-77.7,24,0.409,-79.2
CPI,15,0.1,0,0.3,1.0,1555,32,0.771,-19.5,24,0.428,-77.9,24,0.426,-80.0
CPI,15,0.1,0,0.3,2.0,929,32,2.338,28.6,24,0.243,-53.9,24,0.249,-52.7
CPI,15,0.1,0,0.3,2.0,1000,32,0.777,-17.8,24,0.398,-61.1,24,0.408,-59.8
CPI,15,0.1,0,0.3,2.0,1100,32,0.584,-44.8,24,0.304,-98.7,24,0.312,-99.5
CPI,15,0.1,0,0.3,2.0,1555,32,0.562,-50.0,24,0.316,-106.8,24,0.322,-107.9
CPI,15,0.1,0,0.3,99.0,929,32,2.338,28.6,24,0.243,-53.9,24,0.249,-52.7
CPI,15,0.1,0,0.3,99.0,1000,32,0.767,-18.6,24,0.422,-58.8,24,0.429,-57.7
CPI,15,0.1,0,0.3,99.0,1100,32,0.62,-41.0,24,0.307,-98.3,24,0.311,-99.6
CPI,15,0.1,0,0.3,99.0,1555,32,0.765,-27.8,24,0.41,-92.1,24,0.41,-93.9
CPI,15,0.1,1,0.15,1.0,929,32,0.332,-29.8,24,2.214,24.6,24,2.708,30.3
CPI,15,0.1,1,0.15,1.0,1000,32,0.43,-29.5,24,1.562,21.8,24,1.753,27.4
CPI,15,0.1,1,0.15,1.0,1100,32,0.468,-27.5,24,1.562,21.8,24,1.753,27.4
CPI,15,0.1,1,0.15,1.0,1555,32,0.468,-27.5,24,1.562,21.8,24,1.753,27.4
CPI,15,0.1,1,0.15,2.0,929,32,0.303,-32.9,24,3.123,42.9,24,3.735,48.5
CPI,15,0.1,1,0.15,2.0,1000,32,0.505,-27.2,24,1.476,25.8,24,1.605,31.7
CPI,15,0.1,1,0.15,2.0,1100,32,0.678,-18.5,24,1.688,37.2,24,1.885,46.3
CPI,15,0.1,1,0.15,2.0,1555,32,0.678,-18.5,24,1.688,37.2,24,1.885,46.3
CPI,15,0.1,1,0.15,99.0,929,32,0.339,-31.2,24,3.036,41.2,24,3.638,46.8
CPI,15,0.1,1,0.15,99.0,1000,32,0.557,-24.4,24,0.981,-1.2,24,1.37,22.3
CPI,15,0.1,1,0.15,99.0,1100,32,1.022,1.3,24,1.147,10.1,24,1.208,13.9
CPI,15,0.1,1,0.15,99.0,1555,32,0.864,-8.8,24,1.417,29.5,24,1.572,39.5
CPI,15,0.1,1,0.3,1.0,929,32,0.342,-35.6,24,3.427,47.5,24,3.317,46.3
CPI,15,0.1,1,0.3,1.0,1000,32,0.888,-7.8,24,2.166,52.7,24,2.086,50.7
CPI,15,0.1,1,0.3,1.0,1100,32,1.098,7.0,24,2.301,72.3,24,2.307,73.9
CPI,15,0.1,1,0.3,1.0,1555,32,1.098,7.0,24,2.206,72.6,24,2.221,74.6
CPI,15,0.1,1,0.3,2.0,929,32,0.373,-33.9,24,3.338,45.8,24,3.231,44.5
CPI,15,0.1,1,0.3,2.0,1000,32,0.947,-3.7,24,1.802,38.8,24,2.176,57.7
CPI,15,0.1,1,0.3,2.0,1100,32,1.612,43.9,24,1.616,50.5,24,1.793,61.7
CPI,15,0.1,1,0.3,2.0,1555,32,1.492,39.9,24,1.602,51.2,24,1.798,64.8
CPI,15,0.1,1,0.3,99.0,929,32,0.373,-33.9,24,3.338,45.8,24,3.231,44.5
CPI,15,0.1,1,0.3,99.0,1000,32,0.875,-8.9,24,1.604,29.2,24,1.988,48.5
CPI,15,0.1,1,0.3,99.0,1100,32,1.51,36.5,24,1.35,30.8,24,1.438,36.8
CPI,15,0.1,1,0.3,99.0,1555,32,1.495,46.1,24,1.229,22.5,24,1.37,34.9
CPI,30,0.0,0,0.15,1.0,929,47,0.766,-6.0,32,0.877,-3.5,31,0.961,-1.1
CPI,30,0.0,0,0.15,1.0,1000,47,1.092,3.2,32,0.721,-15.4,31,0.724,-15.7
CPI,30,0.0,0,0.15,1.0,1100,47,1.008,0.3,32,0.604,-25.9,31,0.647,-23.5
CPI,30,0.0,0,0.15,1.0,1555,47,1.008,0.3,32,0.568,-30.1,31,0.682,-21.2
CPI,30,0.0,0,0.15,2.0,929,47,0.674,-8.5,32,0.767,-7.2,31,0.843,-4.7
CPI,30,0.0,0,0.15,2.0,1000,47,0.825,-8.6,32,0.615,-25.6,31,0.624,-25.7
CPI,30,0.0,0,0.15,2.0,1100,47,0.752,-13.2,32,0.542,-36.8,31,0.581,-34.6
CPI,30,0.0,0,0.15,2.0,1555,47,0.784,-11.7,32,0.583,-35.3,31,0.59,-35.8
CPI,30,0.0,0,0.15,99.0,929,47,0.653,-9.1,32,0.767,-7.2,31,0.843,-4.7
CPI,30,0.0,0,0.15,99.0,1000,47,0.66,-17.7,32,0.646,-23.6,31,0.646,-24.3
CPI,30,0.0,0,0.15,99.0,1100,47,0.534,-27.9,32,0.51,-40.5,31,0.542,-38.7
CPI,30,0.0,0,0.15,99.0,1555,47,0.737,-16.4,32,0.633,-33.8,31,0.641,-34.1
CPI,30,0.0,0,0.3,1.0,929,47,0.575,-13.9,32,0.744,-8.1,31,0.916,-2.3
CPI,30,0.0,0,0.3,1.0,1000,47,0.715,-19.6,32,0.561,-41.9,31,0.592,-39.0
CPI,30,0.0,0,0.3,1.0,1100,47,0.637,-31.2,32,0.557,-54.2,31,0.606,-47.9
CPI,30,0.0,0,0.3,1.0,1555,47,0.577,-39.5,32,0.617,-48.6,31,0.606,-51.8
CPI,30,0.0,0,0.3,2.0,929,47,0.557,-14.4,32,0.744,-8.1,31,0.916,-2.3
CPI,30,0.0,0,0.3,2.0,1000,47,0.587,-30.7,32,0.568,-41.4,31,0.593,-39.0
CPI,30,0.0,0,0.3,2.0,1100,47,0.519,-46.6,32,0.67,-41.6,31,0.73,-33.8
CPI,30,0.0,0,0.3,2.0,1555,47,0.599,-43.7,32,0.888,-14.7,31,0.885,-15.5
CPI,30,0.0,0,0.3,99.0,929,47,0.557,-14.4,32,0.744,-8.1,31,0.916,-2.3
CPI,30,0.0,0,0.3,99.0,1000,47,0.597,-30.0,32,0.585,-39.7,31,0.609,-37.5
CPI,30,0.0,0,0.3,99.0,1100,47,0.483,-50.1,32,0.525,-60.0,31,0.574,-53.4
CPI,30,0.0,0,0.3,99.0,1555,47,0.651,-38.1,32,0.649,-49.7,31,0.644,-52.2
CPI,30,0.0,1,0.15,1.0,929,47,1.015,0.3,32,0.92,-2.2,31,0.846,-4.5
CPI,30,0.0,1,0.15,1.0,1000,47,0.789,-8.5,32,1.241,10.1,31,1.239,10.3
CPI,30,0.0,1,0.15,1.0,1100,47,0.86,-5.6,32,1.499,20.6,31,1.402,18.2
CPI,30,0.0,1,0.15,1.0,1555,47,0.86,-5.6,32,1.601,24.8,31,1.334,15.9
CPI,30,0.0,1,0.15,2.0,929,47,1.227,5.3,32,0.96,-1.1,31,0.762,-7.0
CPI,30,0.0,1,0.15,2.0,1000,47,0.75,-12.2,32,1.387,20.2,31,1.355,19.0
CPI,30,0.0,1,0.15,2.0,1100,47,0.927,-3.8,32,1.687,38.2,31,1.534,32.1
CPI,30,0.0,1,0.15,2.0,1555,47,0.927,-3.8,32,1.567,34.0,31,1.52,32.4
CPI,30,0.0,1,0.15,99.0,929,47,1.196,4.6,32,1.003,0.1,31,0.762,-7.0
CPI,30,0.0,1,0.15,99.0,1000,47,0.949,-2.5,32,0.82,-10.3,31,1.035,2.0
CPI,30,0.0,1,0.15,99.0,1100,47,1.206,10.8,32,1.151,10.1,31,1.07,4.9
CPI,30,0.0,1,0.15,99.0,1555,47,1.05,3.0,32,0.831,-14.9,31,0.857,-12.7
CPI,30,0.0,1,0.3,1.0,929,47,1.379,8.1,32,1.089,2.3,31,0.875,-3.5
CPI,30,0.0,1,0.3,1.0,1000,47,1.274,14.1,32,1.653,36.4,31,1.571,33.4
CPI,30,0.0,1,0.3,1.0,1100,47,1.453,25.8,32,1.696,48.8,31,1.561,42.5
CPI,30,0.0,1,0.3,1.0,1555,47,1.61,34.2,32,1.538,43.2,31,1.571,46.5
CPI,30,0.0,1,0.3,2.0,929,47,1.346,7.4,32,1.134,3.5,31,0.875,-3.5
CPI,30,0.0,1,0.3,2.0,1000,47,1.239,13.3,32,1.256,14.5,31,1.363,21.3
CPI,30,0.0,1,0.3,2.0,1100,47,1.589,37.3,32,1.364,31.3,31,1.104,9.6
CPI,30,0.0,1,0.3,2.0,1555,47,1.486,38.1,32,1.277,28.1,31,1.099,10.7
CPI,30,0.0,1,0.3,99.0,929,47,1.346,7.4,32,1.134,3.5,31,0.875,-3.5
CPI,30,0.0,1,0.3,99.0,1000,47,1.253,14.0,32,1.173,9.8,31,1.363,21.3
CPI,30,0.0,1,0.3,99.0,1100,47,1.63,40.0,32,1.295,26.5,31,1.245,22.6
CPI,30,0.0,1,0.3,99.0,1555,47,1.492,42.5,32,0.811,-22.2,31,0.875,-14.4
CPI,30,0.1,0,0.15,1.0,929,39,0.896,-2.7,23,0.548,-15.8,22,0.577,-14.8
CPI,30,0.1,0,0.15,1.0,1000,39,1.239,7.7,23,0.567,-25.9,22,0.574,-26.2
CPI,30,0.1,0,0.15,1.0,1100,39,1.118,4.2,23,0.493,-34.3,22,0.499,-35.0
CPI,30,0.1,0,0.15,1.0,1555,39,1.118,4.2,23,0.493,-34.3,22,0.499,-35.0
CPI,30,0.1,0,0.15,2.0,929,39,0.783,-5.8,23,0.481,-19.8,22,0.508,-18.7
CPI,30,0.1,0,0.15,2.0,1000,39,0.887,-5.6,23,0.454,-38.5,22,0.464,-39.0
CPI,30,0.1,0,0.15,2.0,1100,39,0.809,-10.4,23,0.322,-57.1,22,0.328,-58.6
CPI,30,0.1,0,0.15,2.0,1555,39,0.84,-8.7,23,0.416,-49.1,22,0.425,-50.2
CPI,30,0.1,0,0.15,99.0,929,39,0.758,-6.5,23,0.481,-19.8,22,0.508,-18.7
CPI,30,0.1,0,0.15,99.0,1000,39,0.717,-15.2,23,0.496,-35.8,22,0.494,-37.0
CPI,30,0.1,0,0.15,99.0,1100,39,0.615,-23.2,23,0.202,-69.4,22,0.198,-72.3
CPI,30,0.1,0,0.15,99.0,1555,39,0.838,-10.1,23,0.306,-65.6,22,0.305,-68.3
CPI,30,0.1,0,0.3,1.0,929,39,0.645,-12.2,23,0.434,-23.9,22,0.514,-18.3
CPI,30,0.1,0,0.3,1.0,1000,39,0.752,-18.0,23,0.488,-51.8,22,0.523,-48.1
CPI,30,0.1,0,0.3,1.0,1100,39,0.594,-38.0,23,0.446,-71.8,22,0.461,-71.1
CPI,30,0.1,0,0.3,1.0,1555,39,0.61,-36.7,23,0.485,-69.9,22,0.499,-69.6
CPI,30,0.1,0,0.3,2.0,929,39,0.625,-12.9,23,0.434,-23.9,22,0.514,-18.3
CPI,30,0.1,0,0.3,2.0,1000,39,0.623,-30.0,23,0.497,-51.1,22,0.525,-48.1
CPI,30,0.1,0,0.3,2.0,1100,39,0.46,-57.7,23,0.544,-61.6,22,0.571,-59.1
CPI,30,0.1,0,0.3,2.0,1555,39,0.56,-49.7,23,0.606,-55.6,22,0.634,-53.0
CPI,30,0.1,0,0.3,99.0,929,39,0.625,-12.9,23,0.434,-23.9,22,0.514,-18.3
CPI,30,0.1,0,0.3,99.0,1000,39,0.635,-29.1,23,0.52,-48.8,22,0.546,-46.0
CPI,30,0.1,0,0.3,99.0,1100,39,0.42,-62.0,23,0.355,-87.2,22,0.371,-86.7
CPI,30,0.1,0,0.3,99.0,1555,39,0.682,-35.9,23,0.43,-89.0,22,0.444,-89.3
CPI,30,0.1,1,0.15,1.0,929,39,0.889,-2.9,23,1.47,10.0,22,1.408,9.2
CPI,30,0.1,1,0.15,1.0,1000,39,0.697,-13.0,23,1.571,20.6,22,1.556,20.9
CPI,30,0.1,1,0.15,1.0,1100,39,0.778,-9.5,23,1.823,29.0,22,1.808,29.7
CPI,30,0.1,1,0.15,1.0,1555,39,0.778,-9.5,23,1.823,29.0,22,1.808,29.7
CPI,30,0.1,1,0.15,2.0,929,39,1.114,3.1,23,1.674,14.4,22,1.385,8.7
CPI,30,0.1,1,0.15,2.0,1000,39,0.661,-17.8,23,1.606,29.9,22,1.554,28.5
CPI,30,0.1,1,0.15,2.0,1100,39,0.942,-3.0,23,1.938,48.6,22,1.881,47.6
CPI,30,0.1,1,0.15,2.0,1555,39,0.942,-3.0,23,1.938,48.6,22,1.881,47.6
CPI,30,0.1,1,0.15,99.0,929,39,1.082,2.3,23,1.75,16.0,22,1.385,8.7
CPI,30,0.1,1,0.15,99.0,1000,39,0.863,-7.2,23,0.904,-5.4,22,1.2,11.5
CPI,30,0.1,1,0.15,99.0,1100,39,1.252,13.4,23,1.1,6.5,22,1.078,5.0
CPI,30,0.1,1,0.15,99.0,1555,39,0.874,-7.9,23,0.702,-24.4,22,0.734,-21.8
CPI,30,0.1,1,0.3,1.0,929,39,1.258,6.5,23,1.889,18.1,22,1.58,12.5
CPI,30,0.1,1,0.3,1.0,1000,39,1.22,12.5,23,1.904,46.3,22,1.776,42.5
CPI,30,0.1,1,0.3,1.0,1100,39,1.566,32.7,23,2.114,66.5,22,2.045,65.7
CPI,30,0.1,1,0.3,1.0,1555,39,1.529,31.4,23,1.956,64.6,22,1.902,64.3
CPI,30,0.1,1,0.3,2.0,929,39,1.224,5.6,23,1.97,19.7,22,1.58,12.5
CPI,30,0.1,1,0.3,2.0,1000,39,1.169,10.5,23,1.444,23.4,22,1.594,32.6
CPI,30,0.1,1,0.3,2.0,1100,39,1.722,47.4,23,1.626,47.2,22,1.302,24.0
CPI,30,0.1,1,0.3,2.0,1555,39,1.329,28.4,23,1.602,53.9,22,1.241,24.4
CPI,30,0.1,1,0.3,99.0,929,39,1.224,5.6,23,1.97,19.7,22,1.58,12.5
CPI,30,0.1,1,0.3,99.0,1000,39,1.184,11.4,23,1.32,16.8,22,1.594,32.6
CPI,30,0.1,1,0.3,99.0,1100,39,1.742,48.7,23,1.26,21.0,22,1.268,21.4
CPI,30,0.1,1,0.3,99.0,1555,39,1.288,27.7,23,0.86,-14.2,22,0.904,-9.8
NFP,5,0.0,0,0.15,1.0,929,46,0.781,-7.6,32,0.761,-13.2,32,0.75,-14.3
NFP,5,0.0,0,0.15,1.0,1000,46,0.866,-5.2,32,0.841,-9.0,32,0.836,-9.5
NFP,5,0.0,0,0.15,1.0,1100,46,0.786,-8.9,32,0.841,-9.0,32,0.836,-9.5
NFP,5,0.0,0,0.15,1.0,1555,46,0.786,-8.9,32,0.841,-9.0,32,0.836,-9.5
NFP,5,0.0,0,0.15,2.0,929,46,0.834,-6.4,32,0.695,-18.2,32,0.641,-22.3
NFP,5,0.0,0,0.15,2.0,1000,46,0.846,-7.6,32,0.804,-13.4,32,0.759,-16.9
NFP,5,0.0,0,0.15,2.0,1100,46,0.692,-16.7,32,0.759,-18.1,32,0.718,-21.6
NFP,5,0.0,0,0.15,2.0,1555,46,0.701,-16.6,32,0.808,-14.3,32,0.77,-17.6
NFP,5,0.0,0,0.15,99.0,929,46,0.544,-18.6,32,0.583,-25.8,32,0.621,-23.5
NFP,5,0.0,0,0.15,99.0,1000,46,0.494,-29.4,32,0.481,-40.0,32,0.504,-38.0
NFP,5,0.0,0,0.15,99.0,1100,46,0.349,-40.8,32,0.312,-60.3,32,0.332,-58.3
NFP,5,0.0,0,0.15,99.0,1555,46,0.444,-38.4,32,0.397,-54.2,32,0.423,-51.7
NFP,5,0.0,0,0.3,1.0,929,46,0.677,-16.1,32,0.556,-35.3,32,0.541,-36.3
NFP,5,0.0,0,0.3,1.0,1000,46,0.694,-23.3,32,0.966,-3.0,32,0.936,-5.7
NFP,5,0.0,0,0.3,1.0,1100,46,0.604,-32.7,32,0.907,-9.2,32,0.795,-23.0
NFP,5,0.0,0,0.3,1.0,1555,46,0.589,-37.0,32,0.962,-3.9,32,0.797,-23.6
NFP,5,0.0,0,0.3,2.0,929,46,0.458,-28.5,32,0.477,-42.7,32,0.525,-37.5
NFP,5,0.0,0,0.3,2.0,1000,46,0.504,-44.6,32,0.779,-22.2,32,0.811,-18.5
NFP,5,0.0,0,0.3,2.0,1100,46,0.396,-59.6,32,0.709,-35.0,32,0.671,-42.2
NFP,5,0.0,0,0.3,2.0,1555,46,0.473,-57.4,32,0.881,-14.7,32,0.805,-26.1
NFP,5,0.0,0,0.3,99.0,929,46,0.458,-28.5,32,0.477,-42.7,32,0.525,-37.5
NFP,5,0.0,0,0.3,99.0,1000,46,0.426,-53.3,32,0.803,-19.8,32,0.834,-16.2
NFP,5,0.0,0,0.3,99.0,1100,46,0.314,-69.7,32,0.705,-35.5,32,0.67,-42.3
NFP,5,0.0,0,0.3,99.0,1555,46,0.438,-64.4,32,1.339,42.0,32,1.221,29.6
NFP,5,0.0,1,0.15,1.0,929,46,1.095,2.8,32,1.177,7.9,32,1.197,9.0
NFP,5,0.0,1,0.15,1.0,1000,46,1.014,0.5,32,1.074,3.7,32,1.082,4.1
NFP,5,0.0,1,0.15,1.0,1100,46,1.119,4.2,32,1.074,3.7,32,1.082,4.1
NFP,5,0.0,1,0.15,1.0,1555,46,1.119,4.2,32,1.074,3.7,32,1.082,4.1
NFP,5,0.0,1,0.15,2.0,929,46,1.28,9.2,32,1.461,22.4,32,1.445,22.1
NFP,5,0.0,1,0.15,2.0,1000,46,1.172,7.6,32,1.037,2.6,32,1.041,2.9
NFP,5,0.0,1,0.15,2.0,1100,46,1.24,10.5,32,1.037,2.6,32,1.041,2.9
NFP,5,0.0,1,0.15,2.0,1555,46,1.309,14.1,32,1.037,2.6,32,1.041,2.9
NFP,5,0.0,1,0.15,99.0,929,46,1.413,13.8,32,1.35,17.0,32,1.336,16.7
NFP,5,0.0,1,0.15,99.0,1000,46,1.122,5.8,32,0.271,-60.2,32,0.273,-60.5
NFP,5,0.0,1,0.15,99.0,1100,46,1.536,26.1,32,0.633,-33.4,32,0.64,-33.1
NFP,5,0.0,1,0.15,99.0,1555,46,1.466,27.2,32,0.871,-12.6,32,0.886,-11.2
NFP,5,0.0,1,0.3,1.0,929,46,1.287,10.5,32,1.634,29.7,32,1.489,24.3
NFP,5,0.0,1,0.3,1.0,1000,46,1.321,17.9,32,0.973,-2.4,32,0.936,-5.7
NFP,5,0.0,1,0.3,1.0,1100,46,1.521,27.3,32,1.041,3.9,32,1.095,9.1
NFP,5,0.0,1,0.3,1.0,1555,46,1.571,31.7,32,0.986,-1.4,32,1.098,9.8
NFP,5,0.0,1,0.3,2.0,929,46,1.394,14.6,32,1.547,25.7,32,1.38,18.9
NFP,5,0.0,1,0.3,2.0,1000,46,1.33,20.6,32,0.403,-60.5,32,0.334,-68.6
NFP,5,0.0,1,0.3,2.0,1100,46,1.48,31.0,32,0.82,-22.6,32,0.757,-31.3
NFP,5,0.0,1,0.3,2.0,1555,46,1.4,31.7,32,0.83,-23.5,32,0.775,-31.5
NFP,5,0.0,1,0.3,99.0,929,46,1.394,14.6,32,1.547,25.7,32,1.38,18.9
NFP,5,0.0,1,0.3,99.0,1000,46,1.104,6.5,32,0.413,-59.5,32,0.334,-68.6
NFP,5,0.0,1,0.3,99.0,1100,46,1.238,15.9,32,0.863,-17.2,32,0.755,-31.5
NFP,5,0.0,1,0.3,99.0,1555,46,1.339,29.2,32,1.288,41.1,32,1.241,34.9
NFP,5,0.1,0,0.15,1.0,929,28,0.532,-19.4,26,0.847,-8.5,25,0.952,-2.6
NFP,5,0.1,0,0.15,1.0,1000,28,0.611,-17.7,26,0.911,-4.9,25,1.015,0.8
NFP,5,0.1,0,0.15,1.0,1100,28,0.611,-17.7,26,0.911,-4.9,25,1.015,0.8
NFP,5,0.1,0,0.15,1.0,1555,28,0.611,-17.7,26,0.911,-4.9,25,1.015,0.8
NFP,5,0.1,0,0.15,2.0,929,28,0.666,-14.8,26,0.68,-19.5,25,0.791,-12.8
NFP,5,0.1,0,0.15,2.0,1000,28,0.704,-15.4,26,0.778,-15.6,25,0.867,-9.5
NFP,5,0.1,0,0.15,2.0,1100,28,0.561,-24.2,26,0.702,-23.2,25,0.778,-17.7
NFP,5,0.1,0,0.15,2.0,1555,28,0.58,-24.1,26,0.761,-18.6,25,0.843,-12.5
NFP,5,0.1,0,0.15,99.0,929,28,0.457,-25.4,26,0.535,-29.6,25,0.765,-14.4
NFP,5,0.1,0,0.15,99.0,1000,28,0.472,-31.8,26,0.443,-45.0,25,0.542,-36.5
NFP,5,0.1,0,0.15,99.0,1100,28,0.361,-40.6,26,0.36,-56.8,25,0.351,-60.6
NFP,5,0.1,0,0.15,99.0,1555,28,0.426,-40.4,26,0.365,-58.2,25,0.363,-61.3
NFP,5,0.1,0,0.3,1.0,929,28,0.518,-29.3,26,0.514,-42.3,25,0.613,-32.8
NFP,5,0.1,0,0.3,1.0,1000,28,0.615,-31.2,26,0.72,-28.4,25,0.749,-26.2
NFP,5,0.1,0,0.3,1.0,1100,28,0.534,-40.7,26,0.67,-37.9,25,0.581,-56.5
NFP,5,0.1,0,0.3,1.0,1555,28,0.516,-46.1,26,0.734,-31.3,25,0.593,-57.4
NFP,5,0.1,0,0.3,2.0,929,28,0.368,-40.0,26,0.418,-52.2,25,0.594,-34.4
NFP,5,0.1,0,0.3,2.0,1000,28,0.383,-60.0,26,0.552,-51.9,25,0.596,-47.3
NFP,5,0.1,0,0.3,2.0,1100,28,0.304,-74.8,26,0.508,-66.8,25,0.397,-93.7
NFP,5,0.1,0,0.3,2.0,1555,28,0.402,-69.3,26,0.501,-72.2,25,0.492,-82.8
NFP,5,0.1,0,0.3,99.0,929,28,0.368,-40.0,26,0.418,-52.2,25,0.594,-34.4
NFP,5,0.1,0,0.3,99.0,1000,28,0.395,-58.8,26,0.578,-49.0,25,0.621,-44.4
NFP,5,0.1,0,0.3,99.0,1100,28,0.279,-77.5,26,0.495,-68.5,25,0.389,-94.9
NFP,5,0.1,0,0.3,99.0,1555,28,0.38,-74.6,26,0.876,-17.9,25,0.83,-27.7
NFP,5,0.1,1,0.15,1.0,929,28,1.623,15.0,26,1.063,3.1,25,0.95,-2.7
NFP,5,0.1,1,0.15,1.0,1000,28,1.447,13.5,26,0.993,-0.4,25,0.896,-6.1
NFP,5,0.1,1,0.15,1.0,1100,28,1.447,13.5,26,0.993,-0.4,25,0.896,-6.1
NFP,5,0.1,1,0.15,1.0,1555,28,1.447,13.5,26,0.993,-0.4,25,0.896,-6.1
NFP,5,0.1,1,0.15,2.0,929,28,2.004,27.3,26,1.419,22.9,25,1.271,16.3
NFP,5,0.1,1,0.15,2.0,1000,28,1.597,23.8,26,1.207,14.0,25,1.224,15.7
NFP,5,0.1,1,0.15,2.0,1100,28,1.551,22.6,26,1.207,14.0,25,1.224,15.7
NFP,5,0.1,1,0.15,2.0,1555,28,1.706,28.1,26,1.207,14.0,25,1.224,15.7
NFP,5,0.1,1,0.15,99.0,929,28,2.224,34.3,26,1.297,16.2,25,1.155,9.4
NFP,5,0.1,1,0.15,99.0,1000,28,1.679,30.3,26,0.349,-51.4,25,0.354,-53.1
NFP,5,0.1,1,0.15,99.0,1100,28,1.797,39.1,26,0.793,-18.5,25,0.807,-18.1
NFP,5,0.1,1,0.15,99.0,1555,28,1.824,47.9,26,1.074,7.2,25,1.1,10.1
NFP,5,0.1,1,0.3,1.0,929,28,1.704,23.7,26,1.771,36.7,25,1.317,19.2
NFP,5,0.1,1,0.3,1.0,1000,28,1.49,25.8,26,1.304,22.9,25,1.154,13.3
NFP,5,0.1,1,0.3,1.0,1100,28,1.717,35.3,26,1.411,32.5,25,1.468,40.3
NFP,5,0.1,1,0.3,1.0,1555,28,1.795,40.8,26,1.292,26.0,25,1.452,41.2
NFP,5,0.1,1,0.3,2.0,929,28,1.89,30.7,26,1.667,31.7,25,1.202,12.2
NFP,5,0.1,1,0.3,2.0,1000,28,1.903,53.9,26,0.551,-40.9,25,0.427,-58.9
NFP,5,0.1,1,0.3,2.0,1100,28,1.74,47.9,26,1.142,15.8,25,1.042,5.0
NFP,5,0.1,1,0.3,2.0,1555,28,1.89,65.4,26,1.116,14.7,25,1.035,4.8
NFP,5,0.1,1,0.3,99.0,929,28,1.89,30.7,26,1.667,31.7,25,1.202,12.2
NFP,5,0.1,1,0.3,99.0,1000,28,1.514,30.7,26,0.565,-39.7,25,0.427,-58.9
NFP,5,0.1,1,0.3,99.0,1100,28,1.335,22.9,26,1.202,22.4,25,1.04,4.8
NFP,5,0.1,1,0.3,99.0,1555,28,1.945,75.4,26,1.713,94.1,25,1.64,89.8
NFP,15,0.0,0,0.15,1.0,929,46,1.215,5.6,32,0.832,-8.6,32,0.867,-6.8
NFP,15,0.0,0,0.15,1.0,1000,46,1.282,9.3,32,0.955,-2.4,32,0.965,-1.9
NFP,15,0.0,0,0.15,1.0,1100,46,1.282,9.3,32,0.955,-2.4,32,0.965,-1.9
NFP,15,0.0,0,0.15,1.0,1555,46,1.282,9.3,32,0.955,-2.4,32,0.965,-1.9
NFP,15,0.0,0,0.15,2.0,929,46,0.982,-0.5,32,0.668,-17.9,32,0.731,-14.9
NFP,15,0.0,0,0.15,2.0,1000,46,0.884,-5.5,32,0.623,-26.7,32,0.684,-21.4
NFP,15,0.0,0,0.15,2.0,1100,46,0.83,-8.7,32,0.557,-35.8,32,0.592,-32.5
NFP,15,0.0,0,0.15,2.0,1555,46,0.809,-10.3,32,0.571,-34.7,32,0.607,-31.3
NFP,15,0.0,0,0.15,99.0,929,46,0.87,-4.0,32,0.623,-20.4,32,0.686,-17.4
NFP,15,0.0,0,0.15,99.0,1000,46,0.528,-26.3,32,0.373,-49.3,32,0.71,-21.2
NFP,15,0.0,0,0.15,99.0,1100,46,0.472,-31.8,32,0.34,-59.5,32,0.584,-35.4
NFP,15,0.0,0,0.15,99.0,1555,46,0.722,-17.9,32,0.401,-54.0,32,1.187,15.9
NFP,15,0.0,0,0.3,1.0,929,46,1.123,3.7,32,0.451,-43.8,32,0.542,-34.3
NFP,15,0.0,0,0.3,1.0,1000,46,0.851,-9.9,32,0.632,-37.2,32,0.904,-8.1
NFP,15,0.0,0,0.3,1.0,1100,46,0.858,-10.2,32,0.541,-58.2,32,0.725,-31.1
NFP,15,0.0,0,0.3,1.0,1555,46,0.834,-13.1,32,0.566,-56.7,32,0.749,-29.4
NFP,15,0.0,0,0.3,2.0,929,46,1.008,0.2,32,0.421,-46.3,32,0.508,-36.8
NFP,15,0.0,0,0.3,2.0,1000,46,0.718,-20.5,32,0.466,-60.5,32,0.859,-13.4
NFP,15,0.0,0,0.3,2.0,1100,46,0.798,-16.2,32,0.455,-79.2,32,0.709,-36.1
NFP,15,0.0,0,0.3,2.0,1555,46,0.772,-21.9,32,0.481,-79.7,32,0.822,-23.5
NFP,15,0.0,0,0.3,99.0,929,46,1.008,0.2,32,0.421,-46.3,32,0.508,-36.8
NFP,15,0.0,0,0.3,99.0,1000,46,0.618,-28.8,32,0.466,-60.5,32,0.922,-7.4
NFP,15,0.0,0,0.3,99.0,1100,46,0.694,-25.6,32,0.415,-85.0,32,0.699,-37.2
NFP,15,0.0,0,0.3,99.0,1555,46,0.665,-34.8,32,0.475,-80.6,32,1.202,26.8
NFP,15,0.0,1,0.15,1.0,929,46,0.683,-10.8,32,1.071,3.2,32,1.028,1.3
NFP,15,0.0,1,0.15,1.0,1000,46,0.681,-14.3,32,0.946,-2.9,32,0.938,-3.4
NFP,15,0.0,1,0.15,1.0,1100,46,0.681,-14.3,32,0.946,-2.9,32,0.938,-3.4
NFP,15,0.0,1,0.15,1.0,1555,46,0.681,-14.3,32,0.946,-2.9,32,0.938,-3.4
NFP,15,0.0,1,0.15,2.0,929,46,0.648,-13.0,32,1.64,29.0,32,1.477,22.3
NFP,15,0.0,1,0.15,2.0,1000,46,0.68,-17.8,32,1.018,1.3,32,0.788,-15.9
NFP,15,0.0,1,0.15,2.0,1100,46,0.698,-17.0,32,1.097,6.7,32,0.859,-10.6
NFP,15,0.0,1,0.15,2.0,1555,46,0.698,-17.0,32,1.097,6.7,32,0.859,-10.6
NFP,15,0.0,1,0.15,99.0,929,46,0.706,-10.9,32,1.642,29.1,32,1.457,21.4
NFP,15,0.0,1,0.15,99.0,1000,46,0.745,-15.0,32,0.992,-0.6,32,0.562,-36.0
NFP,15,0.0,1,0.15,99.0,1100,46,0.541,-28.7,32,0.939,-5.1,32,0.549,-40.9
NFP,15,0.0,1,0.15,99.0,1555,46,0.562,-30.3,32,1.532,46.1,32,0.694,-28.7
NFP,15,0.0,1,0.3,1.0,929,46,0.742,-9.4,32,1.989,38.2,32,1.663,28.6
NFP,15,0.0,1,0.3,1.0,1000,46,1.075,4.4,32,1.478,31.7,32,0.918,-7.2
NFP,15,0.0,1,0.3,1.0,1100,46,1.075,4.8,32,1.746,52.9,32,1.112,10.3
NFP,15,0.0,1,0.3,1.0,1555,46,1.114,7.8,32,1.674,51.3,32,1.088,8.7
NFP,15,0.0,1,0.3,2.0,929,46,0.8,-7.3,32,1.991,38.2,32,1.642,27.7
NFP,15,0.0,1,0.3,2.0,1000,46,1.111,7.1,32,1.212,14.6,32,0.554,-40.1
NFP,15,0.0,1,0.3,2.0,1100,46,1.027,1.9,32,1.703,60.8,32,1.094,10.2
NFP,15,0.0,1,0.3,2.0,1555,46,0.829,-16.0,32,1.456,48.2,32,0.901,-12.7
NFP,15,0.0,1,0.3,99.0,929,46,0.8,-7.3,32,1.991,38.2,32,1.642,27.7
NFP,15,0.0,1,0.3,99.0,1000,46,1.118,7.6,32,1.475,32.6,32,0.681,-28.6
NFP,15,0.0,1,0.3,99.0,1100,46,0.942,-4.2,32,1.846,73.2,32,1.148,16.1
NFP,15,0.0,1,0.3,99.0,1555,46,0.949,-4.8,32,2.568,174.7,32,1.488,65.2
NFP,15,0.1,0,0.15,1.0,929,26,2.001,20.2,26,0.724,-15.8,27,0.929,-3.5
NFP,15,0.1,0,0.15,1.0,1000,26,2.549,32.5,26,0.807,-11.3,27,1.069,3.5
NFP,15,0.1,0,0.15,1.0,1100,26,2.549,32.5,26,0.807,-11.3,27,1.069,3.5
NFP,15,0.1,0,0.15,1.0,1555,26,2.549,32.5,26,0.807,-11.3,27,1.069,3.5
NFP,15,0.1,0,0.15,2.0,929,26,1.398,10.4,26,0.706,-16.8,27,0.725,-15.0
NFP,15,0.1,0,0.15,2.0,1000,26,1.11,4.7,26,0.864,-8.5,27,0.646,-24.0
NFP,15,0.1,0,0.15,2.0,1100,26,1.124,5.8,26,0.738,-19.7,27,0.546,-37.2
NFP,15,0.1,0,0.15,2.0,1555,26,1.107,5.2,26,0.756,-18.3,27,0.564,-35.8
NFP,15,0.1,0,0.15,99.0,929,26,1.052,1.4,26,0.655,-19.7,27,0.67,-18.0
NFP,15,0.1,0,0.15,99.0,1000,26,0.744,-13.3,26,0.499,-36.3,27,0.463,-39.9
NFP,15,0.1,0,0.15,99.0,1100,26,0.699,-16.7,26,0.436,-48.9,27,0.403,-52.8
NFP,15,0.1,0,0.15,99.0,1555,26,1.126,7.3,26,0.514,-42.1,27,0.47,-46.9
NFP,15,0.1,0,0.3,1.0,929,26,1.392,11.1,26,0.463,-46.8,27,0.533,-34.7
NFP,15,0.1,0,0.3,1.0,1000,26,0.71,-21.5,26,0.885,-10.0,27,0.851,-13.0
NFP,15,0.1,0,0.3,1.0,1100,26,0.724,-22.3,26,0.742,-29.4,27,0.68,-38.4
NFP,15,0.1,0,0.3,1.0,1555,26,0.728,-23.3,26,0.724,-32.7,27,0.665,-41.7
NFP,15,0.1,0,0.3,2.0,929,26,1.071,2.0,26,0.429,-49.8,27,0.493,-37.7
NFP,15,0.1,0,0.3,2.0,1000,26,0.626,-31.2,26,0.62,-38.7,27,0.701,-29.4
NFP,15,0.1,0,0.3,2.0,1100,26,0.728,-23.6,26,0.595,-55.2,27,0.594,-53.8
NFP,15,0.1,0,0.3,2.0,1555,26,0.771,-22.5,26,0.546,-66.6,27,0.623,-53.7
NFP,15,0.1,0,0.3,99.0,929,26,1.071,2.0,26,0.429,-49.8,27,0.493,-37.7
NFP,15,0.1,0,0.3,99.0,1000,26,0.48,-46.3,26,0.62,-38.7,27,0.701,-29.4
NFP,15,0.1,0,0.3,99.0,1100,26,0.549,-41.7,26,0.543,-62.4,27,0.558,-58.6
NFP,15,0.1,0,0.3,99.0,1555,26,0.607,-42.6,26,0.552,-65.7,27,0.617,-54.7
NFP,15,0.1,1,0.15,1.0,929,26,0.416,-25.2,26,1.239,10.4,27,0.96,-1.9
NFP,15,0.1,1,0.15,1.0,1000,26,0.342,-37.3,26,1.12,6.0,27,0.847,-8.8
NFP,15,0.1,1,0.15,1.0,1100,26,0.342,-37.3,26,1.12,6.0,27,0.847,-8.8
NFP,15,0.1,1,0.15,1.0,1555,26,0.342,-37.3,26,1.12,6.0,27,0.847,-8.8
NFP,15,0.1,1,0.15,2.0,929,26,0.464,-24.1,26,1.924,40.3,27,1.406,19.7
NFP,15,0.1,1,0.15,2.0,1000,26,0.455,-33.5,26,1.186,12.0,27,0.732,-20.6
NFP,15,0.1,1,0.15,2.0,1100,26,0.444,-34.9,26,1.288,18.7,27,0.815,-14.2
NFP,15,0.1,1,0.15,2.0,1555,26,0.444,-34.9,26,1.288,18.7,27,0.815,-14.2
NFP,15,0.1,1,0.15,99.0,929,26,0.539,-20.7,26,1.926,40.4,27,1.384,18.6
NFP,15,0.1,1,0.15,99.0,1000,26,0.638,-23.1,26,0.905,-7.0,27,0.648,-29.8
NFP,15,0.1,1,0.15,99.0,1100,26,0.543,-31.4,26,0.906,-7.8,27,0.31,-65.6
NFP,15,0.1,1,0.15,99.0,1555,26,0.758,-16.7,26,0.98,-1.7,27,0.248,-74.3
NFP,15,0.1,1,0.3,1.0,929,26,0.605,-16.8,26,1.963,41.2,27,1.688,29.0
NFP,15,0.1,1,0.3,1.0,1000,26,1.29,16.1,26,1.057,4.5,27,0.951,-4.2
NFP,15,0.1,1,0.3,1.0,1100,26,1.278,17.0,26,1.277,24.0,27,1.159,14.8
NFP,15,0.1,1,0.3,1.0,1555,26,1.28,18.1,26,1.311,27.4,27,1.192,18.1
NFP,15,0.1,1,0.3,2.0,929,26,0.683,-13.4,26,1.964,41.2,27,1.663,28.0
NFP,15,0.1,1,0.3,2.0,1000,26,1.498,28.7,26,0.793,-17.0,27,0.673,-28.7
NFP,15,0.1,1,0.3,2.0,1100,26,1.279,19.0,26,1.09,9.5,27,1.005,0.6
NFP,15,0.1,1,0.3,2.0,1555,26,1.066,6.1,26,0.894,-13.2,27,0.836,-21.3
NFP,15,0.1,1,0.3,99.0,929,26,0.683,-13.4,26,1.964,41.2,27,1.663,28.0
NFP,15,0.1,1,0.3,99.0,1000,26,1.53,30.5,26,0.971,-2.4,27,0.828,-15.1
NFP,15,0.1,1,0.3,99.0,1100,26,1.421,28.6,26,1.214,22.7,27,1.055,6.1
NFP,15,0.1,1,0.3,99.0,1555,26,1.319,29.4,26,1.358,47.1,27,1.341,46.5
NFP,30,0.0,0,0.15,1.0,929,46,0.686,-8.0,32,0.213,-42.1,32,0.209,-41.8
NFP,30,0.0,0,0.15,1.0,1000,46,0.777,-9.5,32,0.298,-55.1,32,0.403,-43.3
NFP,30,0.0,0,0.15,1.0,1100,46,0.777,-9.5,32,0.366,-48.6,32,0.48,-36.8
NFP,30,0.0,0,0.15,1.0,1555,46,0.777,-9.5,32,0.378,-47.7,32,0.493,-35.9
NFP,30,0.0,0,0.15,2.0,929,46,0.656,-8.9,32,0.208,-42.3,32,0.192,-42.7
NFP,30,0.0,0,0.15,2.0,1000,46,0.63,-19.2,32,0.411,-49.5,32,0.591,-32.0
NFP,30,0.0,0,0.15,2.0,1100,46,0.558,-25.0,32,0.476,-43.1,32,0.665,-25.6
NFP,30,0.0,0,0.15,2.0,1555,46,0.641,-20.8,32,0.506,-40.7,32,0.701,-22.8
NFP,30,0.0,0,0.15,99.0,929,46,0.594,-10.5,32,0.208,-42.3,32,0.192,-42.7
NFP,30,0.0,0,0.15,99.0,1000,46,0.546,-25.5,32,0.62,-32.0,32,0.967,-2.6
NFP,30,0.0,0,0.15,99.0,1100,46,0.521,-29.0,32,0.698,-24.9,32,0.832,-13.5
NFP,30,0.0,0,0.15,99.0,1555,46,0.822,-11.3,32,1.438,36.0,32,1.6,48.1
NFP,30,0.0,0,0.3,1.0,929,46,0.471,-19.0,32,0.181,-50.6,32,0.166,-50.8
NFP,30,0.0,0,0.3,1.0,1000,46,0.635,-26.3,32,0.536,-52.4,32,0.66,-34.7
NFP,30,0.0,0,0.3,1.0,1100,46,0.721,-20.4,32,0.443,-75.4,32,0.531,-59.4
NFP,30,0.0,0,0.3,1.0,1555,46,0.795,-16.3,32,0.484,-70.8,32,0.577,-54.4
NFP,30,0.0,0,0.3,2.0,929,46,0.427,-20.5,32,0.181,-50.6,32,0.166,-50.8
NFP,30,0.0,0,0.3,2.0,1000,46,0.64,-27.7,32,0.728,-30.7,32,0.886,-11.6
NFP,30,0.0,0,0.3,2.0,1100,46,0.566,-37.3,32,0.667,-45.0,32,0.751,-31.6
NFP,30,0.0,0,0.3,2.0,1555,46,0.721,-26.5,32,0.722,-39.4,32,0.86,-18.7
NFP,30,0.0,0,0.3,99.0,929,46,0.427,-20.5,32,0.181,-50.6,32,0.166,-50.8
NFP,30,0.0,0,0.3,99.0,1000,46,0.539,-36.8,32,0.801,-22.5,32,0.968,-3.3
NFP,30,0.0,0,0.3,99.0,1100,46,0.478,-46.5,32,0.622,-51.2,32,0.7,-38.0
NFP,30,0.0,0,0.3,99.0,1555,46,0.649,-35.4,32,1.017,2.4,32,1.166,22.2
NFP,30,0.0,1,0.15,1.0,929,46,1.121,2.4,32,3.566,35.0,32,3.897,36.2
NFP,30,0.0,1,0.15,1.0,1000,46,1.117,4.2,32,2.69,45.5,32,2.229,38.0
NFP,30,0.0,1,0.15,1.0,1100,46,1.117,4.2,32,2.225,39.0,32,1.879,31.5
NFP,30,0.0,1,0.15,1.0,1555,46,1.117,4.2,32,2.166,38.2,32,1.832,30.6
NFP,30,0.0,1,0.15,2.0,929,46,1.623,12.5,32,4.229,44.0,32,4.531,44.1
NFP,30,0.0,1,0.15,2.0,1000,46,1.125,5.7,32,2.215,56.6,32,1.837,41.9
NFP,30,0.0,1,0.15,2.0,1100,46,1.137,6.3,32,1.955,50.5,32,1.668,38.0
NFP,30,0.0,1,0.15,2.0,1555,46,1.002,0.1,32,1.924,49.6,32,1.642,37.1
NFP,30,0.0,1,0.15,99.0,929,46,1.431,8.6,32,4.225,44.0,32,4.521,44.0
NFP,30,0.0,1,0.15,99.0,1000,46,1.026,1.3,32,2.16,54.1,32,1.705,35.4
NFP,30,0.0,1,0.15,99.0,1100,46,0.895,-5.9,32,1.914,62.7,32,1.764,52.9
NFP,30,0.0,1,0.15,99.0,1555,46,0.915,-5.4,32,1.824,59.4,32,1.775,56.2
NFP,30,0.0,1,0.3,1.0,929,46,1.684,13.2,32,4.485,44.8,32,4.872,45.0
NFP,30,0.0,1,0.3,1.0,1000,46,1.432,20.7,32,1.747,46.9,32,1.419,29.2
NFP,30,0.0,1,0.3,1.0,1100,46,1.271,14.9,32,2.131,70.1,32,1.778,54.0
NFP,30,0.0,1,0.3,1.0,1555,46,1.167,10.9,32,1.959,65.5,32,1.643,49.1
NFP,30,0.0,1,0.3,2.0,929,46,1.486,9.4,32,4.482,44.8,32,4.862,44.8
NFP,30,0.0,1,0.3,2.0,1000,46,1.353,19.3,32,1.722,45.4,32,1.341,23.7
NFP,30,0.0,1,0.3,2.0,1100,46,0.863,-10.2,32,2.378,108.3,32,1.987,85.4
NFP,30,0.0,1,0.3,2.0,1555,46,0.858,-13.0,32,2.402,117.5,32,2.018,93.6
NFP,30,0.0,1,0.3,99.0,929,46,1.486,9.4,32,4.482,44.8,32,4.862,44.8
NFP,30,0.0,1,0.3,99.0,1000,46,1.313,17.1,32,1.701,44.1,32,1.315,22.0
NFP,30,0.0,1,0.3,99.0,1100,46,0.963,-2.8,32,2.296,103.7,32,1.947,83.1
NFP,30,0.0,1,0.3,99.0,1555,46,0.933,-6.4,32,3.12,190.0,32,2.729,169.1
NFP,30,0.1,0,0.15,1.0,929,31,0.85,-3.7,22,0.197,-46.6,22,0.223,-43.4
NFP,30,0.1,0,0.15,1.0,1000,31,0.913,-3.5,22,0.211,-66.6,22,0.261,-59.4
NFP,30,0.1,0,0.15,1.0,1100,31,0.913,-3.5,22,0.301,-57.1,22,0.358,-49.9
NFP,30,0.1,0,0.15,1.0,1555,31,0.913,-3.5,22,0.317,-55.8,22,0.375,-48.5
NFP,30,0.1,0,0.15,2.0,929,31,0.897,-2.6,22,0.191,-46.9,22,0.2,-44.7
NFP,30,0.1,0,0.15,2.0,1000,31,0.832,-8.3,22,0.39,-51.4,22,0.488,-41.1
NFP,30,0.1,0,0.15,2.0,1100,31,0.842,-8.0,22,0.484,-42.1,22,0.591,-31.8
NFP,30,0.1,0,0.15,2.0,1555,31,0.968,-1.7,22,0.528,-38.6,22,0.643,-27.7
NFP,30,0.1,0,0.15,99.0,929,31,0.803,-4.9,22,0.191,-46.9,22,0.2,-44.7
NFP,30,0.1,0,0.15,99.0,1000,31,0.621,-21.0,22,0.563,-36.9,22,0.861,-11.2
NFP,30,0.1,0,0.15,99.0,1100,31,0.665,-18.9,22,0.592,-33.3,22,0.798,-15.7
NFP,30,0.1,0,0.15,99.0,1555,31,1.087,5.3,22,1.469,38.3,22,1.734,57.0
NFP,30,0.1,0,0.3,1.0,929,31,0.603,-14.7,22,0.164,-56.3,22,0.168,-55.3
NFP,30,0.1,0,0.3,1.0,1000,31,0.698,-23.1,22,0.449,-69.7,22,0.475,-62.9
NFP,30,0.1,0,0.3,1.0,1100,31,0.689,-25.3,22,0.452,-74.5,22,0.465,-71.1
NFP,30,0.1,0,0.3,1.0,1555,31,0.76,-20.7,22,0.47,-73.5,22,0.485,-69.8
NFP,30,0.1,0,0.3,2.0,929,31,0.539,-17.1,22,0.164,-56.3,22,0.168,-55.3
NFP,30,0.1,0,0.3,2.0,1000,31,0.677,-27.1,22,0.612,-49.2,22,0.648,-42.2
NFP,30,0.1,0,0.3,2.0,1100,31,0.561,-42.6,22,0.619,-51.8,22,0.637,-48.2
NFP,30,0.1,0,0.3,2.0,1555,31,0.683,-33.6,22,0.59,-59.5,22,0.61,-55.4
NFP,30,0.1,0,0.3,99.0,929,31,0.539,-17.1,22,0.164,-56.3,22,0.168,-55.3
NFP,30,0.1,0,0.3,99.0,1000,31,0.542,-40.5,22,0.706,-37.2,22,0.748,-30.1
NFP,30,0.1,0,0.3,99.0,1100,31,0.434,-57.5,22,0.553,-60.8,22,0.571,-57.0
NFP,30,0.1,0,0.3,99.0,1555,31,0.576,-48.6,22,0.976,-3.5,22,1.005,0.7
NFP,30,0.1,1,0.15,1.0,929,31,0.923,-1.8,22,3.893,38.8,22,3.772,37.8
NFP,30,0.1,1,0.15,1.0,1000,31,0.953,-1.8,22,3.507,55.1,22,3.441,54.0
NFP,30,0.1,1,0.15,1.0,1100,31,0.953,-1.8,22,2.568,45.6,22,2.522,44.5
NFP,30,0.1,1,0.15,1.0,1555,31,0.953,-1.8,22,2.461,44.3,22,2.413,43.2
NFP,30,0.1,1,0.15,2.0,929,31,1.429,10.3,22,4.689,49.4,22,4.535,48.2
NFP,30,0.1,1,0.15,2.0,1000,31,1.237,10.9,22,3.393,86.9,22,3.189,79.9
NFP,30,0.1,1,0.15,2.0,1100,31,1.288,13.5,22,2.845,80.1,22,2.762,76.8
NFP,30,0.1,1,0.15,2.0,1555,31,1.288,13.5,22,2.764,78.9,22,2.68,75.5
NFP,30,0.1,1,0.15,99.0,929,31,1.202,4.8,22,4.684,49.4,22,4.522,48.0
NFP,30,0.1,1,0.15,99.0,1000,31,1.225,11.4,22,3.345,85.5,22,3.068,75.6
NFP,30,0.1,1,0.15,99.0,1100,31,0.97,-1.7,22,3.206,121.0,22,3.043,113.4
NFP,30,0.1,1,0.15,99.0,1555,31,1.058,3.8,22,3.096,125.7,22,2.788,107.8
NFP,30,0.1,1,0.3,1.0,929,31,1.357,9.0,22,5.122,50.6,22,5.002,49.5
NFP,30,0.1,1,0.3,1.0,1000,31,1.314,17.6,22,2.092,64.3,22,1.975,57.4
NFP,30,0.1,1,0.3,1.0,1100,31,1.34,19.9,22,2.089,69.1,22,2.032,65.7
NFP,30,0.1,1,0.3,1.0,1555,31,1.227,15.4,22,2.017,68.2,22,1.952,64.5
NFP,30,0.1,1,0.3,2.0,929,31,1.141,3.6,22,5.117,50.5,22,4.988,49.3
NFP,30,0.1,1,0.3,2.0,1000,31,1.333,20.2,22,2.099,64.9,22,1.945,55.8
NFP,30,0.1,1,0.3,2.0,1100,31,0.815,-15.1,22,2.503,113.9,22,2.294,99.1
NFP,30,0.1,1,0.3,2.0,1555,31,0.799,-20.2,22,2.581,122.7,22,2.453,114.0
NFP,30,0.1,1,0.3,99.0,929,31,1.141,3.6,22,5.117,50.5,22,4.988,49.3
NFP,30,0.1,1,0.3,99.0,1000,31,1.234,14.1,22,2.065,62.9,22,1.902,53.2
NFP,30,0.1,1,0.3,99.0,1100,31,0.785,-18.1,22,2.376,107.1,22,2.272,99.6
NFP,30,0.1,1,0.3,99.0,1555,31,0.81,-20.1,22,3.317,199.5,22,3.083,181.1
CPI+NFP,5,0.0,0,0.15,1.0,929,93,0.9,-3.3,64,0.567,-26.1,63,0.542,-29.1
CPI+NFP,5,0.0,0,0.15,1.0,1000,93,0.914,-3.2,64,0.692,-18.9,63,0.678,-20.5
CPI+NFP,5,0.0,0,0.15,1.0,1100,93,0.883,-4.6,64,0.673,-20.8,63,0.713,-18.2
CPI+NFP,5,0.0,0,0.15,1.0,1555,93,0.883,-4.6,64,0.673,-20.8,63,0.713,-18.2
CPI+NFP,5,0.0,0,0.15,2.0,929,93,1.024,0.9,64,0.523,-31.1,63,0.499,-34.1
CPI+NFP,5,0.0,0,0.15,2.0,1000,93,1.012,0.6,64,0.688,-22.9,63,0.637,-27.7
CPI+NFP,5,0.0,0,0.15,2.0,1100,93,0.901,-5.0,64,0.619,-30.5,63,0.639,-28.8
CPI+NFP,5,0.0,0,0.15,2.0,1555,93,0.901,-5.1,64,0.663,-27.0,63,0.649,-28.7
CPI+NFP,5,0.0,0,0.15,99.0,929,93,0.903,-3.6,64,0.443,-37.2,63,0.457,-37.1
CPI+NFP,5,0.0,0,0.15,99.0,1000,93,0.701,-16.8,64,0.442,-45.1,63,0.425,-47.6
CPI+NFP,5,0.0,0,0.15,99.0,1100,93,0.53,-29.1,64,0.362,-57.9,63,0.4,-53.7
CPI+NFP,5,0.0,0,0.15,99.0,1555,93,0.632,-25.1,64,0.424,-53.5,63,0.438,-53.0
CPI+NFP,5,0.0,0,0.3,1.0,929,93,1.11,4.4,64,0.448,-43.9,63,0.433,-46.4
CPI+NFP,5,0.0,0,0.3,1.0,1000,93,1.076,4.6,64,0.796,-19.6,63,0.752,-24.6
CPI+NFP,5,0.0,0,0.3,1.0,1100,93,0.859,-10.3,64,0.773,-24.8,63,0.753,-28.2
CPI+NFP,5,0.0,0,0.3,1.0,1555,93,0.851,-11.7,64,0.847,-16.7,63,0.766,-27.5
CPI+NFP,5,0.0,0,0.3,2.0,929,93,0.968,-1.3,64,0.383,-49.8,63,0.399,-49.4
CPI+NFP,5,0.0,0,0.3,2.0,1000,93,0.727,-21.3,64,0.594,-43.0,63,0.579,-45.5
CPI+NFP,5,0.0,0,0.3,2.0,1100,93,0.534,-45.3,64,0.524,-61.6,63,0.534,-62.0
CPI+NFP,5,0.0,0,0.3,2.0,1555,93,0.648,-37.3,64,0.632,-51.5,63,0.639,-52.4
CPI+NFP,5,0.0,0,0.3,99.0,929,93,0.937,-2.6,64,0.383,-49.8,63,0.399,-49.4
CPI+NFP,5,0.0,0,0.3,99.0,1000,93,0.692,-24.4,64,0.618,-40.5,63,0.602,-43.0
CPI+NFP,5,0.0,0,0.3,99.0,1100,93,0.447,-55.6,64,0.532,-60.6,63,0.542,-60.8
CPI+NFP,5,0.0,0,0.3,99.0,1555,93,0.622,-42.9,64,0.853,-20.6,63,0.822,-25.9
CPI+NFP,5,0.0,1,0.15,1.0,929,93,0.896,-3.4,64,1.57,20.7,63,1.544,20.5
CPI+NFP,5,0.0,1,0.15,1.0,1000,93,0.911,-3.4,64,1.303,13.6,63,1.216,10.6
CPI+NFP,5,0.0,1,0.15,1.0,1100,93,0.949,-2.0,64,1.342,15.5,63,1.216,10.6
CPI+NFP,5,0.0,1,0.15,1.0,1555,93,0.949,-2.0,64,1.342,15.5,63,1.216,10.6
CPI+NFP,5,0.0,1,0.15,2.0,929,93,0.846,-6.0,64,1.854,32.7,63,1.823,32.8
CPI+NFP,5,0.0,1,0.15,2.0,1000,93,0.837,-7.9,64,1.249,15.4,63,1.177,11.7
CPI+NFP,5,0.0,1,0.15,2.0,1100,93,0.957,-2.1,64,1.229,14.9,63,1.14,9.6
CPI+NFP,5,0.0,1,0.15,2.0,1555,93,0.993,-0.4,64,1.147,10.0,63,1.119,8.3
CPI+NFP,5,0.0,1,0.15,99.0,929,93,0.931,-2.7,64,1.798,30.6,63,1.766,30.5
CPI+NFP,5,0.0,1,0.15,99.0,1000,93,0.909,-4.6,64,0.657,-24.3,63,0.637,-27.3
CPI+NFP,5,0.0,1,0.15,99.0,1100,93,1.137,7.3,64,0.922,-6.1,63,0.86,-11.7
CPI+NFP,5,0.0,1,0.15,99.0,1555,93,1.102,6.2,64,1.082,7.1,63,1.021,1.9
CPI+NFP,5,0.0,1,0.3,1.0,929,93,0.788,-10.0,64,2.017,38.2,63,1.947,37.5
CPI+NFP,5,0.0,1,0.3,1.0,1000,93,0.854,-10.0,64,1.179,14.1,63,1.204,16.1
CPI+NFP,5,0.0,1,0.3,1.0,1100,93,1.076,5.0,64,1.224,19.4,63,1.204,18.5
CPI+NFP,5,0.0,1,0.3,1.0,1555,93,1.092,6.4,64,1.12,11.3,63,1.189,17.8
CPI+NFP,5,0.0,1,0.3,2.0,929,93,0.857,-6.8,64,1.978,36.7,63,1.949,37.6
CPI+NFP,5,0.0,1,0.3,2.0,1000,93,0.99,-0.8,64,0.713,-24.7,63,0.833,-14.5
CPI+NFP,5,0.0,1,0.3,2.0,1100,93,1.234,16.8,64,0.884,-13.3,63,0.912,-10.2
CPI+NFP,5,0.0,1,0.3,2.0,1555,93,1.122,10.6,64,0.935,-8.2,63,1.002,0.2
CPI+NFP,5,0.0,1,0.3,99.0,929,93,0.857,-6.8,64,1.978,36.7,63,2.108,43.9
CPI+NFP,5,0.0,1,0.3,99.0,1000,93,0.867,-9.6,64,0.716,-24.5,63,0.833,-14.5
CPI+NFP,5,0.0,1,0.3,99.0,1100,93,1.138,10.1,64,0.955,-5.1,63,0.931,-8.1
CPI+NFP,5,0.0,1,0.3,99.0,1555,93,1.227,20.8,64,1.197,25.4,63,1.243,31.6
CPI+NFP,5,0.1,0,0.15,1.0,929,59,0.818,-6.6,53,0.611,-23.3,50,0.623,-23.6
CPI+NFP,5,0.1,0,0.15,1.0,1000,59,0.871,-5.1,53,0.686,-19.3,50,0.728,-17.2
CPI+NFP,5,0.1,0,0.15,1.0,1100,59,0.848,-6.2,53,0.692,-19.0,50,0.728,-17.2
CPI+NFP,5,0.1,0,0.15,1.0,1555,59,0.848,-6.2,53,0.692,-19.0,50,0.728,-17.2
CPI+NFP,5,0.1,0,0.15,2.0,929,59,0.951,-2.0,53,0.53,-31.0,50,0.574,-29.1
CPI+NFP,5,0.1,0,0.15,2.0,1000,59,0.954,-2.3,53,0.603,-30.2,50,0.616,-30.4
CPI+NFP,5,0.1,0,0.15,2.0,1100,59,0.856,-7.6,53,0.515,-39.6,50,0.564,-36.5
CPI+NFP,5,0.1,0,0.15,2.0,1555,59,0.86,-7.5,53,0.566,-35.3,50,0.62,-31.7
CPI+NFP,5,0.1,0,0.15,99.0,929,59,0.885,-4.8,53,0.429,-38.7,50,0.522,-32.9
CPI+NFP,5,0.1,0,0.15,99.0,1000,59,0.728,-16.1,53,0.414,-48.5,50,0.434,-48.0
CPI+NFP,5,0.1,0,0.15,99.0,1100,59,0.572,-27.6,53,0.333,-59.8,50,0.342,-61.4
CPI+NFP,5,0.1,0,0.15,99.0,1555,59,0.739,-18.3,53,0.354,-59.7,50,0.361,-61.6
CPI+NFP,5,0.1,0,0.3,1.0,929,59,1.134,5.8,53,0.439,-46.9,50,0.483,-43.9
CPI+NFP,5,0.1,0,0.3,1.0,1000,59,1.082,5.1,53,0.59,-45.8,50,0.59,-48.2
CPI+NFP,5,0.1,0,0.3,1.0,1100,59,0.826,-13.8,53,0.541,-57.9,50,0.523,-65.2
CPI+NFP,5,0.1,0,0.3,1.0,1555,59,0.803,-16.4,53,0.588,-52.4,50,0.547,-63.1
CPI+NFP,5,0.1,0,0.3,2.0,929,59,1.01,0.5,53,0.361,-54.5,50,0.441,-47.8
CPI+NFP,5,0.1,0,0.3,2.0,1000,59,0.649,-29.1,53,0.446,-67.4,50,0.449,-69.8
CPI+NFP,5,0.1,0,0.3,2.0,1100,59,0.49,-55.9,53,0.378,-89.4,50,0.343,-101.9
CPI+NFP,5,0.1,0,0.3,2.0,1555,59,0.553,-51.3,53,0.391,-94.7,50,0.435,-94.2
CPI+NFP,5,0.1,0,0.3,99.0,929,59,0.98,-0.9,53,0.361,-54.5,50,0.441,-47.8
CPI+NFP,5,0.1,0,0.3,99.0,1000,59,0.678,-26.7,53,0.471,-64.4,50,0.474,-66.6
CPI+NFP,5,0.1,0,0.3,99.0,1100,59,0.452,-61.4,53,0.382,-88.8,50,0.349,-101.0
CPI+NFP,5,0.1,0,0.3,99.0,1555,59,0.646,-42.2,53,0.595,-62.9,50,0.6,-66.6
CPI+NFP,5,0.1,1,0.15,1.0,929,59,0.977,-0.8,53,1.462,18.0,50,1.418,17.2
CPI+NFP,5,0.1,1,0.15,1.0,1000,59,0.944,-2.2,53,1.314,14.0,50,1.246,11.9
CPI+NFP,5,0.1,1,0.15,1.0,1100,59,0.972,-1.1,53,1.304,13.7,50,1.246,11.9
CPI+NFP,5,0.1,1,0.15,1.0,1555,59,0.972,-1.1,53,1.304,13.7,50,1.246,11.9
CPI+NFP,5,0.1,1,0.15,2.0,929,59,0.888,-4.6,53,1.8,33.1,50,1.765,33.6
CPI+NFP,5,0.1,1,0.15,2.0,1000,59,0.834,-8.4,53,1.532,31.0,50,1.534,32.6
CPI+NFP,5,0.1,1,0.15,2.0,1100,59,0.995,-0.3,53,1.515,30.9,50,1.516,32.2
CPI+NFP,5,0.1,1,0.15,2.0,1555,59,1.046,2.3,53,1.515,30.9,50,1.516,32.2
CPI+NFP,5,0.1,1,0.15,99.0,929,59,1.026,1.1,53,1.738,30.5,50,1.7,30.7
CPI+NFP,5,0.1,1,0.15,99.0,1000,59,0.914,-4.6,53,0.835,-11.1,50,0.855,-10.3
CPI+NFP,5,0.1,1,0.15,99.0,1100,59,1.142,8.1,53,1.15,11.3,50,1.146,11.5
CPI+NFP,5,0.1,1,0.15,99.0,1555,59,1.091,5.8,53,1.411,33.2,50,1.348,30.3
CPI+NFP,5,0.1,1,0.3,1.0,929,59,0.782,-11.4,53,2.064,41.3,50,1.746,34.3
CPI+NFP,5,0.1,1,0.3,1.0,1000,59,0.851,-10.5,53,1.591,40.4,50,1.526,39.0
CPI+NFP,5,0.1,1,0.3,1.0,1100,59,1.124,8.5,53,1.747,52.5,50,1.713,54.4
CPI+NFP,5,0.1,1,0.3,1.0,1555,59,1.159,11.1,53,1.61,47.1,50,1.645,52.4
CPI+NFP,5,0.1,1,0.3,2.0,929,59,0.896,-5.5,53,2.018,39.5,50,1.684,31.4
CPI+NFP,5,0.1,1,0.3,2.0,1000,59,1.135,10.0,53,0.964,-2.7,50,1.019,1.6
CPI+NFP,5,0.1,1,0.3,2.0,1100,59,1.337,25.8,53,1.207,20.7,50,1.227,23.6
CPI+NFP,5,0.1,1,0.3,2.0,1555,59,1.31,26.8,53,1.278,31.2,50,1.306,35.5
CPI+NFP,5,0.1,1,0.3,99.0,929,59,0.896,-5.5,53,2.018,39.5,50,1.684,31.4
CPI+NFP,5,0.1,1,0.3,99.0,1000,59,0.937,-4.6,53,0.968,-2.4,50,0.958,-3.5
CPI+NFP,5,0.1,1,0.3,99.0,1100,59,1.223,17.4,53,1.306,30.6,50,1.207,22.0
CPI+NFP,5,0.1,1,0.3,99.0,1555,59,1.516,46.9,53,1.625,71.9,50,1.588,71.5
CPI+NFP,15,0.0,0,0.15,1.0,929,93,1.475,10.6,64,0.682,-15.0,63,0.641,-17.5
CPI+NFP,15,0.0,0,0.15,1.0,1000,93,1.285,9.1,64,0.872,-7.2,63,0.825,-10.2
CPI+NFP,15,0.0,0,0.15,1.0,1100,93,1.299,9.6,64,0.894,-5.9,63,0.847,-8.9
CPI+NFP,15,0.0,0,0.15,1.0,1555,93,1.299,9.6,64,0.917,-4.6,63,0.871,-7.5
CPI+NFP,15,0.0,0,0.15,2.0,929,93,1.345,9.1,64,0.579,-20.8,63,0.593,-20.8
CPI+NFP,15,0.0,0,0.15,2.0,1000,93,1.054,2.5,64,0.513,-36.2,63,0.547,-33.1
CPI+NFP,15,0.0,0,0.15,2.0,1100,93,0.997,-0.1,64,0.497,-41.0,63,0.523,-38.9
CPI+NFP,15,0.0,0,0.15,2.0,1555,93,0.982,-0.9,64,0.504,-42.2,63,0.526,-40.3
CPI+NFP,15,0.0,0,0.15,99.0,929,93,1.261,6.9,64,0.55,-22.2,63,0.563,-22.4
CPI+NFP,15,0.0,0,0.15,99.0,1000,93,0.722,-15.1,64,0.426,-45.0,63,0.597,-30.6
CPI+NFP,15,0.0,0,0.15,99.0,1100,93,0.716,-16.6,64,0.448,-48.2,63,0.58,-35.9
CPI+NFP,15,0.0,0,0.15,99.0,1555,93,0.999,-0.0,64,0.554,-40.4,63,0.948,-4.6
CPI+NFP,15,0.0,0,0.3,1.0,929,93,1.384,10.6,64,0.397,-43.4,63,0.477,-35.8
CPI+NFP,15,0.0,0,0.3,1.0,1000,93,0.935,-4.2,64,0.569,-43.0,63,0.744,-23.1
CPI+NFP,15,0.0,0,0.3,1.0,1100,93,0.817,-13.9,64,0.528,-59.5,63,0.657,-40.3
CPI+NFP,15,0.0,0,0.3,1.0,1555,93,0.799,-16.4,64,0.534,-62.0,63,0.657,-42.7
CPI+NFP,15,0.0,0,0.3,2.0,929,93,1.364,10.1,64,0.377,-44.8,63,0.489,-35.0
CPI+NFP,15,0.0,0,0.3,2.0,1000,93,0.807,-13.9,64,0.473,-55.7,63,0.739,-24.8
CPI+NFP,15,0.0,0,0.3,2.0,1100,93,0.738,-23.0,64,0.463,-74.7,63,0.645,-45.2
CPI+NFP,15,0.0,0,0.3,2.0,1555,93,0.771,-22.9,64,0.525,-72.2,63,0.746,-35.5
CPI+NFP,15,0.0,0,0.3,99.0,929,93,1.304,8.4,64,0.377,-44.8,63,0.577,-29.0
CPI+NFP,15,0.0,0,0.3,99.0,1000,93,0.692,-23.2,64,0.482,-54.8,63,0.819,-17.2
CPI+NFP,15,0.0,0,0.3,99.0,1100,93,0.659,-31.1,64,0.443,-77.5,63,0.664,-42.8
CPI+NFP,15,0.0,0,0.3,99.0,1555,93,0.736,-28.2,64,0.52,-72.9,63,0.944,-7.8
CPI+NFP,15,0.0,1,0.15,1.0,929,93,0.553,-16.0,64,1.276,9.5,63,1.278,9.7
CPI+NFP,15,0.0,1,0.15,1.0,1000,93,0.66,-15.0,64,1.036,1.9,63,1.049,2.5
CPI+NFP,15,0.0,1,0.15,1.0,1100,93,0.655,-15.6,64,1.011,0.6,63,1.024,1.2
CPI+NFP,15,0.0,1,0.15,1.0,1555,93,0.655,-15.6,64,0.987,-0.7,63,0.997,-0.2
CPI+NFP,15,0.0,1,0.15,2.0,929,93,0.572,-16.3,64,1.909,31.4,63,1.83,28.9
CPI+NFP,15,0.0,1,0.15,2.0,1000,93,0.711,-14.9,64,1.144,9.3,63,1.023,1.6
CPI+NFP,15,0.0,1,0.15,2.0,1100,93,0.805,-10.5,64,1.246,16.1,63,1.124,8.6
CPI+NFP,15,0.0,1,0.15,2.0,1555,93,0.808,-10.3,64,1.222,14.8,63,1.101,7.2
CPI+NFP,15,0.0,1,0.15,99.0,929,93,0.596,-15.4,64,1.85,29.4,63,1.757,26.4
CPI+NFP,15,0.0,1,0.15,99.0,1000,93,0.862,-7.3,64,0.961,-2.8,63,0.824,-13.2
CPI+NFP,15,0.0,1,0.15,99.0,1100,93,0.82,-10.3,64,0.942,-4.5,63,0.716,-23.5
CPI+NFP,15,0.0,1,0.15,99.0,1555,93,0.777,-14.7,64,1.323,26.5,63,0.879,-10.4
CPI+NFP,15,0.0,1,0.3,1.0,929,93,0.603,-16.3,64,2.219,37.7,63,1.859,30.1
CPI+NFP,15,0.0,1,0.3,1.0,1000,93,0.98,-1.3,64,1.637,37.5,63,1.171,12.6
CPI+NFP,15,0.0,1,0.3,1.0,1100,93,1.093,6.1,64,1.789,54.1,63,1.314,26.5
CPI+NFP,15,0.0,1,0.3,1.0,1555,93,1.126,8.6,64,1.777,56.7,63,1.335,29.5
CPI+NFP,15,0.0,1,0.3,2.0,929,93,0.625,-15.4,64,2.153,35.7,63,1.786,27.6
CPI+NFP,15,0.0,1,0.3,2.0,1000,93,1.069,4.5,64,1.37,22.6,63,0.968,-2.4
CPI+NFP,15,0.0,1,0.3,2.0,1100,93,1.26,18.1,64,1.525,45.3,63,1.173,17.4
CPI+NFP,15,0.0,1,0.3,2.0,1555,93,1.072,6.4,64,1.433,42.0,63,1.082,9.1
CPI+NFP,15,0.0,1,0.3,99.0,929,93,0.625,-15.4,64,2.153,35.7,63,1.786,27.6
CPI+NFP,15,0.0,1,0.3,99.0,1000,93,1.078,5.1,64,1.459,28.1,63,0.998,-0.1
CPI+NFP,15,0.0,1,0.3,99.0,1100,93,1.157,11.0,64,1.498,44.1,63,1.105,10.8
CPI+NFP,15,0.0,1,0.3,99.0,1555,93,1.148,13.8,64,1.902,94.5,63,1.314,37.2
CPI+NFP,15,0.1,0,0.15,1.0,929,58,2.22,22.5,50,0.572,-22.7,51,0.629,-18.7
CPI+NFP,15,0.1,0,0.15,1.0,1000,58,2.23,27.9,50,0.69,-18.9,51,0.77,-13.5
CPI+NFP,15,0.1,0,0.15,1.0,1100,58,2.128,26.8,50,0.69,-18.9,51,0.77,-13.5
CPI+NFP,15,0.1,0,0.15,1.0,1555,58,2.128,26.8,50,0.69,-18.9,51,0.77,-13.5
CPI+NFP,15,0.1,0,0.15,2.0,929,58,1.806,19.2,50,0.546,-24.6,51,0.554,-23.8
CPI+NFP,15,0.1,0,0.15,2.0,1000,58,1.261,11.4,50,0.518,-35.3,51,0.429,-43.5
CPI+NFP,15,0.1,0,0.15,2.0,1100,58,1.233,10.7,50,0.446,-45.4,51,0.364,-54.7
CPI+NFP,15,0.1,0,0.15,2.0,1555,58,1.222,10.5,50,0.481,-42.5,51,0.398,-51.8
CPI+NFP,15,0.1,0,0.15,99.0,929,58,1.604,14.4,50,0.512,-26.4,51,0.518,-25.7
CPI+NFP,15,0.1,0,0.15,99.0,1000,58,0.886,-6.0,50,0.405,-46.5,51,0.386,-49.0
CPI+NFP,15,0.1,0,0.15,99.0,1100,58,0.877,-7.1,50,0.343,-58.6,51,0.326,-61.2
CPI+NFP,15,0.1,0,0.15,99.0,1555,58,1.29,17.5,50,0.457,-48.4,51,0.431,-51.6
CPI+NFP,15,0.1,0,0.3,1.0,929,58,1.881,21.5,50,0.372,-49.9,51,0.408,-42.8
CPI+NFP,15,0.1,0,0.3,1.0,1000,58,0.879,-8.3,50,0.647,-33.2,51,0.644,-33.3
CPI+NFP,15,0.1,0,0.3,1.0,1100,58,0.751,-20.8,50,0.57,-52.6,51,0.545,-57.6
CPI+NFP,15,0.1,0,0.3,1.0,1555,58,0.752,-21.2,50,0.572,-54.4,51,0.546,-59.7
CPI+NFP,15,0.1,0,0.3,2.0,929,58,1.683,16.7,50,0.349,-51.7,51,0.382,-44.7
CPI+NFP,15,0.1,0,0.3,2.0,1000,58,0.708,-23.8,50,0.514,-49.5,51,0.561,-43.7
CPI+NFP,15,0.1,0,0.3,2.0,1100,58,0.641,-35.3,50,0.453,-76.1,51,0.455,-75.3
CPI+NFP,15,0.1,0,0.3,2.0,1555,58,0.648,-37.7,50,0.432,-85.9,51,0.473,-79.2
CPI+NFP,15,0.1,0,0.3,99.0,929,58,1.683,16.7,50,0.349,-51.7,51,0.382,-44.7
CPI+NFP,15,0.1,0,0.3,99.0,1000,58,0.631,-31.0,50,0.525,-48.3,51,0.571,-42.7
CPI+NFP,15,0.1,0,0.3,99.0,1100,58,0.59,-41.3,50,0.427,-79.6,51,0.437,-77.9
CPI+NFP,15,0.1,0,0.3,99.0,1555,58,0.698,-34.5,50,0.482,-78.3,51,0.514,-73.1
CPI+NFP,15,0.1,1,0.15,1.0,929,58,0.369,-27.7,50,1.531,17.2,51,1.39,13.2
CPI+NFP,15,0.1,1,0.15,1.0,1000,58,0.388,-33.0,50,1.306,13.6,51,1.172,8.2
CPI+NFP,15,0.1,1,0.15,1.0,1100,58,0.409,-31.9,50,1.306,13.6,51,1.172,8.2
CPI+NFP,15,0.1,1,0.15,1.0,1555,58,0.409,-31.9,50,1.306,13.6,51,1.172,8.2
CPI+NFP,15,0.1,1,0.15,2.0,929,58,0.373,-29.0,50,2.284,41.6,51,1.978,33.2
CPI+NFP,15,0.1,1,0.15,2.0,1000,58,0.481,-30.0,50,1.312,18.6,51,1.061,4.0
CPI+NFP,15,0.1,1,0.15,2.0,1100,58,0.568,-25.8,50,1.462,27.6,51,1.218,14.2
CPI+NFP,15,0.1,1,0.15,2.0,1555,58,0.568,-25.8,50,1.462,27.6,51,1.218,14.2
CPI+NFP,15,0.1,1,0.15,99.0,929,58,0.426,-26.5,50,2.259,40.8,51,1.938,31.9
CPI+NFP,15,0.1,1,0.15,99.0,1000,58,0.596,-23.8,50,0.938,-4.2,51,0.927,-5.3
CPI+NFP,15,0.1,1,0.15,99.0,1100,58,0.786,-13.4,50,1.01,0.8,51,0.656,-28.2
CPI+NFP,15,0.1,1,0.15,99.0,1555,58,0.814,-12.3,50,1.168,13.3,51,0.755,-20.7
CPI+NFP,15,0.1,1,0.3,1.0,929,58,0.444,-27.2,50,2.398,44.2,51,2.17,37.1
CPI+NFP,15,0.1,1,0.3,1.0,1000,58,1.046,2.9,50,1.439,27.7,51,1.322,21.6
CPI+NFP,15,0.1,1,0.3,1.0,1100,58,1.172,11.5,50,1.657,47.2,51,1.562,42.6
CPI+NFP,15,0.1,1,0.3,1.0,1555,58,1.175,12.0,50,1.657,49.1,51,1.568,44.7
CPI+NFP,15,0.1,1,0.3,2.0,929,58,0.494,-24.7,50,2.372,43.4,51,2.127,35.8
CPI+NFP,15,0.1,1,0.3,2.0,1000,58,1.166,10.8,50,1.148,9.8,51,1.172,12.0
CPI+NFP,15,0.1,1,0.3,2.0,1100,58,1.467,32.7,50,1.309,29.2,51,1.306,29.3
CPI+NFP,15,0.1,1,0.3,2.0,1555,58,1.288,24.8,50,1.168,17.7,51,1.179,19.2
CPI+NFP,15,0.1,1,0.3,99.0,929,58,0.494,-24.7,50,2.372,43.4,51,2.127,35.8
CPI+NFP,15,0.1,1,0.3,99.0,1000,58,1.134,8.8,50,1.194,12.8,51,1.213,14.8
CPI+NFP,15,0.1,1,0.3,99.0,1100,58,1.471,33.0,50,1.273,26.6,51,1.208,20.5
CPI+NFP,15,0.1,1,0.3,99.0,1555,58,1.417,38.6,50,1.306,35.3,51,1.352,41.0
CPI+NFP,30,0.0,0,0.15,1.0,929,93,0.726,-7.0,64,0.444,-22.8,63,0.462,-21.8
CPI+NFP,30,0.0,0,0.15,1.0,1000,93,0.919,-3.1,64,0.473,-35.3,63,0.542,-29.7
CPI+NFP,30,0.0,0,0.15,1.0,1100,93,0.885,-4.5,64,0.476,-37.2,63,0.56,-30.3
CPI+NFP,30,0.0,0,0.15,1.0,1555,93,0.885,-4.5,64,0.468,-38.9,63,0.583,-28.7
CPI+NFP,30,0.0,0,0.15,2.0,929,93,0.665,-8.7,64,0.413,-24.7,63,0.422,-24.0
CPI+NFP,30,0.0,0,0.15,2.0,1000,93,0.726,-13.9,64,0.501,-37.5,63,0.606,-28.9
CPI+NFP,30,0.0,0,0.15,2.0,1100,93,0.653,-19.1,64,0.509,-40.0,63,0.622,-30.0
CPI+NFP,30,0.0,0,0.15,2.0,1555,93,0.711,-16.2,64,0.545,-38.0,63,0.643,-29.2
CPI+NFP,30,0.0,0,0.15,99.0,929,93,0.624,-9.8,64,0.413,-24.7,63,0.422,-24.0
CPI+NFP,30,0.0,0,0.15,99.0,1000,93,0.601,-21.5,64,0.631,-27.8,63,0.819,-13.3
CPI+NFP,30,0.0,0,0.15,99.0,1100,93,0.528,-28.4,64,0.604,-32.7,63,0.685,-25.9
CPI+NFP,30,0.0,0,0.15,99.0,1555,93,0.779,-13.9,64,1.013,1.1,63,1.087,7.6
CPI+NFP,30,0.0,0,0.3,1.0,929,93,0.521,-16.4,64,0.372,-29.4,63,0.395,-26.9
CPI+NFP,30,0.0,0,0.3,1.0,1000,93,0.674,-22.9,64,0.548,-47.1,63,0.628,-36.8
CPI+NFP,30,0.0,0,0.3,1.0,1100,93,0.676,-25.8,64,0.497,-64.8,63,0.567,-53.8
CPI+NFP,30,0.0,0,0.3,1.0,1555,93,0.676,-28.0,64,0.548,-59.7,63,0.591,-53.1
CPI+NFP,30,0.0,0,0.3,2.0,929,93,0.49,-17.4,64,0.372,-29.4,63,0.395,-26.9
CPI+NFP,30,0.0,0,0.3,2.0,1000,93,0.614,-29.2,64,0.655,-36.1,63,0.746,-25.1
CPI+NFP,30,0.0,0,0.3,2.0,1100,93,0.541,-42.0,64,0.669,-43.3,63,0.741,-32.7
CPI+NFP,30,0.0,0,0.3,2.0,1555,93,0.655,-35.2,64,0.802,-27.0,63,0.872,-17.1
CPI+NFP,30,0.0,0,0.3,99.0,929,93,0.49,-17.4,64,0.372,-29.4,63,0.395,-26.9
CPI+NFP,30,0.0,0,0.3,99.0,1000,93,0.568,-33.4,64,0.702,-31.1,63,0.797,-20.1
CPI+NFP,30,0.0,0,0.3,99.0,1100,93,0.48,-48.3,64,0.575,-55.6,63,0.638,-45.6
CPI+NFP,30,0.0,0,0.3,99.0,1555,93,0.65,-36.7,64,0.833,-23.6,63,0.897,-14.4
CPI+NFP,30,0.0,1,0.15,1.0,929,93,1.065,1.4,64,1.792,16.4,63,1.772,16.1
CPI+NFP,30,0.0,1,0.15,1.0,1000,93,0.941,-2.2,64,1.806,27.8,63,1.659,24.4
CPI+NFP,30,0.0,1,0.15,1.0,1100,93,0.98,-0.8,64,1.815,29.8,63,1.617,24.9
CPI+NFP,30,0.0,1,0.15,1.0,1555,93,0.98,-0.8,64,1.851,31.5,63,1.556,23.4
CPI+NFP,30,0.0,1,0.15,2.0,929,93,1.407,8.9,64,2.038,21.5,63,1.906,18.9
CPI+NFP,30,0.0,1,0.15,2.0,1000,93,0.928,-3.4,64,1.778,38.4,63,1.592,30.7
CPI+NFP,30,0.0,1,0.15,2.0,1100,93,1.025,1.2,64,1.818,44.3,63,1.6,35.1
CPI+NFP,30,0.0,1,0.15,2.0,1555,93,0.964,-1.8,64,1.735,41.8,63,1.58,34.8
CPI+NFP,30,0.0,1,0.15,99.0,929,93,1.303,6.6,64,2.066,22.0,63,1.904,18.9
CPI+NFP,30,0.0,1,0.15,99.0,1000,93,0.988,-0.6,64,1.422,21.9,63,1.352,19.0
CPI+NFP,30,0.0,1,0.15,99.0,1100,93,1.047,2.5,64,1.536,36.4,63,1.42,29.3
CPI+NFP,30,0.0,1,0.15,99.0,1555,93,0.981,-1.2,64,1.277,22.2,63,1.276,22.3
CPI+NFP,30,0.0,1,0.3,1.0,929,93,1.522,10.6,64,2.207,23.6,63,2.072,21.1
CPI+NFP,30,0.0,1,0.3,1.0,1000,93,1.35,17.4,64,1.703,41.7,63,1.487,31.3
CPI+NFP,30,0.0,1,0.3,1.0,1100,93,1.365,20.4,64,1.9,59.4,63,1.666,48.4
CPI+NFP,30,0.0,1,0.3,1.0,1555,93,1.373,22.7,64,1.731,54.4,63,1.606,47.8
CPI+NFP,30,0.0,1,0.3,2.0,929,93,1.412,8.4,64,2.236,24.1,63,2.069,21.1
CPI+NFP,30,0.0,1,0.3,2.0,1000,93,1.295,16.3,64,1.501,30.0,63,1.351,22.5
CPI+NFP,30,0.0,1,0.3,2.0,1100,93,1.201,13.8,64,1.848,69.8,63,1.539,48.1
CPI+NFP,30,0.0,1,0.3,2.0,1555,93,1.151,12.8,64,1.786,72.8,63,1.529,52.8
CPI+NFP,30,0.0,1,0.3,99.0,929,93,1.412,8.4,64,2.236,24.1,63,2.069,21.1
CPI+NFP,30,0.0,1,0.3,99.0,1000,93,1.282,15.6,64,1.45,26.9,63,1.337,21.6
CPI+NFP,30,0.0,1,0.3,99.0,1100,93,1.269,18.8,64,1.766,65.1,63,1.593,53.3
CPI+NFP,30,0.0,1,0.3,99.0,1555,93,1.201,18.3,64,1.811,83.9,63,1.741,78.8
CPI+NFP,30,0.1,0,0.15,1.0,929,70,0.876,-3.2,45,0.333,-30.8,44,0.36,-29.1
CPI+NFP,30,0.1,0,0.15,1.0,1000,70,1.078,2.8,45,0.363,-45.8,44,0.397,-42.8
CPI+NFP,30,0.1,0,0.15,1.0,1100,70,1.021,0.8,45,0.39,-45.5,44,0.425,-42.5
CPI+NFP,30,0.1,0,0.15,1.0,1555,70,1.021,0.8,45,0.399,-44.8,44,0.434,-41.8
CPI+NFP,30,0.1,0,0.15,2.0,929,70,0.832,-4.3,45,0.309,-33.0,44,0.325,-31.7
CPI+NFP,30,0.1,0,0.15,2.0,1000,70,0.863,-6.8,45,0.42,-44.8,44,0.476,-40.1
CPI+NFP,30,0.1,0,0.15,2.0,1100,70,0.823,-9.3,45,0.4,-49.8,44,0.452,-45.2
CPI+NFP,30,0.1,0,0.15,2.0,1555,70,0.895,-5.6,45,0.47,-44.0,44,0.527,-39.0
CPI+NFP,30,0.1,0,0.15,99.0,929,70,0.777,-5.8,45,0.309,-33.0,44,0.325,-31.7
CPI+NFP,30,0.1,0,0.15,99.0,1000,70,0.674,-17.7,45,0.532,-36.3,44,0.686,-24.1
CPI+NFP,30,0.1,0,0.15,99.0,1100,70,0.636,-21.3,45,0.387,-51.8,44,0.476,-44.0
CPI+NFP,30,0.1,0,0.15,99.0,1555,70,0.947,-3.3,45,0.832,-14.8,44,0.936,-5.6
CPI+NFP,30,0.1,0,0.3,1.0,929,70,0.626,-13.3,45,0.271,-39.7,44,0.293,-36.8
CPI+NFP,30,0.1,0,0.3,1.0,1000,70,0.728,-20.2,45,0.467,-60.6,44,0.497,-55.5
CPI+NFP,30,0.1,0,0.3,1.0,1100,70,0.633,-32.4,45,0.449,-73.1,44,0.463,-71.1
CPI+NFP,30,0.1,0,0.3,1.0,1555,70,0.673,-29.6,45,0.477,-71.7,44,0.492,-69.7
CPI+NFP,30,0.1,0,0.3,2.0,929,70,0.586,-14.7,45,0.271,-39.7,44,0.293,-36.8
CPI+NFP,30,0.1,0,0.3,2.0,1000,70,0.648,-28.7,45,0.559,-50.2,44,0.592,-45.2
CPI+NFP,30,0.1,0,0.3,2.0,1100,70,0.502,-51.0,45,0.581,-56.8,44,0.603,-53.6
CPI+NFP,30,0.1,0,0.3,2.0,1555,70,0.612,-42.6,45,0.598,-57.5,44,0.622,-54.2
CPI+NFP,30,0.1,0,0.3,99.0,929,70,0.586,-14.7,45,0.271,-39.7,44,0.293,-36.8
CPI+NFP,30,0.1,0,0.3,99.0,1000,70,0.591,-34.1,45,0.621,-43.1,44,0.656,-38.1
CPI+NFP,30,0.1,0,0.3,99.0,1100,70,0.426,-60.0,45,0.452,-74.3,44,0.469,-71.8
CPI+NFP,30,0.1,0,0.3,99.0,1555,70,0.635,-41.5,45,0.687,-47.2,44,0.707,-44.3
CPI+NFP,30,0.1,1,0.15,1.0,929,70,0.903,-2.4,45,2.378,24.1,44,2.299,23.5
CPI+NFP,30,0.1,1,0.15,1.0,1000,70,0.804,-8.1,45,2.283,37.5,44,2.255,37.4
CPI+NFP,30,0.1,1,0.15,1.0,1100,70,0.852,-6.1,45,2.151,37.1,44,2.124,37.1
CPI+NFP,30,0.1,1,0.15,1.0,1555,70,0.852,-6.1,45,2.111,36.5,44,2.083,36.5
CPI+NFP,30,0.1,1,0.15,2.0,929,70,1.242,6.3,45,2.804,31.5,44,2.572,28.4
CPI+NFP,30,0.1,1,0.15,2.0,1000,70,0.897,-5.1,45,2.344,57.8,44,2.233,54.2
CPI+NFP,30,0.1,1,0.15,2.0,1100,70,1.086,4.3,45,2.342,64.0,44,2.275,62.2
CPI+NFP,30,0.1,1,0.15,2.0,1555,70,1.086,4.3,45,2.312,63.4,44,2.244,61.5
CPI+NFP,30,0.1,1,0.15,99.0,929,70,1.131,3.4,45,2.85,32.3,44,2.567,28.4
CPI+NFP,30,0.1,1,0.15,99.0,1000,70,1.02,1.0,45,1.835,39.0,44,1.927,43.6
CPI+NFP,30,0.1,1,0.15,99.0,1100,70,1.12,6.7,45,2.042,62.4,44,1.984,59.2
CPI+NFP,30,0.1,1,0.15,99.0,1555,70,0.957,-2.7,45,1.689,49.0,44,1.604,43.0
CPI+NFP,30,0.1,1,0.3,1.0,929,70,1.302,7.6,45,3.072,34.0,44,2.828,31.0
CPI+NFP,30,0.1,1,0.3,1.0,1000,70,1.262,14.8,45,2.002,55.1,44,1.879,50.0
CPI+NFP,30,0.1,1,0.3,1.0,1100,70,1.465,27.0,45,2.101,67.8,44,2.038,65.7
CPI+NFP,30,0.1,1,0.3,1.0,1555,70,1.385,24.3,45,1.986,66.4,44,1.926,64.4
CPI+NFP,30,0.1,1,0.3,2.0,929,70,1.187,4.7,45,3.121,34.8,44,2.823,30.9
CPI+NFP,30,0.1,1,0.3,2.0,1000,70,1.241,14.7,45,1.783,43.7,44,1.776,44.2
CPI+NFP,30,0.1,1,0.3,2.0,1100,70,1.271,19.7,45,2.055,79.8,44,1.788,61.5
CPI+NFP,30,0.1,1,0.3,2.0,1555,70,1.074,6.9,45,2.046,87.6,44,1.769,69.2
CPI+NFP,30,0.1,1,0.3,99.0,929,70,1.187,4.7,45,3.121,34.8,44,2.823,30.9
CPI+NFP,30,0.1,1,0.3,99.0,1000,70,1.206,12.6,45,1.706,39.3,44,1.753,42.9
CPI+NFP,30,0.1,1,0.3,99.0,1100,70,1.258,19.1,45,1.795,63.1,44,1.766,60.5
CPI+NFP,30,0.1,1,0.3,99.0,1555,70,1.065,6.5,45,1.959,90.3,44,1.909,85.7
FOMC,5,0.0,0,0.15,1.0,1555,32,0.91,-3.5,22,0.506,-35.3,21,0.384,-49.9
FOMC,5,0.0,0,0.15,2.0,1555,32,0.675,-18.5,22,0.565,-36.1,21,0.447,-49.9
FOMC,5,0.0,0,0.15,99.0,1555,32,0.487,-35.7,22,1.002,0.2,21,0.9,-9.2
FOMC,5,0.0,0,0.3,1.0,1555,32,0.846,-11.2,22,1.075,6.9,21,0.811,-20.7
FOMC,5,0.0,0,0.3,2.0,1555,32,0.72,-26.2,22,0.992,-0.9,21,0.765,-30.0
FOMC,5,0.0,0,0.3,99.0,1555,32,0.624,-37.1,22,0.981,-2.2,21,0.773,-30.2
FOMC,5,0.0,1,0.15,1.0,1555,32,0.86,-5.6,22,1.646,25.3,21,2.168,39.6
FOMC,5,0.0,1,0.15,2.0,1555,32,0.647,-19.0,22,1.019,1.2,21,1.307,19.1
FOMC,5,0.0,1,0.15,99.0,1555,32,0.262,-48.9,22,0.869,-10.2,21,1.06,4.5
FOMC,5,0.0,1,0.3,1.0,1555,32,1.091,5.8,22,0.88,-12.3,21,1.168,15.3
FOMC,5,0.0,1,0.3,2.0,1555,32,1.267,20.5,22,0.899,-12.0,21,0.948,-6.0
FOMC,5,0.0,1,0.3,99.0,1555,32,1.243,21.2,22,0.727,-34.1,21,0.89,-12.8
FOMC,5,0.1,0,0.15,1.0,1555,22,1.229,7.5,13,,-34.7,12,,-22.0
FOMC,5,0.1,0,0.15,2.0,1555,22,0.849,-8.0,13,,-62.3,12,,-30.8
FOMC,5,0.1,0,0.15,99.0,1555,22,0.754,-16.1,13,,28.3,12,,60.4
FOMC,5,0.1,0,0.3,1.0,1555,22,0.729,-21.9,13,,-29.4,12,,-6.3
FOMC,5,0.1,0,0.3,2.0,1555,22,0.726,-28.0,13,,-44.2,12,,-4.0
FOMC,5,0.1,0,0.3,99.0,1555,22,0.598,-44.1,13,,-9.1,12,,4.1
FOMC,5,0.1,1,0.15,1.0,1555,22,0.702,-12.8,13,,21.5,12,,8.1
FOMC,5,0.1,1,0.15,2.0,1555,22,0.535,-27.6,13,,3.4,12,,-20.3
FOMC,5,0.1,1,0.15,99.0,1555,22,0.274,-52.3,13,,-30.0,12,,-85.3
FOMC,5,0.1,1,0.3,1.0,1555,22,1.27,16.6,13,,24.1,12,,0.9
FOMC,5,0.1,1,0.3,2.0,1555,22,1.402,31.8,13,,10.4,12,,-66.5
FOMC,5,0.1,1,0.3,99.0,1555,22,1.762,64.0,13,,-26.9,12,,-87.6
FOMC,15,0.0,0,0.15,1.0,1555,32,0.553,-21.6,22,0.667,-20.9,20,0.547,-32.7
FOMC,15,0.0,0,0.15,2.0,1555,32,0.39,-36.5,22,0.834,-12.0,20,0.816,-14.7
FOMC,15,0.0,0,0.15,99.0,1555,32,0.205,-54.6,22,0.623,-30.1,20,0.605,-34.6
FOMC,15,0.0,0,0.3,1.0,1555,32,0.44,-50.8,22,1.648,48.2,20,1.592,47.5
FOMC,15,0.0,0,0.3,2.0,1555,32,0.23,-86.2,22,1.125,12.9,20,1.026,2.9
FOMC,15,0.0,0,0.3,99.0,1555,32,0.134,-101.2,22,1.233,24.5,20,1.182,20.7
FOMC,15,0.0,1,0.15,1.0,1555,32,1.573,16.5,22,1.352,15.6,20,1.659,27.4
FOMC,15,0.0,1,0.15,2.0,1555,32,1.492,20.7,22,0.967,-2.3,20,1.179,11.9
FOMC,15,0.0,1,0.15,99.0,1555,32,1.402,22.2,22,0.508,-41.8,20,0.604,-32.8
FOMC,15,0.0,1,0.3,1.0,1555,32,2.084,45.4,22,0.575,-53.6,20,0.596,-52.8
FOMC,15,0.0,1,0.3,2.0,1555,32,1.687,45.7,22,0.436,-84.6,20,0.402,-94.0
FOMC,15,0.0,1,0.3,99.0,1555,32,1.739,52.0,22,0.293,-109.9,20,0.335,-104.7
FOMC,15,0.1,0,0.15,1.0,1555,22,0.3,-42.7,12,,-57.1,12,,-55.0
FOMC,15,0.1,0,0.15,2.0,1555,22,0.228,-55.5,12,,-80.4,12,,-59.7
FOMC,15,0.1,0,0.15,99.0,1555,22,0.079,-71.9,12,,-95.0,12,,-100.4
FOMC,15,0.1,0,0.3,1.0,1555,22,0.394,-62.4,12,,-37.4,12,,-12.2
FOMC,15,0.1,0,0.3,2.0,1555,22,0.216,-97.2,12,,-87.0,12,,-96.1
FOMC,15,0.1,0,0.3,99.0,1555,22,0.065,-122.7,12,,-29.4,12,,-36.7
FOMC,15,0.1,1,0.15,1.0,1555,22,2.931,37.7,12,,51.8,12,,49.7
FOMC,15,0.1,1,0.15,2.0,1555,22,1.919,35.6,12,,64.8,12,,63.2
FOMC,15,0.1,1,0.15,99.0,1555,22,1.319,18.4,12,,-7.6,12,,-11.2
FOMC,15,0.1,1,0.3,1.0,1555,22,2.356,57.1,12,,32.1,12,,6.9
FOMC,15,0.1,1,0.3,2.0,1555,22,1.778,56.3,12,,-24.8,12,,-61.8
FOMC,15,0.1,1,0.3,99.0,1555,22,1.783,61.0,12,,-71.2,12,,-79.5
FOMC,30,0.0,0,0.15,1.0,1555,32,0.941,-2.3,22,1.127,6.3,21,0.847,-9.0
FOMC,30,0.0,0,0.15,2.0,1555,32,1.007,0.4,22,1.39,23.7,21,1.09,6.4
FOMC,30,0.0,0,0.15,99.0,1555,32,0.905,-5.8,22,0.53,-38.9,21,0.471,-49.3
FOMC,30,0.0,0,0.3,1.0,1555,32,0.871,-9.2,22,0.991,-0.9,21,0.825,-19.9
FOMC,30,0.0,0,0.3,2.0,1555,32,0.787,-18.9,22,0.785,-25.2,21,0.737,-34.3
FOMC,30,0.0,0,0.3,99.0,1555,32,0.865,-11.9,22,0.871,-16.0,21,0.819,-24.8
FOMC,30,0.0,1,0.15,1.0,1555,32,0.943,-2.2,22,0.808,-11.2,21,1.08,4.2
FOMC,30,0.0,1,0.15,2.0,1555,32,1.226,9.9,22,1.175,11.5,21,1.471,28.3
FOMC,30,0.0,1,0.15,99.0,1555,32,1.532,28.3,22,0.473,-44.5,21,0.572,-33.4
FOMC,30,0.0,1,0.3,1.0,1555,32,1.059,3.8,22,0.956,-4.5,21,1.152,14.6
FOMC,30,0.0,1,0.3,2.0,1555,32,1.432,32.0,22,0.604,-53.2,21,0.592,-53.3
FOMC,30,0.0,1,0.3,99.0,1555,32,1.573,45.5,22,0.488,-71.6,21,0.576,-55.4
FOMC,30,0.1,0,0.15,1.0,1555,19,0.96,-1.5,11,,-10.4,10,,-5.3
FOMC,30,0.1,0,0.15,2.0,1555,19,0.963,-1.9,11,,-12.5,10,,-7.7
FOMC,30,0.1,0,0.15,99.0,1555,19,1.28,16.2,11,,-81.6,10,,-83.5
FOMC,30,0.1,0,0.3,1.0,1555,19,0.644,-31.0,11,,-49.9,10,,-43.3
FOMC,30,0.1,0,0.3,2.0,1555,19,0.783,-21.8,11,,-50.6,10,,-43.6
FOMC,30,0.1,0,0.3,99.0,1555,19,0.9,-10.0,11,,4.1,10,,18.7
FOMC,30,0.1,1,0.15,1.0,1555,19,0.902,-3.8,11,,5.9,10,,1.0
FOMC,30,0.1,1,0.15,2.0,1555,19,1.322,14.4,11,,54.2,10,,48.4
FOMC,30,0.1,1,0.15,99.0,1555,19,1.515,29.1,11,,-52.2,10,,-52.0
FOMC,30,0.1,1,0.3,1.0,1555,19,1.437,25.6,11,,44.6,10,,37.9
FOMC,30,0.1,1,0.3,2.0,1555,19,2.164,77.5,11,,-47.9,10,,-76.5
FOMC,30,0.1,1,0.3,99.0,1555,19,2.104,83.2,11,,-80.0,10,,-75.8
