eval,fprof,B,mean9,min9,ploss,cash_fm,cash_fm_min,fbust,payouts,evals,funded_share
Estable C1200 (Ultra/Estable + oro WR x2) 1c,1c Ultra,2100.0,1255.0,1048.0,3.0,2812.0,1710.0,2.0,18.0,4.0,50.0
Estable C1200 (Ultra/Estable + oro WR x2) 1c,1c Ultra,3100.0,1629.0,1146.0,4.0,2508.0,1625.0,1.0,23.0,3.0,67.0
Estable C1200 (Ultra/Estable + oro WR x2) 1c,1c Ultra,4100.0,1647.0,1113.0,5.0,2358.0,1528.0,1.0,23.0,2.0,72.0
Estable C1200 (Ultra/Estable + oro WR x2) 1c,1c Ultra,5100.0,1594.0,1051.0,6.0,2235.0,1432.0,1.0,22.0,2.0,73.0
Estable C1200 (Ultra/Estable + oro WR x2) 1c,1c Ultra,6100.0,1568.0,981.0,16.0,2109.0,1337.0,0.0,22.0,2.0,76.0
Estable C1200 (Ultra/Estable + oro WR x2) 1c,1c Ultra escalones 750/1500,2100.0,1225.0,878.0,14.0,2275.0,1517.0,2.0,18.0,4.0,57.0
Estable C1200 (Ultra/Estable + oro WR x2) 1c,1c Ultra escalones 750/1500,3100.0,1658.0,1116.0,17.0,2432.0,1555.0,1.0,23.0,2.0,69.0
Estable C1200 (Ultra/Estable + oro WR x2) 1c,1c Ultra escalones 750/1500,4100.0,1644.0,1087.0,20.0,2313.0,1480.0,1.0,23.0,2.0,72.0
Estable C1200 (Ultra/Estable + oro WR x2) 1c,1c Ultra escalones 750/1500,5100.0,1636.0,1026.0,20.0,2173.0,1391.0,0.0,23.0,2.0,76.0
Estable C1200 (Ultra/Estable + oro WR x2) 1c,1c Ultra escalones 750/1500,6100.0,1567.0,957.0,21.0,2076.0,1298.0,0.0,22.0,2.0,76.0
Estable C1200 (Ultra/Estable + oro WR x2) 1c,1c WR70Plus,2100.0,1061.0,858.0,14.0,1757.0,1240.0,1.0,17.0,3.0,64.0
Estable C1200 (Ultra/Estable + oro WR x2) 1c,1c WR70Plus,3100.0,1095.0,853.0,16.0,1537.0,1147.0,1.0,18.0,2.0,73.0
Estable C1200 (Ultra/Estable + oro WR x2) 1c,1c WR70Plus,4100.0,1060.0,787.0,17.0,1449.0,1051.0,0.0,17.0,2.0,75.0
Estable C1200 (Ultra/Estable + oro WR x2) 1c,1c WR70Plus,5100.0,1016.0,716.0,20.0,1354.0,957.0,0.0,16.0,2.0,77.0
Estable C1200 (Ultra/Estable + oro WR x2) 1c,1c WR70Plus,6100.0,966.0,646.0,20.0,1264.0,865.0,0.0,16.0,1.0,78.0
Estable C1200 (Ultra/Estable + oro WR x2) 1c,2c Ultra,2100.0,911.0,295.0,27.0,4705.0,2038.0,4.0,10.0,7.0,21.0
Estable C1200 (Ultra/Estable + oro WR x2) 1c,2c Ultra,3100.0,1358.0,809.0,24.0,5012.0,3569.0,4.0,14.0,6.0,29.0
Estable C1200 (Ultra/Estable + oro WR x2) 1c,2c Ultra,4100.0,1629.0,699.0,24.0,5051.0,3397.0,3.0,16.0,5.0,34.0
Estable C1200 (Ultra/Estable + oro WR x2) 1c,2c Ultra,5100.0,1994.0,1096.0,24.0,4922.0,3356.0,3.0,20.0,5.0,43.0
Estable C1200 (Ultra/Estable + oro WR x2) 1c,2c Ultra,6100.0,2548.0,1794.0,24.0,4796.0,3266.0,2.0,24.0,4.0,54.0
Estable C1200 (Ultra/Estable + oro WR x2) 1c,2c Ultra escalones 750/1500,2100.0,1002.0,650.0,20.0,4862.0,2916.0,4.0,11.0,6.0,24.0
Estable C1200 (Ultra/Estable + oro WR x2) 1c,2c Ultra escalones 750/1500,3100.0,1417.0,806.0,20.0,5245.0,3322.0,4.0,14.0,6.0,30.0
Estable C1200 (Ultra/Estable + oro WR x2) 1c,2c Ultra escalones 750/1500,4100.0,1714.0,685.0,20.0,5244.0,3333.0,3.0,17.0,5.0,36.0
Estable C1200 (Ultra/Estable + oro WR x2) 1c,2c Ultra escalones 750/1500,5100.0,2083.0,1114.0,22.0,4764.0,3253.0,3.0,21.0,4.0,46.0
Estable C1200 (Ultra/Estable + oro WR x2) 1c,2c Ultra escalones 750/1500,6100.0,2742.0,1880.0,23.0,4872.0,3184.0,2.0,26.0,3.0,57.0
Estable C1200 (Ultra/Estable + oro WR x2) 1c,Ultra 1c -> 2c desde colchon 3000,2100.0,1255.0,1048.0,3.0,2812.0,1710.0,2.0,18.0,4.0,50.0
Estable C1200 (Ultra/Estable + oro WR x2) 1c,Ultra 1c -> 2c desde colchon 3000,3100.0,1862.0,1299.0,4.0,3267.0,1934.0,2.0,18.0,3.0,60.0
Estable C1200 (Ultra/Estable + oro WR x2) 1c,Ultra 1c -> 2c desde colchon 3000,4100.0,2123.0,1633.0,5.0,3941.0,2327.0,2.0,19.0,3.0,58.0
Estable C1200 (Ultra/Estable + oro WR x2) 1c,Ultra 1c -> 2c desde colchon 3000,5100.0,2641.0,1819.0,6.0,4074.0,2537.0,1.0,24.0,3.0,66.0
Estable C1200 (Ultra/Estable + oro WR x2) 1c,Ultra 1c -> 2c desde colchon 3000,6100.0,2780.0,1927.0,8.0,4105.0,2652.0,1.0,25.0,2.0,69.0
Estable C1200 (Ultra/Estable + oro WR x2) 1c,Ultra 1c -> 2c desde colchon 4000,2100.0,1255.0,1048.0,3.0,2812.0,1710.0,2.0,18.0,4.0,50.0
Estable C1200 (Ultra/Estable + oro WR x2) 1c,Ultra 1c -> 2c desde colchon 4000,3100.0,1629.0,1146.0,4.0,2508.0,1625.0,1.0,23.0,3.0,67.0
Estable C1200 (Ultra/Estable + oro WR x2) 1c,Ultra 1c -> 2c desde colchon 4000,4100.0,2186.0,1325.0,5.0,3188.0,1833.0,1.0,20.0,2.0,70.0
Estable C1200 (Ultra/Estable + oro WR x2) 1c,Ultra 1c -> 2c desde colchon 4000,5100.0,2443.0,1602.0,6.0,3542.0,2191.0,1.0,22.0,2.0,71.0
Estable C1200 (Ultra/Estable + oro WR x2) 1c,Ultra 1c -> 2c desde colchon 4000,6100.0,2669.0,1755.0,7.0,3800.0,2386.0,1.0,24.0,2.0,72.0
"Estable C1200 1c, sin stop",1c Ultra,2100.0,1200.0,1006.0,4.0,2896.0,1707.0,2.0,17.0,4.0,47.0
"Estable C1200 1c, sin stop",1c Ultra,3100.0,1570.0,1107.0,5.0,2539.0,1616.0,1.0,22.0,2.0,64.0
"Estable C1200 1c, sin stop",1c Ultra,4100.0,1584.0,1074.0,6.0,2369.0,1519.0,1.0,22.0,2.0,69.0
"Estable C1200 1c, sin stop",1c Ultra,5100.0,1534.0,1013.0,9.0,2241.0,1421.0,0.0,21.0,2.0,70.0
"Estable C1200 1c, sin stop",1c Ultra,6100.0,1505.0,943.0,18.0,2109.0,1324.0,0.0,21.0,2.0,73.0
"Estable C1200 1c, sin stop",1c Ultra escalones 750/1500,2100.0,1171.0,797.0,17.0,2263.0,1514.0,2.0,17.0,4.0,54.0
"Estable C1200 1c, sin stop",1c Ultra escalones 750/1500,3100.0,1587.0,1067.0,18.0,2417.0,1549.0,1.0,22.0,2.0,67.0
"Estable C1200 1c, sin stop",1c Ultra escalones 750/1500,4100.0,1577.0,1039.0,20.0,2295.0,1470.0,1.0,22.0,2.0,70.0
"Estable C1200 1c, sin stop",1c Ultra escalones 750/1500,5100.0,1569.0,990.0,22.0,2151.0,1380.0,0.0,22.0,2.0,73.0
"Estable C1200 1c, sin stop",1c Ultra escalones 750/1500,6100.0,1501.0,925.0,23.0,2052.0,1285.0,0.0,21.0,2.0,74.0
"Estable C1200 1c, sin stop",1c WR70Plus,2100.0,1012.0,831.0,14.0,1742.0,1233.0,1.0,17.0,3.0,61.0
"Estable C1200 1c, sin stop",1c WR70Plus,3100.0,1061.0,826.0,18.0,1530.0,1139.0,1.0,17.0,2.0,71.0
"Estable C1200 1c, sin stop",1c WR70Plus,4100.0,1024.0,762.0,19.0,1435.0,1042.0,0.0,16.0,2.0,73.0
"Estable C1200 1c, sin stop",1c WR70Plus,5100.0,979.0,691.0,21.0,1337.0,946.0,0.0,16.0,2.0,75.0
"Estable C1200 1c, sin stop",1c WR70Plus,6100.0,929.0,621.0,22.0,1246.0,852.0,0.0,15.0,1.0,76.0
"Estable C1200 1c, sin stop",2c Ultra,2100.0,775.0,384.0,17.0,4649.0,2467.0,4.0,9.0,6.0,18.0
"Estable C1200 1c, sin stop",2c Ultra,3100.0,1146.0,749.0,28.0,4848.0,3193.0,3.0,13.0,5.0,26.0
"Estable C1200 1c, sin stop",2c Ultra,4100.0,1546.0,930.0,37.0,5367.0,2978.0,3.0,15.0,5.0,31.0
"Estable C1200 1c, sin stop",2c Ultra,5100.0,1797.0,1112.0,35.0,4956.0,3269.0,3.0,18.0,5.0,39.0
"Estable C1200 1c, sin stop",2c Ultra,6100.0,2390.0,1282.0,36.0,4972.0,3042.0,2.0,22.0,4.0,49.0
"Estable C1200 1c, sin stop",2c Ultra escalones 750/1500,2100.0,848.0,528.0,19.0,4565.0,3123.0,4.0,10.0,6.0,21.0
"Estable C1200 1c, sin stop",2c Ultra escalones 750/1500,3100.0,1328.0,898.0,22.0,5244.0,3313.0,3.0,14.0,5.0,28.0
"Estable C1200 1c, sin stop",2c Ultra escalones 750/1500,4100.0,1684.0,1215.0,21.0,5656.0,3320.0,3.0,16.0,5.0,33.0
"Estable C1200 1c, sin stop",2c Ultra escalones 750/1500,5100.0,1818.0,1120.0,22.0,4851.0,3242.0,3.0,18.0,4.0,40.0
"Estable C1200 1c, sin stop",2c Ultra escalones 750/1500,6100.0,2527.0,1791.0,24.0,5080.0,3174.0,2.0,24.0,3.0,51.0
"Estable C1200 1c, sin stop",Ultra 1c -> 2c desde colchon 3000,2100.0,1200.0,1006.0,4.0,2896.0,1707.0,2.0,17.0,4.0,47.0
"Estable C1200 1c, sin stop",Ultra 1c -> 2c desde colchon 3000,3100.0,1788.0,1245.0,5.0,3341.0,1910.0,2.0,18.0,3.0,57.0
"Estable C1200 1c, sin stop",Ultra 1c -> 2c desde colchon 3000,4100.0,2048.0,1569.0,6.0,4017.0,2315.0,1.0,18.0,3.0,55.0
"Estable C1200 1c, sin stop",Ultra 1c -> 2c desde colchon 3000,5100.0,2549.0,1746.0,7.0,4124.0,2522.0,1.0,23.0,2.0,63.0
"Estable C1200 1c, sin stop",Ultra 1c -> 2c desde colchon 3000,6100.0,2687.0,1848.0,12.0,4150.0,2627.0,1.0,24.0,2.0,66.0
"Estable C1200 1c, sin stop",Ultra 1c -> 2c desde colchon 4000,2100.0,1200.0,1006.0,4.0,2896.0,1707.0,2.0,17.0,4.0,47.0
"Estable C1200 1c, sin stop",Ultra 1c -> 2c desde colchon 4000,3100.0,1570.0,1107.0,5.0,2539.0,1616.0,1.0,22.0,2.0,64.0
"Estable C1200 1c, sin stop",Ultra 1c -> 2c desde colchon 4000,4100.0,2092.0,1243.0,6.0,3196.0,1736.0,1.0,19.0,2.0,67.0
"Estable C1200 1c, sin stop",Ultra 1c -> 2c desde colchon 4000,5100.0,2337.0,1536.0,8.0,3543.0,2141.0,1.0,21.0,2.0,68.0
"Estable C1200 1c, sin stop",Ultra 1c -> 2c desde colchon 4000,6100.0,2551.0,1692.0,9.0,3796.0,2369.0,1.0,23.0,2.0,69.0
Ultra fijo 1c + oro Robust,1c Ultra,2100.0,1341.0,1127.0,2.0,2687.0,1719.0,2.0,19.0,5.0,55.0
Ultra fijo 1c + oro Robust,1c Ultra,3100.0,1742.0,1219.0,2.0,2523.0,1639.0,1.0,24.0,3.0,71.0
Ultra fijo 1c + oro Robust,1c Ultra,4100.0,1755.0,1186.0,2.0,2374.0,1546.0,1.0,24.0,2.0,76.0
Ultra fijo 1c + oro Robust,1c Ultra,5100.0,1699.0,1123.0,5.0,2251.0,1451.0,0.0,24.0,2.0,77.0
Ultra fijo 1c + oro Robust,1c Ultra,6100.0,1665.0,1051.0,10.0,2132.0,1358.0,0.0,23.0,2.0,79.0
Ultra fijo 1c + oro Robust,1c Ultra escalones 750/1500,2100.0,1254.0,856.0,10.0,2284.0,1528.0,2.0,18.0,4.0,58.0
Ultra fijo 1c + oro Robust,1c Ultra escalones 750/1500,3100.0,1707.0,1190.0,12.0,2403.0,1572.0,1.0,24.0,3.0,73.0
Ultra fijo 1c + oro Robust,1c Ultra escalones 750/1500,4100.0,1688.0,1159.0,12.0,2285.0,1497.0,1.0,24.0,2.0,76.0
Ultra fijo 1c + oro Robust,1c Ultra escalones 750/1500,5100.0,1671.0,1096.0,12.0,2147.0,1409.0,0.0,23.0,2.0,79.0
Ultra fijo 1c + oro Robust,1c Ultra escalones 750/1500,6100.0,1600.0,1026.0,14.0,2051.0,1319.0,0.0,22.0,2.0,79.0
Ultra fijo 1c + oro Robust,1c WR70Plus,2100.0,1099.0,917.0,7.0,1753.0,1251.0,1.0,18.0,3.0,66.0
Ultra fijo 1c + oro Robust,1c WR70Plus,3100.0,1129.0,908.0,12.0,1528.0,1160.0,1.0,18.0,2.0,76.0
Ultra fijo 1c + oro Robust,1c WR70Plus,4100.0,1093.0,840.0,12.0,1443.0,1066.0,0.0,18.0,2.0,78.0
Ultra fijo 1c + oro Robust,1c WR70Plus,5100.0,1046.0,767.0,15.0,1350.0,974.0,0.0,17.0,2.0,79.0
Ultra fijo 1c + oro Robust,1c WR70Plus,6100.0,991.0,694.0,16.0,1262.0,883.0,0.0,16.0,2.0,80.0
Ultra fijo 1c + oro Robust,2c Ultra,2100.0,1311.0,490.0,12.0,5848.0,3077.0,5.0,12.0,8.0,24.0
Ultra fijo 1c + oro Robust,2c Ultra,3100.0,1813.0,1446.0,12.0,5966.0,3593.0,4.0,17.0,7.0,33.0
Ultra fijo 1c + oro Robust,2c Ultra,4100.0,2223.0,1813.0,16.0,6029.0,3489.0,3.0,21.0,7.0,41.0
Ultra fijo 1c + oro Robust,2c Ultra,5100.0,2705.0,1957.0,16.0,5805.0,3371.0,3.0,25.0,5.0,50.0
Ultra fijo 1c + oro Robust,2c Ultra,6100.0,3062.0,2044.0,16.0,5202.0,3295.0,2.0,28.0,4.0,60.0
Ultra fijo 1c + oro Robust,2c Ultra escalones 750/1500,2100.0,1437.0,993.0,7.0,5625.0,3177.0,5.0,14.0,8.0,28.0
Ultra fijo 1c + oro Robust,2c Ultra escalones 750/1500,3100.0,1823.0,1336.0,13.0,5668.0,3340.0,4.0,17.0,7.0,35.0
Ultra fijo 1c + oro Robust,2c Ultra escalones 750/1500,4100.0,2116.0,1723.0,17.0,5516.0,3366.0,3.0,20.0,6.0,42.0
Ultra fijo 1c + oro Robust,2c Ultra escalones 750/1500,5100.0,2667.0,1992.0,18.0,5399.0,3297.0,2.0,25.0,5.0,52.0
Ultra fijo 1c + oro Robust,2c Ultra escalones 750/1500,6100.0,3136.0,2085.0,18.0,5106.0,3233.0,2.0,29.0,4.0,62.0
Ultra fijo 1c + oro Robust,Ultra 1c -> 2c desde colchon 3000,2100.0,1341.0,1127.0,2.0,2687.0,1719.0,2.0,19.0,5.0,55.0
Ultra fijo 1c + oro Robust,Ultra 1c -> 2c desde colchon 3000,3100.0,2023.0,1379.0,3.0,3312.0,1945.0,2.0,20.0,4.0,64.0
Ultra fijo 1c + oro Robust,Ultra 1c -> 2c desde colchon 3000,4100.0,2302.0,1733.0,3.0,3937.0,2347.0,2.0,21.0,4.0,62.0
Ultra fijo 1c + oro Robust,Ultra 1c -> 2c desde colchon 3000,5100.0,2838.0,1930.0,4.0,4095.0,2562.0,1.0,26.0,3.0,71.0
Ultra fijo 1c + oro Robust,Ultra 1c -> 2c desde colchon 3000,6100.0,3010.0,2053.0,4.0,4165.0,2685.0,1.0,27.0,2.0,74.0
Ultra fijo 1c + oro Robust,Ultra 1c -> 2c desde colchon 4000,2100.0,1341.0,1127.0,2.0,2687.0,1719.0,2.0,19.0,5.0,55.0
Ultra fijo 1c + oro Robust,Ultra 1c -> 2c desde colchon 4000,3100.0,1742.0,1219.0,2.0,2523.0,1639.0,1.0,24.0,3.0,71.0
Ultra fijo 1c + oro Robust,Ultra 1c -> 2c desde colchon 4000,4100.0,2326.0,1410.0,2.0,3202.0,1850.0,1.0,22.0,2.0,75.0
Ultra fijo 1c + oro Robust,Ultra 1c -> 2c desde colchon 4000,5100.0,2607.0,1704.0,3.0,3573.0,2211.0,1.0,23.0,2.0,75.0
Ultra fijo 1c + oro Robust,Ultra 1c -> 2c desde colchon 4000,6100.0,2841.0,1868.0,4.0,3824.0,2410.0,1.0,26.0,2.0,76.0
WR70Plus fijo 1c + oro WinRate,1c Ultra,2100.0,1172.0,1013.0,2.0,2730.0,1719.0,2.0,17.0,4.0,48.0
WR70Plus fijo 1c + oro WinRate,1c Ultra,3100.0,1596.0,1160.0,3.0,2505.0,1628.0,1.0,23.0,3.0,66.0
WR70Plus fijo 1c + oro WinRate,1c Ultra,4100.0,1624.0,1128.0,4.0,2353.0,1532.0,1.0,23.0,2.0,71.0
WR70Plus fijo 1c + oro WinRate,1c Ultra,5100.0,1565.0,1066.0,4.0,2218.0,1434.0,1.0,22.0,2.0,72.0
WR70Plus fijo 1c + oro WinRate,1c Ultra,6100.0,1523.0,994.0,10.0,2090.0,1339.0,0.0,21.0,2.0,74.0
WR70Plus fijo 1c + oro WinRate,1c Ultra escalones 750/1500,2100.0,1157.0,789.0,12.0,2358.0,1524.0,2.0,17.0,4.0,52.0
WR70Plus fijo 1c + oro WinRate,1c Ultra escalones 750/1500,3100.0,1610.0,1136.0,13.0,2441.0,1560.0,1.0,23.0,2.0,67.0
WR70Plus fijo 1c + oro WinRate,1c Ultra escalones 750/1500,4100.0,1597.0,1103.0,14.0,2317.0,1480.0,1.0,23.0,2.0,70.0
WR70Plus fijo 1c + oro WinRate,1c Ultra escalones 750/1500,5100.0,1570.0,1041.0,16.0,2166.0,1388.0,0.0,22.0,2.0,73.0
WR70Plus fijo 1c + oro WinRate,1c Ultra escalones 750/1500,6100.0,1500.0,970.0,17.0,2065.0,1294.0,0.0,21.0,2.0,73.0
WR70Plus fijo 1c + oro WinRate,1c WR70Plus,2100.0,1052.0,878.0,3.0,1815.0,1249.0,1.0,18.0,3.0,62.0
WR70Plus fijo 1c + oro WinRate,1c WR70Plus,3100.0,1099.0,871.0,11.0,1549.0,1156.0,1.0,18.0,2.0,73.0
WR70Plus fijo 1c + oro WinRate,1c WR70Plus,4100.0,1061.0,805.0,13.0,1458.0,1058.0,0.0,17.0,2.0,75.0
WR70Plus fijo 1c + oro WinRate,1c WR70Plus,5100.0,1006.0,733.0,14.0,1354.0,965.0,0.0,16.0,2.0,76.0
WR70Plus fijo 1c + oro WinRate,1c WR70Plus,6100.0,951.0,661.0,15.0,1264.0,873.0,0.0,16.0,2.0,77.0
WR70Plus fijo 1c + oro WinRate,2c Ultra,2100.0,1010.0,386.0,8.0,4900.0,2377.0,4.0,11.0,6.0,22.0
WR70Plus fijo 1c + oro WinRate,2c Ultra,3100.0,1436.0,1025.0,14.0,5093.0,3525.0,3.0,15.0,5.0,30.0
WR70Plus fijo 1c + oro WinRate,2c Ultra,4100.0,1860.0,1077.0,26.0,5357.0,3451.0,3.0,18.0,5.0,37.0
WR70Plus fijo 1c + oro WinRate,2c Ultra,5100.0,2217.0,1447.0,26.0,5368.0,3347.0,2.0,22.0,4.0,44.0
WR70Plus fijo 1c + oro WinRate,2c Ultra,6100.0,2684.0,1885.0,26.0,4891.0,3257.0,2.0,25.0,3.0,56.0
WR70Plus fijo 1c + oro WinRate,2c Ultra escalones 750/1500,2100.0,1061.0,632.0,8.0,4857.0,2700.0,4.0,12.0,6.0,24.0
WR70Plus fijo 1c + oro WinRate,2c Ultra escalones 750/1500,3100.0,1429.0,857.0,9.0,5121.0,2875.0,3.0,15.0,5.0,30.0
WR70Plus fijo 1c + oro WinRate,2c Ultra escalones 750/1500,4100.0,1918.0,1451.0,16.0,5640.0,3315.0,3.0,18.0,5.0,37.0
WR70Plus fijo 1c + oro WinRate,2c Ultra escalones 750/1500,5100.0,2319.0,1811.0,18.0,5340.0,3249.0,2.0,22.0,4.0,46.0
WR70Plus fijo 1c + oro WinRate,2c Ultra escalones 750/1500,6100.0,2857.0,1893.0,18.0,4970.0,3189.0,1.0,27.0,3.0,58.0
WR70Plus fijo 1c + oro WinRate,Ultra 1c -> 2c desde colchon 3000,2100.0,1172.0,1013.0,2.0,2730.0,1719.0,2.0,17.0,4.0,48.0
WR70Plus fijo 1c + oro WinRate,Ultra 1c -> 2c desde colchon 3000,3100.0,1767.0,1314.0,4.0,3275.0,1943.0,1.0,18.0,3.0,58.0
WR70Plus fijo 1c + oro WinRate,Ultra 1c -> 2c desde colchon 3000,4100.0,2093.0,1646.0,4.0,3950.0,2332.0,1.0,19.0,3.0,57.0
WR70Plus fijo 1c + oro WinRate,Ultra 1c -> 2c desde colchon 3000,5100.0,2606.0,1837.0,5.0,4085.0,2550.0,1.0,24.0,3.0,65.0
WR70Plus fijo 1c + oro WinRate,Ultra 1c -> 2c desde colchon 3000,6100.0,2766.0,1950.0,6.0,4099.0,2663.0,1.0,26.0,2.0,69.0
WR70Plus fijo 1c + oro WinRate,Ultra 1c -> 2c desde colchon 4000,2100.0,1172.0,1013.0,2.0,2730.0,1719.0,2.0,17.0,4.0,48.0
WR70Plus fijo 1c + oro WinRate,Ultra 1c -> 2c desde colchon 4000,3100.0,1596.0,1160.0,3.0,2505.0,1628.0,1.0,23.0,3.0,66.0
WR70Plus fijo 1c + oro WinRate,Ultra 1c -> 2c desde colchon 4000,4100.0,2144.0,1343.0,4.0,3166.0,1838.0,1.0,20.0,2.0,70.0
WR70Plus fijo 1c + oro WinRate,Ultra 1c -> 2c desde colchon 4000,5100.0,2399.0,1620.0,5.0,3522.0,2191.0,1.0,22.0,2.0,70.0
WR70Plus fijo 1c + oro WinRate,Ultra 1c -> 2c desde colchon 4000,6100.0,2619.0,1771.0,5.0,3761.0,2383.0,1.0,24.0,2.0,71.0
