per,cuentas,mes_prom,mes_p10,mes_p90,P_anio_negativo,capital_p50,capital_p90
IS,1,1146,555,1739,0.7,316,736
IS,2,2290,1144,3477,0.9,631,1578
IS,3,3433,1704,5208,0.9,842,2314
IS,5,5715,2925,8633,0.9,1368,3682
IS,10,11397,5799,17263,0.9,2946,7154
C24,1,1367,610,2154,1.3,316,1052
C24,2,2736,1219,4272,1.4,736,1999
C24,3,4103,1864,6391,1.3,1052,2851
C24,5,6852,3178,10568,1.3,1683,4734
C24,10,13706,6643,21056,0.8,3682,9047
REAL,1,1504,725,2171,0.8,316,947
REAL,2,3008,1458,4369,0.7,631,1894
REAL,3,4509,2234,6549,0.7,1052,2840
REAL,5,7523,3833,10919,0.6,1683,4524
REAL,10,15046,7731,21680,0.6,3472,8626
