fam,j,params,IS_n,IS_wr,IS_pf,IS_net,C24_n,C24_wr,C24_pf,C24_net,REAL_n,REAL_wr,REAL_pf,REAL_net,TR_n,TR_wr,TR_pf,TR_net
Q_GAPVOL,0,"{'x': 0.1, 'reg': 0, 'mode': 'FILL', 'k': 0.2, 'tf': 0}",207,38.6,0.795,-2445,126,41.3,1.102,882,121,43.0,1.191,1548,290,43.8,1.063,205
Q_GAPVOL,1,"{'x': 0.1, 'reg': 0, 'mode': 'FILL', 'k': 0.2, 'tf': 1}",93,39.8,0.73,-1474,61,29.5,0.552,-2311,58,31.0,0.666,-1667,139,43.2,0.982,-29
Q_GAPVOL,2,"{'x': 0.1, 'reg': 0, 'mode': 'FILL', 'k': 0.35, 'tf': 0}",207,52.2,0.945,-826,126,53.2,1.147,1500,121,55.4,1.25,2341,290,55.9,1.019,81
Q_GAPVOL,3,"{'x': 0.1, 'reg': 0, 'mode': 'FILL', 'k': 0.35, 'tf': 1}",93,52.7,0.913,-623,61,45.9,0.719,-1657,58,48.3,0.839,-908,139,56.1,0.965,-72
Q_GAPVOL,4,"{'x': 0.1, 'reg': 0, 'mode': 'CONT1', 'k': 0.2, 'tf': 0}",209,53.6,1.187,1607,126,50.8,0.887,-910,121,47.1,0.792,-1746,290,46.6,0.846,-482
Q_GAPVOL,5,"{'x': 0.1, 'reg': 0, 'mode': 'CONT1', 'k': 0.2, 'tf': 1}",102,53.9,1.246,974,65,47.7,0.785,-945,62,45.2,0.716,-1252,150,49.3,0.947,-80
Q_GAPVOL,6,"{'x': 0.1, 'reg': 0, 'mode': 'CONT1', 'k': 0.35, 'tf': 0}",209,51.2,1.016,248,126,54.0,0.97,-357,121,51.2,0.901,-1210,290,47.9,0.884,-562
Q_GAPVOL,7,"{'x': 0.1, 'reg': 0, 'mode': 'CONT1', 'k': 0.35, 'tf': 1}",102,51.0,1.045,310,65,47.7,0.733,-1937,62,45.2,0.701,-2112,150,48.0,0.879,-294
Q_GAPVOL,8,"{'x': 0.1, 'reg': 0, 'mode': 'CONT2', 'k': 0.2, 'tf': 0}",209,35.4,1.106,1267,126,33.3,0.785,-2296,121,30.6,0.71,-3147,290,35.2,1.003,12
Q_GAPVOL,9,"{'x': 0.1, 'reg': 0, 'mode': 'CONT2', 'k': 0.2, 'tf': 1}",102,37.3,1.189,1018,65,32.3,0.758,-1331,62,30.6,0.682,-1727,150,38.0,1.144,265
Q_GAPVOL,10,"{'x': 0.1, 'reg': 0, 'mode': 'CONT2', 'k': 0.35, 'tf': 0}",209,43.5,1.164,2859,126,47.6,1.114,1517,121,44.6,1.017,227,290,40.0,0.867,-737
Q_GAPVOL,11,"{'x': 0.1, 'reg': 0, 'mode': 'CONT2', 'k': 0.35, 'tf': 1}",102,47.1,1.346,2575,65,38.5,0.709,-2337,62,35.5,0.662,-2666,150,44.0,0.928,-189
Q_GAPVOL,12,"{'x': 0.1, 'reg': 1, 'mode': 'FILL', 'k': 0.2, 'tf': 0}",297,43.1,1.045,770,193,46.1,1.228,3097,168,49.4,1.289,3501,324,44.1,1.121,438
Q_GAPVOL,13,"{'x': 0.1, 'reg': 1, 'mode': 'FILL', 'k': 0.2, 'tf': 1}",137,40.1,0.88,-991,78,50.0,1.585,3094,61,55.7,1.725,3090,139,41.0,0.933,-112
Q_GAPVOL,14,"{'x': 0.1, 'reg': 1, 'mode': 'FILL', 'k': 0.35, 'tf': 0}",297,54.5,0.985,-348,193,57.0,1.117,2095,168,58.9,1.13,2110,324,54.0,1.019,90
Q_GAPVOL,15,"{'x': 0.1, 'reg': 1, 'mode': 'FILL', 'k': 0.35, 'tf': 1}",137,54.0,0.943,-601,78,62.8,1.657,4077,61,67.2,1.762,3915,139,54.0,0.961,-84
Q_GAPVOL,16,"{'x': 0.1, 'reg': 1, 'mode': 'CONT1', 'k': 0.2, 'tf': 0}",297,48.1,0.871,-2009,196,46.9,0.86,-1913,170,44.1,0.8,-2611,327,48.6,0.904,-322
Q_GAPVOL,17,"{'x': 0.1, 'reg': 1, 'mode': 'CONT1', 'k': 0.2, 'tf': 1}",153,46.4,0.837,-1318,116,50.0,0.995,-38,72,47.2,0.886,-583,163,48.5,0.87,-221
Q_GAPVOL,18,"{'x': 0.1, 'reg': 1, 'mode': 'CONT1', 'k': 0.35, 'tf': 0}",297,48.5,0.943,-1420,196,46.4,0.847,-3452,170,44.7,0.832,-3490,327,50.2,0.948,-275
Q_GAPVOL,19,"{'x': 0.1, 'reg': 1, 'mode': 'CONT1', 'k': 0.35, 'tf': 1}",153,49.0,0.974,-330,116,52.6,1.109,1241,72,50.0,1.039,293,163,50.3,0.904,-258
Q_GAPVOL,20,"{'x': 0.1, 'reg': 1, 'mode': 'CONT2', 'k': 0.2, 'tf': 0}",297,34.7,0.987,-248,196,33.2,0.939,-1058,170,31.2,0.88,-1922,327,37.0,1.008,34
Q_GAPVOL,21,"{'x': 0.1, 'reg': 1, 'mode': 'CONT2', 'k': 0.2, 'tf': 1}",153,36.6,1.099,938,116,35.3,1.049,473,72,33.3,0.969,-201,163,38.0,0.999,-2
Q_GAPVOL,22,"{'x': 0.1, 'reg': 1, 'mode': 'CONT2', 'k': 0.35, 'tf': 0}",297,39.7,1.002,62,196,37.8,0.942,-1471,170,38.2,0.951,-1119,327,42.2,1.062,372
Q_GAPVOL,23,"{'x': 0.1, 'reg': 1, 'mode': 'CONT2', 'k': 0.35, 'tf': 1}",153,40.5,1.009,136,116,46.6,1.343,4220,72,45.8,1.403,3114,163,41.7,1.011,34
Q_GAPVOL,24,"{'x': 0.1, 'reg': 2, 'mode': 'FILL', 'k': 0.2, 'tf': 0}",206,41.7,1.012,176,204,39.2,0.921,-1674,199,39.2,0.892,-2303,286,40.2,1.029,101
Q_GAPVOL,25,"{'x': 0.1, 'reg': 2, 'mode': 'FILL', 'k': 0.2, 'tf': 1}",108,40.7,1.034,272,99,34.3,0.763,-2620,98,37.8,0.805,-2072,131,38.2,0.901,-160
Q_GAPVOL,26,"{'x': 0.1, 'reg': 2, 'mode': 'FILL', 'k': 0.35, 'tf': 0}",206,51.0,0.94,-1164,204,51.0,1.037,1009,199,51.3,1.031,838,286,51.0,1.018,82
Q_GAPVOL,27,"{'x': 0.1, 'reg': 2, 'mode': 'FILL', 'k': 0.35, 'tf': 1}",108,51.9,1.041,418,99,44.4,0.988,-168,98,48.0,1.069,895,131,49.6,1.052,106
Q_GAPVOL,28,"{'x': 0.1, 'reg': 2, 'mode': 'CONT1', 'k': 0.2, 'tf': 0}",207,44.9,0.76,-3436,204,49.0,0.985,-255,199,50.3,1.041,688,288,46.5,0.833,-527
Q_GAPVOL,29,"{'x': 0.1, 'reg': 2, 'mode': 'CONT1', 'k': 0.2, 'tf': 1}",97,43.3,0.721,-1901,92,48.9,1.071,528,82,54.9,1.324,2008,151,48.3,0.895,-167
Q_GAPVOL,30,"{'x': 0.1, 'reg': 2, 'mode': 'CONT1', 'k': 0.35, 'tf': 0}",207,47.3,0.801,-4516,204,46.6,0.852,-4380,199,47.7,0.895,-3090,288,48.6,0.927,-358
Q_GAPVOL,31,"{'x': 0.1, 'reg': 2, 'mode': 'CONT1', 'k': 0.35, 'tf': 1}",97,48.5,0.841,-1622,92,42.4,0.818,-2567,82,47.6,0.978,-267,151,51.0,1.044,107
Q_GAPVOL,32,"{'x': 0.1, 'reg': 2, 'mode': 'CONT2', 'k': 0.2, 'tf': 0}",207,30.9,0.777,-3986,204,34.3,0.987,-288,199,36.2,1.054,1166,288,34.0,0.942,-223
Q_GAPVOL,33,"{'x': 0.1, 'reg': 2, 'mode': 'CONT2', 'k': 0.2, 'tf': 1}",97,32.0,0.789,-1752,92,34.8,1.175,1646,82,41.5,1.47,3817,151,35.1,0.994,-12
Q_GAPVOL,34,"{'x': 0.1, 'reg': 2, 'mode': 'CONT2', 'k': 0.35, 'tf': 0}",207,40.6,0.831,-4302,204,36.8,0.834,-5711,199,37.2,0.846,-5302,288,40.3,0.987,-71
Q_GAPVOL,35,"{'x': 0.1, 'reg': 2, 'mode': 'CONT2', 'k': 0.35, 'tf': 1}",97,40.2,0.782,-2595,92,30.4,0.734,-4583,82,35.4,0.868,-2011,151,39.7,0.996,-10
Q_GAPVOL,36,"{'x': 0.2, 'reg': 0, 'mode': 'FILL', 'k': 0.2, 'tf': 0}",159,34.0,0.835,-1607,86,36.0,1.23,1479,81,38.3,1.347,2052,220,40.5,1.128,335
Q_GAPVOL,37,"{'x': 0.2, 'reg': 0, 'mode': 'FILL', 'k': 0.2, 'tf': 1}",72,30.6,0.667,-1615,41,24.4,0.596,-1515,40,30.0,0.792,-731,104,38.5,1.031,40
Q_GAPVOL,38,"{'x': 0.2, 'reg': 0, 'mode': 'FILL', 'k': 0.35, 'tf': 0}",159,47.8,1.014,177,86,45.3,1.192,1516,81,48.1,1.331,2357,220,52.3,1.083,284
Q_GAPVOL,39,"{'x': 0.2, 'reg': 0, 'mode': 'FILL', 'k': 0.35, 'tf': 1}",72,45.8,0.918,-511,41,36.6,0.705,-1332,40,42.5,0.903,-402,104,51.9,1.018,30
Q_GAPVOL,40,"{'x': 0.2, 'reg': 0, 'mode': 'CONT1', 'k': 0.2, 'tf': 0}",159,54.7,1.271,1687,86,47.7,0.802,-1140,81,43.2,0.688,-1864,220,43.2,0.742,-648
Q_GAPVOL,41,"{'x': 0.2, 'reg': 0, 'mode': 'CONT1', 'k': 0.2, 'tf': 1}",76,51.3,1.148,448,45,42.2,0.63,-1220,40,40.0,0.583,-1289,115,46.1,0.84,-197
Q_GAPVOL,42,"{'x': 0.2, 'reg': 0, 'mode': 'CONT1', 'k': 0.35, 'tf': 0}",159,50.9,1.009,109,86,51.2,0.856,-1246,81,46.9,0.752,-2190,220,45.9,0.833,-640
Q_GAPVOL,43,"{'x': 0.2, 'reg': 0, 'mode': 'CONT1', 'k': 0.35, 'tf': 1}",76,47.4,0.92,-428,45,44.4,0.609,-2091,40,42.5,0.597,-1947,115,47.0,0.86,-271
Q_GAPVOL,44,"{'x': 0.2, 'reg': 0, 'mode': 'CONT2', 'k': 0.2, 'tf': 0}",159,35.8,1.147,1299,86,36.0,0.883,-818,81,33.3,0.801,-1398,220,32.3,0.905,-281
Q_GAPVOL,45,"{'x': 0.2, 'reg': 0, 'mode': 'CONT2', 'k': 0.2, 'tf': 1}",76,35.5,1.114,456,45,33.3,0.808,-716,40,35.0,0.838,-536,115,36.5,1.113,163
Q_GAPVOL,46,"{'x': 0.2, 'reg': 0, 'mode': 'CONT2', 'k': 0.35, 'tf': 0}",159,43.4,1.137,1784,86,46.5,0.999,-12,81,43.2,0.909,-849,220,38.2,0.806,-849
Q_GAPVOL,47,"{'x': 0.2, 'reg': 0, 'mode': 'CONT2', 'k': 0.35, 'tf': 1}",76,43.4,1.207,1167,45,37.8,0.629,-2142,40,37.5,0.681,-1610,115,43.5,0.938,-128
Q_GAPVOL,48,"{'x': 0.2, 'reg': 1, 'mode': 'FILL', 'k': 0.2, 'tf': 0}",225,34.7,0.932,-1023,148,40.5,1.221,2546,125,42.4,1.265,2728,238,38.2,1.132,387
Q_GAPVOL,49,"{'x': 0.2, 'reg': 1, 'mode': 'FILL', 'k': 0.2, 'tf': 1}",102,29.4,0.736,-1938,61,44.3,1.536,2487,47,48.9,1.64,2460,101,33.7,0.91,-123
Q_GAPVOL,50,"{'x': 0.2, 'reg': 1, 'mode': 'FILL', 'k': 0.35, 'tf': 0}",225,46.2,0.874,-2574,148,52.0,1.123,1866,125,53.6,1.152,2062,238,49.2,1.059,227
Q_GAPVOL,51,"{'x': 0.2, 'reg': 1, 'mode': 'FILL', 'k': 0.35, 'tf': 1}",102,44.1,0.813,-1786,61,57.4,1.605,3349,47,61.7,1.692,3223,101,49.5,1.009,16
Q_GAPVOL,52,"{'x': 0.2, 'reg': 1, 'mode': 'CONT1', 'k': 0.2, 'tf': 0}",225,52.4,1.045,484,148,47.3,0.867,-1360,125,44.8,0.801,-1929,238,48.3,0.894,-260
Q_GAPVOL,53,"{'x': 0.2, 'reg': 1, 'mode': 'CONT1', 'k': 0.2, 'tf': 1}",117,53.0,1.119,633,87,49.4,0.977,-125,54,48.1,0.886,-434,117,47.0,0.819,-225
Q_GAPVOL,54,"{'x': 0.2, 'reg': 1, 'mode': 'CONT1', 'k': 0.35, 'tf': 0}",225,50.7,1.032,590,148,46.6,0.841,-2688,125,46.4,0.861,-2108,238,50.0,0.96,-154
Q_GAPVOL,55,"{'x': 0.2, 'reg': 1, 'mode': 'CONT1', 'k': 0.35, 'tf': 1}",117,50.4,1.065,603,87,51.7,1.061,520,54,50.0,0.991,-50,117,51.3,0.939,-113
Q_GAPVOL,56,"{'x': 0.2, 'reg': 1, 'mode': 'CONT2', 'k': 0.2, 'tf': 0}",225,38.7,1.227,3091,148,33.1,0.938,-800,125,32.0,0.897,-1218,238,35.7,0.957,-131
Q_GAPVOL,57,"{'x': 0.2, 'reg': 1, 'mode': 'CONT2', 'k': 0.2, 'tf': 1}",117,41.9,1.456,2955,87,33.3,0.973,-199,54,31.5,0.858,-709,117,37.6,0.959,-60
Q_GAPVOL,58,"{'x': 0.2, 'reg': 1, 'mode': 'CONT2', 'k': 0.35, 'tf': 0}",225,39.6,1.061,1328,148,35.8,0.89,-2161,125,37.6,0.932,-1184,238,42.0,1.034,146
Q_GAPVOL,59,"{'x': 0.2, 'reg': 1, 'mode': 'CONT2', 'k': 0.35, 'tf': 1}",117,39.3,1.04,445,87,44.8,1.302,2776,54,44.4,1.349,2070,117,43.6,1.074,155
Q_GAPVOL,60,"{'x': 0.2, 'reg': 2, 'mode': 'FILL', 'k': 0.2, 'tf': 0}",161,34.8,0.979,-268,161,30.4,0.802,-3790,157,31.2,0.802,-3778,228,34.6,0.99,-30
Q_GAPVOL,61,"{'x': 0.2, 'reg': 2, 'mode': 'FILL', 'k': 0.2, 'tf': 1}",84,33.3,0.98,-139,81,25.9,0.629,-3819,78,28.2,0.662,-3294,105,32.4,0.845,-218
Q_GAPVOL,62,"{'x': 0.2, 'reg': 2, 'mode': 'FILL', 'k': 0.35, 'tf': 0}",161,44.1,0.899,-1718,161,44.7,1.003,71,157,43.9,0.974,-631,228,44.3,0.945,-229
Q_GAPVOL,63,"{'x': 0.2, 'reg': 2, 'mode': 'FILL', 'k': 0.35, 'tf': 1}",84,45.2,1.017,149,81,38.3,0.935,-817,78,39.7,0.988,-140,105,41.9,0.944,-107
Q_GAPVOL,64,"{'x': 0.2, 'reg': 2, 'mode': 'CONT1', 'k': 0.2, 'tf': 0}",161,44.7,0.742,-2856,161,54.7,1.237,2827,157,54.8,1.242,2882,228,47.8,0.876,-303
Q_GAPVOL,65,"{'x': 0.2, 'reg': 2, 'mode': 'CONT1', 'k': 0.2, 'tf': 1}",76,42.1,0.679,-1706,68,54.4,1.314,1539,63,57.1,1.455,2034,119,47.9,0.877,-156
Q_GAPVOL,66,"{'x': 0.2, 'reg': 2, 'mode': 'CONT1', 'k': 0.35, 'tf': 0}",161,48.4,0.817,-3147,161,50.9,0.982,-400,157,52.9,1.063,1327,228,50.4,0.992,-30
Q_GAPVOL,67,"{'x': 0.2, 'reg': 2, 'mode': 'CONT1', 'k': 0.35, 'tf': 1}",76,50.0,0.91,-680,68,47.1,0.957,-423,63,54.0,1.247,2050,119,50.4,1.024,47
Q_GAPVOL,68,"{'x': 0.2, 'reg': 2, 'mode': 'CONT2', 'k': 0.2, 'tf': 0}",161,31.7,0.781,-2975,161,37.3,1.11,1825,157,40.1,1.235,3744,228,36.0,1.046,138
Q_GAPVOL,69,"{'x': 0.2, 'reg': 2, 'mode': 'CONT2', 'k': 0.2, 'tf': 1}",76,34.2,0.877,-750,68,38.2,1.34,2238,63,46.0,1.777,4391,119,35.3,1.019,29
Q_GAPVOL,70,"{'x': 0.2, 'reg': 2, 'mode': 'CONT2', 'k': 0.35, 'tf': 0}",161,41.0,0.768,-4554,161,39.8,0.876,-3230,157,40.8,0.929,-1799,228,41.7,1.069,297
Q_GAPVOL,71,"{'x': 0.2, 'reg': 2, 'mode': 'CONT2', 'k': 0.35, 'tf': 1}",76,39.5,0.747,-2364,68,32.4,0.743,-3245,63,39.7,0.996,-42,119,38.7,0.998,-6
Q_GAPVOL,72,"{'x': 0.35, 'reg': 0, 'mode': 'FILL', 'k': 0.2, 'tf': 0}",93,28.0,0.866,-811,58,34.5,1.417,1850,55,34.5,1.406,1742,125,32.0,1.05,86
Q_GAPVOL,73,"{'x': 0.35, 'reg': 0, 'mode': 'FILL', 'k': 0.2, 'tf': 1}",42,19.0,0.621,-1214,26,19.2,0.581,-1052,25,24.0,0.783,-514,57,31.6,1.044,34
Q_GAPVOL,74,"{'x': 0.35, 'reg': 0, 'mode': 'FILL', 'k': 0.35, 'tf': 0}",93,43.0,1.175,1302,58,43.1,1.395,2089,55,45.5,1.508,2472,125,44.0,1.0,-1
Q_GAPVOL,75,"{'x': 0.35, 'reg': 0, 'mode': 'FILL', 'k': 0.35, 'tf': 1}",42,38.1,1.075,287,26,30.8,0.749,-734,25,36.0,0.959,-110,57,43.9,0.971,-32
Q_GAPVOL,76,"{'x': 0.35, 'reg': 0, 'mode': 'CONT1', 'k': 0.2, 'tf': 0}",93,55.9,1.293,1040,58,46.6,0.801,-769,55,45.5,0.787,-801,125,46.4,0.851,-199
Q_GAPVOL,77,"{'x': 0.35, 'reg': 0, 'mode': 'CONT1', 'k': 0.2, 'tf': 1}",42,47.6,0.982,-32,32,40.6,0.635,-844,29,44.8,0.767,-447,67,52.2,1.098,61
Q_GAPVOL,78,"{'x': 0.35, 'reg': 0, 'mode': 'CONT1', 'k': 0.35, 'tf': 0}",93,50.5,0.937,-449,58,51.7,0.847,-879,55,49.1,0.775,-1293,125,48.8,0.964,-74
Q_GAPVOL,79,"{'x': 0.35, 'reg': 0, 'mode': 'CONT1', 'k': 0.35, 'tf': 1}",42,40.5,0.701,-1019,32,43.8,0.594,-1559,29,44.8,0.621,-1266,67,50.7,1.06,63
Q_GAPVOL,80,"{'x': 0.35, 'reg': 0, 'mode': 'CONT2', 'k': 0.2, 'tf': 0}",93,34.4,1.065,343,58,37.9,0.931,-310,55,34.5,0.848,-690,125,35.2,1.017,27
Q_GAPVOL,81,"{'x': 0.35, 'reg': 0, 'mode': 'CONT2', 'k': 0.2, 'tf': 1}",42,31.0,0.961,-90,32,37.5,0.965,-85,29,37.9,0.984,-34,67,40.3,1.31,241
Q_GAPVOL,82,"{'x': 0.35, 'reg': 0, 'mode': 'CONT2', 'k': 0.35, 'tf': 0}",93,41.9,1.101,803,58,46.6,1.017,108,55,43.6,0.944,-351,125,40.8,0.917,-198
Q_GAPVOL,83,"{'x': 0.35, 'reg': 0, 'mode': 'CONT2', 'k': 0.35, 'tf': 1}",42,35.7,0.952,-172,32,37.5,0.655,-1403,29,37.9,0.706,-1046,67,47.8,1.154,172
Q_GAPVOL,84,"{'x': 0.35, 'reg': 1, 'mode': 'FILL', 'k': 0.2, 'tf': 0}",127,26.8,0.859,-1346,100,41.0,1.495,3861,84,42.9,1.533,3699,146,35.6,1.258,489
Q_GAPVOL,85,"{'x': 0.35, 'reg': 1, 'mode': 'FILL', 'k': 0.2, 'tf': 1}",56,23.2,0.678,-1388,46,43.5,1.731,2603,36,50.0,1.892,2668,58,27.6,0.939,-52
Q_GAPVOL,86,"{'x': 0.35, 'reg': 1, 'mode': 'FILL', 'k': 0.35, 'tf': 0}",127,40.2,0.886,-1450,100,50.0,1.268,2891,84,52.4,1.288,2828,146,43.2,0.993,-18
Q_GAPVOL,87,"{'x': 0.35, 'reg': 1, 'mode': 'FILL', 'k': 0.35, 'tf': 1}",56,39.3,0.87,-718,46,56.5,1.775,3419,36,61.1,1.814,3211,58,37.9,0.818,-226
Q_GAPVOL,88,"{'x': 0.35, 'reg': 1, 'mode': 'CONT1', 'k': 0.2, 'tf': 0}",127,52.8,1.089,534,100,43.0,0.69,-2442,84,40.5,0.654,-2514,146,47.9,0.896,-158
Q_GAPVOL,89,"{'x': 0.35, 'reg': 1, 'mode': 'CONT1', 'k': 0.2, 'tf': 1}",69,58.0,1.368,1068,54,42.6,0.725,-1097,31,41.9,0.678,-758,76,43.4,0.733,-230
Q_GAPVOL,90,"{'x': 0.35, 'reg': 1, 'mode': 'CONT1', 'k': 0.35, 'tf': 0}",127,50.4,1.011,119,100,47.0,0.798,-2505,84,46.4,0.84,-1776,146,52.1,1.081,184
Q_GAPVOL,91,"{'x': 0.35, 'reg': 1, 'mode': 'CONT1', 'k': 0.35, 'tf': 1}",69,50.7,1.121,662,54,51.9,1.081,442,31,51.6,1.127,390,76,48.7,0.902,-126
Q_GAPVOL,92,"{'x': 0.35, 'reg': 1, 'mode': 'CONT2', 'k': 0.2, 'tf': 0}",127,37.8,1.229,1769,100,33.0,0.894,-977,84,32.1,0.915,-697,146,37.7,1.128,231
Q_GAPVOL,93,"{'x': 0.35, 'reg': 1, 'mode': 'CONT2', 'k': 0.2, 'tf': 1}",69,46.4,1.77,2758,54,33.3,0.991,-40,31,32.3,0.965,-94,76,36.8,1.061,58
Q_GAPVOL,94,"{'x': 0.35, 'reg': 1, 'mode': 'CONT2', 'k': 0.35, 'tf': 0}",127,36.2,0.894,-1417,100,32.0,0.734,-3953,84,34.5,0.831,-2211,146,44.5,1.249,644
Q_GAPVOL,95,"{'x': 0.35, 'reg': 1, 'mode': 'CONT2', 'k': 0.35, 'tf': 1}",69,40.6,1.129,860,54,40.7,1.101,616,31,41.9,1.274,915,76,42.1,1.168,240
Q_GAPVOL,96,"{'x': 0.35, 'reg': 2, 'mode': 'FILL', 'k': 0.2, 'tf': 0}",102,28.4,0.909,-814,117,25.6,0.748,-3839,110,27.3,0.762,-3444,146,28.8,0.967,-69
Q_GAPVOL,97,"{'x': 0.35, 'reg': 2, 'mode': 'FILL', 'k': 0.2, 'tf': 1}",58,25.9,0.825,-964,62,22.6,0.602,-3340,59,23.7,0.618,-3038,75,29.3,0.84,-169
Q_GAPVOL,98,"{'x': 0.35, 'reg': 2, 'mode': 'FILL', 'k': 0.35, 'tf': 0}",102,37.3,0.822,-2202,117,41.0,1.017,311,110,41.8,1.028,512,146,37.7,0.947,-158
Q_GAPVOL,99,"{'x': 0.35, 'reg': 2, 'mode': 'FILL', 'k': 0.35, 'tf': 1}",58,36.2,0.825,-1276,62,35.5,0.969,-322,59,37.3,1.04,392,75,40.0,1.061,84
Q_GAPVOL,100,"{'x': 0.35, 'reg': 2, 'mode': 'CONT1', 'k': 0.2, 'tf': 0}",102,45.1,0.752,-1763,117,57.3,1.395,3271,110,56.4,1.361,2912,146,47.9,0.882,-183
Q_GAPVOL,101,"{'x': 0.35, 'reg': 2, 'mode': 'CONT1', 'k': 0.2, 'tf': 1}",43,41.9,0.67,-1003,47,55.3,1.408,1367,43,58.1,1.622,1811,69,49.3,0.932,-49
Q_GAPVOL,102,"{'x': 0.35, 'reg': 2, 'mode': 'CONT1', 'k': 0.35, 'tf': 0}",102,50.0,0.895,-1115,117,53.0,1.037,585,110,53.6,1.093,1399,146,51.4,1.007,16
Q_GAPVOL,103,"{'x': 0.35, 'reg': 2, 'mode': 'CONT1', 'k': 0.35, 'tf': 1}",43,48.8,0.901,-432,47,46.8,0.946,-374,43,51.2,1.217,1276,69,56.5,1.279,291
Q_GAPVOL,104,"{'x': 0.35, 'reg': 2, 'mode': 'CONT2', 'k': 0.2, 'tf': 0}",102,33.3,0.82,-1549,117,39.3,1.193,2324,110,40.9,1.278,3145,146,37.7,1.126,235
Q_GAPVOL,105,"{'x': 0.35, 'reg': 2, 'mode': 'CONT2', 'k': 0.2, 'tf': 1}",43,34.9,0.845,-538,47,38.3,1.315,1467,43,44.2,1.745,2966,69,42.0,1.341,279
Q_GAPVOL,106,"{'x': 0.35, 'reg': 2, 'mode': 'CONT2', 'k': 0.35, 'tf': 0}",102,41.2,0.819,-2236,117,41.9,0.968,-601,110,41.8,0.984,-290,146,43.8,1.112,307
Q_GAPVOL,107,"{'x': 0.35, 'reg': 2, 'mode': 'CONT2', 'k': 0.35, 'tf': 1}",43,34.9,0.706,-1633,47,34.0,0.841,-1409,43,37.2,0.999,-5,69,44.9,1.234,300
