fam,j,params,IS_n,IS_wr,IS_pf,IS_net,C24_n,C24_wr,C24_pf,C24_net,REAL_n,REAL_wr,REAL_pf,REAL_net,TR_n,TR_wr,TR_pf,TR_net,f1,IS_pf4,C24_pf4,REAL_pf4,f2,nb_n,nb_ok,nb_IS,nb_C24,nb_REAL,nb_TR,f3,Ultra_IS_corr,Ultra_IS_sh0,Ultra_IS_dsh,WR70Plus_IS_corr,WR70Plus_IS_sh0,WR70Plus_IS_dsh,IS_mo,Ultra_C24_corr,Ultra_C24_sh0,Ultra_C24_dsh,WR70Plus_C24_corr,WR70Plus_C24_sh0,WR70Plus_C24_dsh,C24_mo,Ultra_REAL_corr,Ultra_REAL_sh0,Ultra_REAL_dsh,WR70Plus_REAL_corr,WR70Plus_REAL_sh0,WR70Plus_REAL_dsh,REAL_mo,DSR_cfd_N_batch,SR0_batch,DSR_cfd_N300k,SR0_300k,DSR_real_N_batch,sharpe_cfd,sharpe_real
Q_NOISE,34,"{'L': 10, 'm': 1.25, 'f': 30, 'trail': 0, 'hs': 99.0, 'tf': 1, 'maxday': 1, 'side': 0}",252,43.3,1.363,4157,154,46.1,1.623,5404,135,48.9,1.527,4190,298,36.2,1.149,508,True,1.261,1.532,1.443,True,9,0.89,1.382,1.519,1.467,1.107,True,0.275,3.09,-0.05,0.219,3.22,-0.05,87.0,0.316,3.43,-0.01,0.28,2.84,0.05,161.0,0.319,3.61,-0.08,0.265,3.08,-0.03,129.0,0.1471,1.36,0.0126,1.77,0.0192,0.99,0.99
Q_NOISE,38,"{'L': 10, 'm': 1.25, 'f': 30, 'trail': 0, 'hs': 0.5, 'tf': 1, 'maxday': 1, 'side': 0}",252,43.3,1.382,4317,154,46.1,1.588,5212,135,48.9,1.501,4054,298,36.2,1.169,567,True,1.276,1.502,1.422,True,9,0.89,1.363,1.467,1.445,1.106,True,0.278,3.09,-0.04,0.224,3.22,-0.04,90.0,0.309,3.43,-0.02,0.277,2.84,0.03,155.0,0.316,3.61,-0.08,0.265,3.08,-0.03,125.0,0.1442,1.36,0.0124,1.77,0.0167,0.98,0.95
Q_NOISE,42,"{'L': 10, 'm': 1.25, 'f': 30, 'trail': 1, 'hs': 99.0, 'tf': 1, 'maxday': 1, 'side': 0}",252,42.5,1.259,2956,154,46.1,1.74,5767,135,48.9,1.739,5211,298,36.6,1.107,347,True,1.162,1.633,1.637,True,9,1.0,1.304,1.534,1.512,1.106,True,0.276,3.09,-0.08,0.226,3.22,-0.1,62.0,0.301,3.43,0.01,0.277,2.84,0.06,172.0,0.317,3.61,-0.02,0.274,3.08,0.03,161.0,0.1153,1.36,0.0084,1.77,0.0499,0.94,1.26
Q_NOISE,46,"{'L': 10, 'm': 1.25, 'f': 30, 'trail': 1, 'hs': 0.5, 'tf': 1, 'maxday': 1, 'side': 0}",252,42.5,1.277,3117,154,46.1,1.677,5474,135,48.9,1.689,4999,298,36.6,1.106,345,True,1.176,1.578,1.593,True,9,0.89,1.321,1.498,1.447,1.103,True,0.279,3.09,-0.08,0.231,3.22,-0.09,65.0,0.294,3.43,-0.01,0.272,2.84,0.04,163.0,0.313,3.61,-0.03,0.272,3.08,0.02,154.0,0.1066,1.36,0.0076,1.77,0.0409,0.92,1.19
Q_NOISE,50,"{'L': 10, 'm': 1.25, 'f': 60, 'trail': 0, 'hs': 99.0, 'tf': 1, 'maxday': 1, 'side': 0}",227,48.5,1.597,6620,142,53.5,1.54,5173,125,52.0,1.44,3979,263,43.3,1.15,557,True,1.494,1.467,1.375,True,9,1.0,1.42,1.367,1.386,1.149,True,0.309,3.09,0.0,0.231,3.22,0.03,138.0,0.327,3.43,-0.06,0.254,2.84,0.01,154.0,0.335,3.61,-0.13,0.236,3.08,-0.06,123.0,0.286,1.36,0.0422,1.77,0.0161,1.15,0.88
Q_NOISE,51,"{'L': 10, 'm': 1.25, 'f': 60, 'trail': 0, 'hs': 99.0, 'tf': 1, 'maxday': 3, 'side': 0}",271,49.1,1.511,6781,165,53.9,1.523,5525,145,52.4,1.441,4353,300,44.0,1.165,675,True,1.412,1.447,1.372,True,9,1.0,1.495,1.454,1.429,1.15,True,0.34,3.09,-0.02,0.247,3.22,0.0,141.0,0.314,3.43,-0.04,0.235,2.84,0.04,164.0,0.318,3.61,-0.11,0.216,3.08,-0.03,134.0,0.3006,1.36,0.0478,1.77,0.0212,1.16,0.95
Q_NOISE,54,"{'L': 10, 'm': 1.25, 'f': 60, 'trail': 0, 'hs': 0.5, 'tf': 1, 'maxday': 1, 'side': 0}",227,48.5,1.686,7207,142,52.8,1.367,3811,125,51.2,1.257,2540,263,43.3,1.185,668,True,1.577,1.307,1.205,True,9,0.89,1.485,1.239,1.292,1.15,True,0.32,3.09,0.02,0.245,3.22,0.05,150.0,0.332,3.43,-0.12,0.257,2.84,-0.06,113.0,0.316,3.61,-0.18,0.252,3.08,-0.15,78.0,0.2312,1.36,0.0291,1.77,0.004,1.09,0.57
Q_NOISE,55,"{'L': 10, 'm': 1.25, 'f': 60, 'trail': 0, 'hs': 0.5, 'tf': 1, 'maxday': 3, 'side': 0}",271,49.1,1.591,7455,167,53.3,1.39,4531,146,52.1,1.331,3549,303,43.6,1.181,732,True,1.487,1.327,1.273,True,9,1.0,1.539,1.352,1.339,1.165,True,0.354,3.09,0.01,0.266,3.22,0.04,155.0,0.326,3.43,-0.09,0.246,2.84,-0.01,135.0,0.325,3.61,-0.14,0.239,3.08,-0.08,110.0,0.2984,1.36,0.046,1.77,0.0111,1.16,0.8
Q_NOISE,58,"{'L': 10, 'm': 1.25, 'f': 60, 'trail': 1, 'hs': 99.0, 'tf': 1, 'maxday': 1, 'side': 0}",227,47.6,1.515,5716,142,52.8,1.515,4731,125,51.2,1.512,4325,263,44.1,1.186,660,True,1.416,1.44,1.44,True,9,1.0,1.383,1.359,1.44,1.107,True,0.298,3.09,-0.02,0.23,3.22,-0.0,119.0,0.293,3.43,-0.05,0.238,2.84,0.01,141.0,0.322,3.61,-0.1,0.238,3.08,-0.03,134.0,0.1992,1.36,0.0227,1.77,0.0234,1.05,0.99
Q_NOISE,59,"{'L': 10, 'm': 1.25, 'f': 60, 'trail': 1, 'hs': 99.0, 'tf': 1, 'maxday': 3, 'side': 0}",284,48.6,1.495,6743,183,53.0,1.507,5659,153,51.0,1.429,4336,324,44.4,1.166,697,True,1.394,1.428,1.357,True,9,1.0,1.501,1.429,1.436,1.156,True,0.34,3.09,-0.03,0.247,3.22,0.0,140.0,0.312,3.43,-0.03,0.234,2.84,0.05,168.0,0.317,3.61,-0.11,0.215,3.08,-0.03,134.0,0.3128,1.36,0.0511,1.77,0.0209,1.18,0.94
Q_NOISE,62,"{'L': 10, 'm': 1.25, 'f': 60, 'trail': 1, 'hs': 0.5, 'tf': 1, 'maxday': 1, 'side': 0}",227,47.6,1.6,6304,142,52.1,1.307,3136,125,50.4,1.292,2758,263,44.1,1.217,749,True,1.495,1.248,1.236,True,9,0.78,1.413,1.244,1.313,1.106,True,0.31,3.09,0.0,0.244,3.22,0.02,131.0,0.301,3.43,-0.12,0.242,2.84,-0.08,93.0,0.3,3.61,-0.15,0.249,3.08,-0.12,85.0,0.137,1.36,0.0124,1.77,0.0052,0.96,0.63
Q_NOISE,63,"{'L': 10, 'm': 1.25, 'f': 60, 'trail': 1, 'hs': 0.5, 'tf': 1, 'maxday': 3, 'side': 0}",284,48.6,1.572,7417,184,52.7,1.384,4681,154,50.6,1.301,3360,326,44.2,1.185,761,True,1.467,1.317,1.242,True,9,1.0,1.521,1.311,1.321,1.166,True,0.354,3.09,0.01,0.266,3.22,0.04,154.0,0.325,3.43,-0.08,0.246,2.84,-0.0,139.0,0.321,3.61,-0.15,0.233,3.08,-0.09,104.0,0.3147,1.36,0.0501,1.77,0.0092,1.18,0.75
Q_NOISE,83,"{'L': 10, 'm': 1.5, 'f': 60, 'trail': 0, 'hs': 99.0, 'tf': 1, 'maxday': 3, 'side': 0}",202,51.0,1.619,6129,131,50.4,1.373,3218,111,54.1,1.724,4927,244,43.9,1.153,474,True,1.517,1.303,1.639,True,9,1.0,1.516,1.361,1.532,1.165,True,0.293,3.09,0.01,0.217,3.22,0.04,128.0,0.253,3.43,-0.07,0.181,2.84,-0.01,96.0,0.306,3.61,-0.01,0.223,3.08,0.07,152.0,0.1566,1.36,0.0161,1.77,0.0463,0.98,1.24
Q_NOISE,87,"{'L': 10, 'm': 1.5, 'f': 60, 'trail': 0, 'hs': 0.5, 'tf': 1, 'maxday': 3, 'side': 0}",202,51.0,1.775,6998,133,49.6,1.258,2440,112,53.6,1.532,4091,246,43.5,1.168,514,True,1.661,1.199,1.464,True,9,0.89,1.591,1.244,1.339,1.163,True,0.311,3.09,0.05,0.239,3.22,0.09,146.0,0.266,3.43,-0.1,0.193,2.84,-0.05,73.0,0.307,3.61,-0.04,0.239,3.08,0.02,126.0,0.1897,1.36,0.0209,1.77,0.0252,1.04,1.06
Q_NOISE,91,"{'L': 10, 'm': 1.5, 'f': 60, 'trail': 1, 'hs': 99.0, 'tf': 1, 'maxday': 3, 'side': 0}",210,49.5,1.601,6106,142,50.0,1.354,3170,115,53.0,1.711,4915,256,43.8,1.156,487,True,1.497,1.282,1.624,True,9,1.0,1.501,1.371,1.511,1.166,True,0.293,3.09,0.01,0.217,3.22,0.04,127.0,0.253,3.43,-0.07,0.181,2.84,-0.01,94.0,0.306,3.61,-0.01,0.223,3.08,0.07,152.0,0.1518,1.36,0.0153,1.77,0.0459,0.98,1.23
Q_NOISE,95,"{'L': 10, 'm': 1.5, 'f': 60, 'trail': 1, 'hs': 0.5, 'tf': 1, 'maxday': 3, 'side': 0}",210,49.5,1.751,6975,143,49.7,1.243,2376,116,52.6,1.511,4019,257,43.6,1.17,522,True,1.635,1.181,1.443,True,9,0.89,1.572,1.258,1.341,1.168,True,0.311,3.09,0.05,0.239,3.22,0.09,145.0,0.266,3.43,-0.1,0.193,2.84,-0.05,71.0,0.306,3.61,-0.04,0.238,3.08,0.02,124.0,0.1825,1.36,0.0197,1.77,0.0234,1.03,1.04
Q_NOISE,97,"{'L': 14, 'm': 1.0, 'f': 30, 'trail': 0, 'hs': 99.0, 'tf': 0, 'maxday': 3, 'side': 0}",866,41.2,1.276,11493,552,40.4,1.203,8219,540,40.2,1.235,9267,1019,36.9,1.258,2909,True,1.183,1.144,1.175,True,9,1.0,1.288,1.19,1.229,1.255,True,0.403,3.09,-0.11,0.24,3.22,-0.05,239.0,0.363,3.43,-0.35,0.161,2.84,-0.15,244.0,0.386,3.61,-0.37,0.17,3.08,-0.15,286.0,0.1574,1.36,0.0134,1.77,0.0122,1.01,0.94
Q_NOISE,98,"{'L': 14, 'm': 1.0, 'f': 30, 'trail': 0, 'hs': 99.0, 'tf': 1, 'maxday': 1, 'side': 0}",306,40.5,1.304,4898,191,44.0,1.377,5087,165,49.1,1.545,6036,364,37.6,1.122,510,True,1.218,1.311,1.471,True,9,1.0,1.328,1.336,1.399,1.078,True,0.363,3.09,-0.13,0.296,3.22,-0.15,102.0,0.337,3.43,-0.11,0.276,2.84,-0.05,151.0,0.353,3.61,-0.07,0.298,3.08,-0.01,186.0,0.0874,1.36,0.0061,1.77,0.0535,0.86,1.23
Q_NOISE,101,"{'L': 14, 'm': 1.0, 'f': 30, 'trail': 0, 'hs': 0.5, 'tf': 0, 'maxday': 3, 'side': 0}",866,41.2,1.283,11718,555,40.4,1.202,8186,541,40.1,1.229,9066,1028,36.9,1.255,2893,True,1.189,1.143,1.17,True,9,1.0,1.298,1.189,1.235,1.258,True,0.405,3.09,-0.1,0.243,3.22,-0.04,244.0,0.357,3.43,-0.35,0.158,2.84,-0.15,243.0,0.382,3.61,-0.38,0.167,3.08,-0.16,280.0,0.1649,1.36,0.0144,1.77,0.0112,1.02,0.92
Q_NOISE,102,"{'L': 14, 'm': 1.0, 'f': 30, 'trail': 0, 'hs': 0.5, 'tf': 1, 'maxday': 1, 'side': 0}",306,40.5,1.328,5179,191,44.0,1.394,5251,165,49.1,1.561,6151,364,37.6,1.141,579,True,1.238,1.328,1.488,True,9,1.0,1.304,1.342,1.37,1.081,True,0.365,3.09,-0.12,0.299,3.22,-0.14,108.0,0.332,3.43,-0.1,0.274,2.84,-0.04,156.0,0.351,3.61,-0.06,0.298,3.08,0.0,190.0,0.1071,1.36,0.0083,1.77,0.0584,0.91,1.26
Q_NOISE,106,"{'L': 14, 'm': 1.0, 'f': 30, 'trail': 1, 'hs': 99.0, 'tf': 1, 'maxday': 1, 'side': 0}",306,41.2,1.223,3491,191,44.0,1.457,5571,165,49.7,1.749,7366,364,38.5,1.144,551,True,1.139,1.381,1.659,True,9,1.0,1.304,1.387,1.505,1.087,True,0.348,3.09,-0.16,0.289,3.22,-0.19,73.0,0.314,3.43,-0.07,0.264,2.84,-0.01,166.0,0.353,3.61,-0.01,0.305,3.08,0.07,227.0,0.0696,1.36,0.0042,1.77,0.1371,0.82,1.55
Q_NOISE,110,"{'L': 14, 'm': 1.0, 'f': 30, 'trail': 1, 'hs': 0.5, 'tf': 1, 'maxday': 1, 'side': 0}",306,41.2,1.243,3736,191,44.0,1.456,5559,165,49.7,1.751,7375,364,38.5,1.141,542,True,1.155,1.381,1.662,True,9,1.0,1.321,1.38,1.471,1.106,True,0.35,3.09,-0.15,0.293,3.22,-0.18,78.0,0.309,3.43,-0.07,0.262,2.84,-0.01,165.0,0.35,3.61,-0.0,0.304,3.08,0.07,228.0,0.0783,1.36,0.005,1.77,0.138,0.84,1.55
Q_NOISE,113,"{'L': 14, 'm': 1.0, 'f': 60, 'trail': 0, 'hs': 99.0, 'tf': 0, 'maxday': 3, 'side': 0}",650,46.5,1.363,12746,423,44.4,1.229,8191,408,45.1,1.291,9822,789,42.5,1.299,3057,True,1.278,1.177,1.236,True,9,1.0,1.366,1.203,1.25,1.296,True,0.408,3.09,-0.07,0.261,3.22,-0.0,265.0,0.358,3.43,-0.29,0.154,2.84,-0.06,244.0,0.374,3.61,-0.26,0.16,3.08,-0.03,303.0,0.2224,1.36,0.0236,1.77,0.0161,1.09,1.02
Q_NOISE,115,"{'L': 14, 'm': 1.0, 'f': 60, 'trail': 0, 'hs': 99.0, 'tf': 1, 'maxday': 3, 'side': 0}",327,49.5,1.525,9024,204,51.5,1.356,5526,175,53.1,1.387,5310,375,45.3,1.109,550,True,1.432,1.296,1.328,True,9,1.0,1.427,1.355,1.399,1.1,True,0.424,3.09,-0.06,0.349,3.22,-0.06,188.0,0.365,3.43,-0.13,0.305,2.84,-0.05,164.0,0.364,3.61,-0.13,0.304,3.08,-0.07,164.0,0.2975,1.36,0.05,1.77,0.0259,1.16,0.97
Q_NOISE,117,"{'L': 14, 'm': 1.0, 'f': 60, 'trail': 0, 'hs': 0.5, 'tf': 0, 'maxday': 3, 'side': 0}",655,46.1,1.332,12004,429,44.1,1.2,7342,413,44.8,1.266,9185,799,42.2,1.296,3046,True,1.253,1.152,1.215,True,9,0.89,1.342,1.202,1.229,1.299,True,0.407,3.09,-0.09,0.263,3.22,-0.04,250.0,0.357,3.43,-0.33,0.157,2.84,-0.13,218.0,0.368,3.61,-0.3,0.163,3.08,-0.08,284.0,0.1595,1.36,0.0135,1.77,0.0123,1.01,0.96
Q_NOISE,119,"{'L': 14, 'm': 1.0, 'f': 60, 'trail': 0, 'hs': 0.5, 'tf': 1, 'maxday': 3, 'side': 0}",327,49.5,1.571,9528,207,50.7,1.322,5140,177,52.5,1.366,5119,378,45.0,1.124,620,True,1.477,1.267,1.311,True,9,1.0,1.467,1.313,1.339,1.109,True,0.434,3.09,-0.04,0.361,3.22,-0.03,198.0,0.377,3.43,-0.14,0.316,2.84,-0.07,153.0,0.368,3.61,-0.13,0.318,3.08,-0.07,158.0,0.3443,1.36,0.0619,1.77,0.0256,1.21,0.98
Q_NOISE,121,"{'L': 14, 'm': 1.0, 'f': 60, 'trail': 1, 'hs': 99.0, 'tf': 0, 'maxday': 3, 'side': 0}",696,46.4,1.366,13088,479,44.5,1.224,8291,445,45.6,1.285,9902,891,41.6,1.275,2959,True,1.276,1.167,1.227,True,9,1.0,1.363,1.199,1.257,1.299,True,0.404,3.09,-0.05,0.258,3.22,0.02,272.0,0.356,3.43,-0.28,0.154,2.84,-0.06,247.0,0.374,3.61,-0.26,0.161,3.08,-0.02,306.0,0.2464,1.36,0.028,1.77,0.0167,1.12,1.03
Q_NOISE,123,"{'L': 14, 'm': 1.0, 'f': 60, 'trail': 1, 'hs': 99.0, 'tf': 1, 'maxday': 3, 'side': 0}",348,49.4,1.51,8963,230,50.9,1.339,5488,186,52.7,1.361,5137,414,44.7,1.1,523,True,1.414,1.275,1.301,True,9,1.0,1.409,1.356,1.436,1.109,True,0.424,3.09,-0.06,0.349,3.22,-0.06,187.0,0.364,3.43,-0.12,0.304,2.84,-0.05,163.0,0.365,3.61,-0.14,0.304,3.08,-0.08,159.0,0.2938,1.36,0.0489,1.77,0.0231,1.15,0.94
Q_NOISE,126,"{'L': 14, 'm': 1.0, 'f': 60, 'trail': 1, 'hs': 0.5, 'tf': 1, 'maxday': 1, 'side': 0}",276,47.8,1.398,6024,179,49.7,1.281,3835,154,53.2,1.471,5443,335,43.9,1.106,468,True,1.316,1.226,1.411,True,9,0.89,1.383,1.267,1.335,1.107,True,0.369,3.09,-0.1,0.311,3.22,-0.11,125.0,0.33,3.43,-0.16,0.284,2.84,-0.11,114.0,0.326,3.61,-0.1,0.31,3.08,-0.07,168.0,0.0874,1.36,0.0064,1.77,0.0372,0.86,1.1
Q_NOISE,127,"{'L': 14, 'm': 1.0, 'f': 60, 'trail': 1, 'hs': 0.5, 'tf': 1, 'maxday': 3, 'side': 0}",348,49.4,1.55,9424,232,50.4,1.287,4845,188,52.1,1.329,4807,416,44.5,1.115,596,True,1.454,1.229,1.274,True,9,1.0,1.447,1.31,1.351,1.106,True,0.434,3.09,-0.04,0.361,3.22,-0.04,196.0,0.376,3.43,-0.15,0.317,2.84,-0.08,144.0,0.366,3.61,-0.14,0.318,3.08,-0.09,148.0,0.3091,1.36,0.0517,1.77,0.0203,1.17,0.92
Q_NOISE,129,"{'L': 14, 'm': 1.25, 'f': 30, 'trail': 0, 'hs': 99.0, 'tf': 0, 'maxday': 3, 'side': 0}",705,43.5,1.314,9999,458,39.7,1.254,7963,447,40.9,1.276,8515,847,36.2,1.254,2372,True,1.215,1.189,1.211,True,9,0.89,1.288,1.24,1.255,1.271,True,0.346,3.09,-0.04,0.196,3.22,0.04,208.0,0.337,3.43,-0.26,0.136,2.84,-0.05,237.0,0.344,3.61,-0.29,0.129,3.08,-0.07,263.0,0.155,1.36,0.0122,1.77,0.0091,1.01,0.93
Q_NOISE,133,"{'L': 14, 'm': 1.25, 'f': 30, 'trail': 0, 'hs': 0.5, 'tf': 0, 'maxday': 3, 'side': 0}",705,43.5,1.32,10138,459,39.7,1.24,7603,448,40.8,1.255,8004,855,36.3,1.251,2363,True,1.219,1.176,1.191,True,9,0.89,1.298,1.236,1.268,1.259,True,0.348,3.09,-0.03,0.2,3.22,0.05,211.0,0.335,3.43,-0.28,0.134,2.84,-0.07,226.0,0.342,3.61,-0.31,0.128,3.08,-0.11,247.0,0.1464,1.36,0.0111,1.77,0.0072,1.0,0.87
Q_NOISE,137,"{'L': 14, 'm': 1.25, 'f': 30, 'trail': 1, 'hs': 99.0, 'tf': 0, 'maxday': 3, 'side': 0}",748,43.7,1.3,9706,509,40.3,1.253,8119,479,41.3,1.283,8818,945,38.0,1.25,2373,True,1.197,1.183,1.214,True,9,1.0,1.285,1.236,1.268,1.265,True,0.337,3.09,-0.04,0.191,3.22,0.04,202.0,0.338,3.43,-0.25,0.135,2.84,-0.04,241.0,0.345,3.61,-0.28,0.127,3.08,-0.05,272.0,0.1538,1.36,0.0119,1.77,0.0105,1.01,0.96
Q_NOISE,141,"{'L': 14, 'm': 1.25, 'f': 30, 'trail': 1, 'hs': 0.5, 'tf': 0, 'maxday': 3, 'side': 0}",748,43.7,1.304,9805,509,40.3,1.236,7672,479,41.3,1.268,8449,948,37.9,1.25,2371,True,1.199,1.168,1.2,True,9,1.0,1.293,1.24,1.258,1.258,True,0.34,3.09,-0.03,0.194,3.22,0.05,204.0,0.336,3.43,-0.27,0.134,2.84,-0.07,228.0,0.344,3.61,-0.3,0.126,3.08,-0.08,261.0,0.14,1.36,0.0103,1.77,0.0089,0.99,0.92
Q_NOISE,145,"{'L': 14, 'm': 1.25, 'f': 60, 'trail': 0, 'hs': 99.0, 'tf': 0, 'maxday': 3, 'side': 0}",520,47.9,1.375,10053,340,45.0,1.302,8138,335,46.0,1.378,9830,657,43.4,1.323,2735,True,1.286,1.245,1.318,True,9,1.0,1.342,1.254,1.291,1.313,True,0.353,3.09,-0.03,0.202,3.22,0.05,209.0,0.334,3.43,-0.24,0.136,2.84,-0.03,242.0,0.349,3.61,-0.24,0.129,3.08,0.0,304.0,0.1991,1.36,0.018,1.77,0.018,1.07,1.11
Q_NOISE,149,"{'L': 14, 'm': 1.25, 'f': 60, 'trail': 0, 'hs': 0.5, 'tf': 0, 'maxday': 3, 'side': 0}",522,47.7,1.361,9773,343,44.6,1.269,7451,337,45.7,1.33,8905,666,42.9,1.299,2588,True,1.276,1.217,1.275,True,9,0.89,1.32,1.24,1.266,1.322,True,0.359,3.09,-0.04,0.212,3.22,0.03,203.0,0.339,3.43,-0.26,0.143,2.84,-0.06,222.0,0.348,3.61,-0.27,0.136,3.08,-0.05,275.0,0.1597,1.36,0.0122,1.77,0.0117,1.02,1.0
Q_NOISE,153,"{'L': 14, 'm': 1.25, 'f': 60, 'trail': 1, 'hs': 99.0, 'tf': 0, 'maxday': 3, 'side': 0}",545,47.9,1.385,10395,374,45.2,1.286,7986,358,46.4,1.373,9838,716,43.9,1.313,2731,True,1.292,1.226,1.31,True,9,1.0,1.317,1.245,1.285,1.323,True,0.349,3.09,-0.02,0.199,3.22,0.07,216.0,0.334,3.43,-0.24,0.137,2.84,-0.04,238.0,0.349,3.61,-0.24,0.129,3.08,0.01,304.0,0.2092,1.36,0.0196,1.77,0.0181,1.09,1.11
Q_NOISE,157,"{'L': 14, 'm': 1.25, 'f': 60, 'trail': 1, 'hs': 0.5, 'tf': 0, 'maxday': 3, 'side': 0}",547,47.7,1.369,10074,376,44.9,1.245,7081,360,46.1,1.319,8755,720,43.5,1.294,2592,True,1.281,1.19,1.261,True,9,0.89,1.311,1.236,1.268,1.313,True,0.355,3.09,-0.03,0.209,3.22,0.05,210.0,0.34,3.43,-0.28,0.145,2.84,-0.09,211.0,0.347,3.61,-0.28,0.138,3.08,-0.06,270.0,0.1558,1.36,0.0119,1.77,0.011,1.02,0.98
Q_NOISE,163,"{'L': 14, 'm': 1.5, 'f': 30, 'trail': 0, 'hs': 99.0, 'tf': 1, 'maxday': 3, 'side': 0}",267,44.6,1.403,4786,184,41.8,1.274,2885,164,43.3,1.347,3274,314,38.5,1.108,363,True,1.298,1.196,1.267,True,9,1.0,1.391,1.355,1.438,1.111,True,0.302,3.09,-0.04,0.239,3.22,-0.03,100.0,0.256,3.43,-0.07,0.203,2.84,-0.03,86.0,0.266,3.61,-0.09,0.194,3.08,-0.03,101.0,0.065,1.36,0.0038,1.77,0.0092,0.81,0.79
Q_NOISE,167,"{'L': 14, 'm': 1.5, 'f': 30, 'trail': 0, 'hs': 0.5, 'tf': 1, 'maxday': 3, 'side': 0}",267,44.6,1.435,5048,184,41.8,1.256,2732,164,43.3,1.335,3188,315,38.4,1.113,378,True,1.32,1.181,1.257,True,9,1.0,1.419,1.303,1.348,1.108,True,0.306,3.09,-0.03,0.245,3.22,-0.02,105.0,0.252,3.43,-0.08,0.202,2.84,-0.04,81.0,0.266,3.61,-0.09,0.196,3.08,-0.04,98.0,0.0703,1.36,0.0043,1.77,0.0085,0.82,0.77
Q_NOISE,171,"{'L': 14, 'm': 1.5, 'f': 30, 'trail': 1, 'hs': 99.0, 'tf': 1, 'maxday': 3, 'side': 0}",280,44.6,1.389,4748,192,41.7,1.332,3382,170,42.4,1.368,3447,338,40.5,1.116,396,True,1.282,1.246,1.284,True,9,1.0,1.358,1.315,1.441,1.1,True,0.302,3.09,-0.04,0.239,3.22,-0.03,99.0,0.256,3.43,-0.05,0.205,2.84,-0.0,101.0,0.265,3.61,-0.08,0.195,3.08,-0.03,106.0,0.0844,1.36,0.0057,1.77,0.0111,0.86,0.83
Q_NOISE,175,"{'L': 14, 'm': 1.5, 'f': 30, 'trail': 1, 'hs': 0.5, 'tf': 1, 'maxday': 3, 'side': 0}",280,44.6,1.419,5010,192,41.7,1.303,3152,170,42.4,1.348,3303,338,40.5,1.122,412,True,1.303,1.22,1.266,True,9,1.0,1.389,1.31,1.37,1.1,True,0.306,3.09,-0.03,0.245,3.22,-0.02,104.0,0.253,3.43,-0.06,0.203,2.84,-0.01,94.0,0.266,3.61,-0.09,0.196,3.08,-0.03,102.0,0.0871,1.36,0.0059,1.77,0.0096,0.87,0.8
Q_NOISE,178,"{'L': 14, 'm': 1.5, 'f': 60, 'trail': 0, 'hs': 99.0, 'tf': 1, 'maxday': 1, 'side': 0}",172,50.0,1.649,5437,113,51.3,1.311,2569,104,52.9,1.38,2862,203,43.8,1.239,634,True,1.544,1.25,1.316,True,9,1.0,1.439,1.317,1.399,1.086,True,0.252,3.09,0.02,0.199,3.22,0.03,113.0,0.269,3.43,-0.09,0.207,2.84,-0.04,76.0,0.285,3.61,-0.12,0.206,3.08,-0.07,88.0,0.0887,1.36,0.0062,1.77,0.007,0.87,0.7
Q_NOISE,179,"{'L': 14, 'm': 1.5, 'f': 60, 'trail': 0, 'hs': 99.0, 'tf': 1, 'maxday': 3, 'side': 0}",203,47.8,1.345,3882,129,51.2,1.361,3264,116,53.4,1.456,3660,231,45.0,1.258,742,True,1.263,1.295,1.388,True,9,1.0,1.451,1.352,1.387,1.173,True,0.268,3.09,-0.07,0.197,3.22,-0.06,81.0,0.283,3.43,-0.07,0.209,2.84,-0.01,97.0,0.294,3.61,-0.09,0.202,3.08,-0.03,113.0,0.047,1.36,0.0026,1.77,0.0148,0.73,0.87
Q_NOISE,183,"{'L': 14, 'm': 1.5, 'f': 60, 'trail': 0, 'hs': 0.5, 'tf': 1, 'maxday': 3, 'side': 0}",203,47.8,1.419,4470,130,50.8,1.222,2251,117,53.0,1.33,2913,233,44.6,1.261,749,True,1.334,1.169,1.273,True,9,1.0,1.539,1.256,1.335,1.168,True,0.28,3.09,-0.04,0.215,3.22,-0.03,93.0,0.297,3.43,-0.12,0.221,2.84,-0.07,67.0,0.302,3.61,-0.12,0.225,3.08,-0.07,90.0,0.0405,1.36,0.002,1.77,0.0076,0.71,0.73
Q_NOISE,186,"{'L': 14, 'm': 1.5, 'f': 60, 'trail': 1, 'hs': 99.0, 'tf': 1, 'maxday': 1, 'side': 0}",172,48.3,1.557,4700,113,52.2,1.343,2787,104,52.9,1.403,3012,203,44.3,1.268,685,True,1.456,1.28,1.338,True,9,1.0,1.383,1.311,1.449,1.102,True,0.244,3.09,-0.0,0.198,3.22,0.0,98.0,0.267,3.43,-0.08,0.207,2.84,-0.03,83.0,0.284,3.61,-0.11,0.206,3.08,-0.06,93.0,0.0696,1.36,0.0043,1.77,0.0082,0.82,0.74
Q_NOISE,187,"{'L': 14, 'm': 1.5, 'f': 60, 'trail': 1, 'hs': 99.0, 'tf': 1, 'maxday': 3, 'side': 0}",211,46.9,1.335,3859,136,51.5,1.352,3244,119,52.9,1.449,3651,243,44.9,1.254,738,True,1.252,1.284,1.38,True,9,1.0,1.438,1.343,1.403,1.178,True,0.268,3.09,-0.07,0.197,3.22,-0.06,80.0,0.283,3.43,-0.07,0.209,2.84,-0.01,96.0,0.294,3.61,-0.09,0.202,3.08,-0.03,113.0,0.0459,1.36,0.0025,1.77,0.0147,0.73,0.87
Q_NOISE,191,"{'L': 14, 'm': 1.5, 'f': 60, 'trail': 1, 'hs': 0.5, 'tf': 1, 'maxday': 3, 'side': 0}",211,46.9,1.407,4447,137,51.1,1.217,2230,120,52.5,1.325,2905,244,44.7,1.245,718,True,1.321,1.162,1.268,True,9,1.0,1.521,1.243,1.33,1.174,True,0.28,3.09,-0.04,0.215,3.22,-0.03,93.0,0.297,3.43,-0.12,0.221,2.84,-0.07,66.0,0.302,3.61,-0.12,0.225,3.08,-0.07,90.0,0.0395,1.36,0.0019,1.77,0.0075,0.71,0.73
Q_NOISE,206,"{'L': 20, 'm': 1.0, 'f': 30, 'trail': 1, 'hs': 0.5, 'tf': 1, 'maxday': 1, 'side': 0}",301,39.9,1.207,3293,187,43.3,1.391,5105,165,45.5,1.504,6089,359,37.6,1.109,420,True,1.125,1.325,1.437,True,9,0.89,1.271,1.38,1.433,1.1,True,0.357,3.09,-0.17,0.299,3.22,-0.2,69.0,0.297,3.43,-0.1,0.252,2.84,-0.04,152.0,0.324,3.61,-0.07,0.292,3.08,-0.03,188.0,0.045,1.36,0.0022,1.77,0.0426,0.74,1.18
Q_NOISE,209,"{'L': 20, 'm': 1.0, 'f': 60, 'trail': 0, 'hs': 99.0, 'tf': 0, 'maxday': 3, 'side': 0}",631,47.4,1.367,12901,417,43.4,1.254,9147,405,43.7,1.25,8878,776,43.0,1.334,3273,True,1.285,1.202,1.199,True,9,1.0,1.342,1.229,1.255,1.3,True,0.406,3.09,-0.06,0.262,3.22,-0.0,269.0,0.364,3.43,-0.28,0.17,2.84,-0.05,272.0,0.361,3.61,-0.33,0.161,3.08,-0.12,274.0,0.2661,1.36,0.0321,1.77,0.0103,1.14,0.9
Q_NOISE,211,"{'L': 20, 'm': 1.0, 'f': 60, 'trail': 0, 'hs': 99.0, 'tf': 1, 'maxday': 3, 'side': 0}",324,50.0,1.423,7702,194,52.6,1.538,7850,170,53.5,1.443,6072,367,45.2,1.151,718,True,1.34,1.473,1.384,True,9,1.0,1.409,1.39,1.385,1.109,True,0.434,3.09,-0.11,0.358,3.22,-0.11,160.0,0.36,3.43,-0.06,0.311,2.84,0.02,234.0,0.338,3.61,-0.12,0.288,3.08,-0.07,188.0,0.3633,1.36,0.0701,1.77,0.0372,1.23,1.09
Q_NOISE,213,"{'L': 20, 'm': 1.0, 'f': 60, 'trail': 0, 'hs': 0.5, 'tf': 0, 'maxday': 3, 'side': 0}",635,47.1,1.342,12263,422,42.9,1.206,7735,410,43.2,1.208,7655,786,42.6,1.324,3219,True,1.264,1.16,1.162,True,9,0.89,1.332,1.209,1.25,1.296,True,0.407,3.09,-0.09,0.264,3.22,-0.03,255.0,0.363,3.43,-0.34,0.173,2.84,-0.14,230.0,0.356,3.61,-0.39,0.165,3.08,-0.2,236.0,0.1751,1.36,0.0158,1.77,0.0061,1.03,0.77
Q_NOISE,215,"{'L': 20, 'm': 1.0, 'f': 60, 'trail': 0, 'hs': 0.5, 'tf': 1, 'maxday': 3, 'side': 0}",324,50.0,1.467,8241,197,51.8,1.443,6913,173,52.6,1.369,5352,371,44.7,1.153,731,True,1.382,1.387,1.318,True,9,1.0,1.443,1.322,1.332,1.124,True,0.445,3.09,-0.08,0.37,3.22,-0.08,172.0,0.369,3.43,-0.09,0.32,2.84,-0.02,206.0,0.34,3.61,-0.14,0.3,3.08,-0.1,165.0,0.3634,1.36,0.0674,1.77,0.0247,1.23,0.99
Q_NOISE,217,"{'L': 20, 'm': 1.0, 'f': 60, 'trail': 1, 'hs': 99.0, 'tf': 0, 'maxday': 3, 'side': 0}",675,47.4,1.37,13188,471,43.7,1.25,9295,441,44.0,1.255,9207,884,42.6,1.3,3125,True,1.283,1.194,1.2,True,9,1.0,1.339,1.224,1.25,1.294,True,0.403,3.09,-0.05,0.259,3.22,0.02,274.0,0.362,3.43,-0.26,0.17,2.84,-0.04,276.0,0.36,3.61,-0.31,0.161,3.08,-0.1,284.0,0.2924,1.36,0.0377,1.77,0.0119,1.17,0.94
Q_NOISE,219,"{'L': 20, 'm': 1.0, 'f': 60, 'trail': 1, 'hs': 99.0, 'tf': 1, 'maxday': 3, 'side': 0}",347,49.9,1.409,7635,218,51.8,1.519,7818,182,52.2,1.439,6100,406,44.6,1.129,646,True,1.322,1.449,1.377,True,9,1.0,1.423,1.378,1.368,1.1,True,0.434,3.09,-0.11,0.358,3.22,-0.12,159.0,0.359,3.43,-0.06,0.31,2.84,0.03,233.0,0.337,3.61,-0.12,0.287,3.08,-0.06,188.0,0.3596,1.36,0.0687,1.77,0.0388,1.22,1.1
Q_NOISE,221,"{'L': 20, 'm': 1.0, 'f': 60, 'trail': 1, 'hs': 0.5, 'tf': 0, 'maxday': 3, 'side': 0}",678,47.2,1.339,12397,474,43.5,1.209,8064,444,43.7,1.22,8206,887,42.4,1.294,3068,True,1.258,1.158,1.17,True,9,0.89,1.334,1.206,1.255,1.3,True,0.403,3.09,-0.08,0.261,3.22,-0.02,258.0,0.363,3.43,-0.33,0.174,2.84,-0.12,240.0,0.354,3.61,-0.36,0.166,3.08,-0.17,253.0,0.196,1.36,0.019,1.77,0.0078,1.06,0.83
Q_NOISE,222,"{'L': 20, 'm': 1.0, 'f': 60, 'trail': 1, 'hs': 0.5, 'tf': 1, 'maxday': 1, 'side': 0}",272,47.4,1.271,4335,172,50.6,1.324,4599,152,52.0,1.348,4566,328,42.4,1.107,460,True,1.198,1.273,1.298,True,9,0.89,1.393,1.281,1.351,1.106,True,0.382,3.09,-0.15,0.321,3.22,-0.18,90.0,0.335,3.43,-0.15,0.298,2.84,-0.11,137.0,0.31,3.61,-0.15,0.297,3.08,-0.13,141.0,0.0512,1.36,0.0029,1.77,0.0139,0.75,0.85
Q_NOISE,223,"{'L': 20, 'm': 1.0, 'f': 60, 'trail': 1, 'hs': 0.5, 'tf': 1, 'maxday': 3, 'side': 0}",347,49.9,1.447,8131,220,51.4,1.412,6689,184,51.6,1.351,5213,407,44.5,1.133,663,True,1.36,1.352,1.297,True,9,1.0,1.427,1.292,1.329,1.115,True,0.446,3.09,-0.09,0.37,3.22,-0.09,169.0,0.369,3.43,-0.1,0.32,2.84,-0.03,199.0,0.336,3.61,-0.15,0.299,3.08,-0.11,161.0,0.3352,1.36,0.0586,1.77,0.0227,1.2,0.96
Q_NOISE,225,"{'L': 20, 'm': 1.25, 'f': 30, 'trail': 0, 'hs': 99.0, 'tf': 0, 'maxday': 3, 'side': 0}",694,41.5,1.263,8468,439,40.8,1.329,9873,432,41.2,1.301,9072,801,38.5,1.326,2873,True,1.168,1.262,1.236,True,9,1.0,1.276,1.323,1.286,1.302,True,0.352,3.09,-0.09,0.207,3.22,-0.04,176.0,0.316,3.43,-0.23,0.117,2.84,-0.01,294.0,0.331,3.61,-0.29,0.112,3.08,-0.07,280.0,0.1527,1.36,0.0109,1.77,0.0103,1.02,0.98
Q_NOISE,226,"{'L': 20, 'm': 1.25, 'f': 30, 'trail': 0, 'hs': 99.0, 'tf': 1, 'maxday': 1, 'side': 0}",254,39.8,1.256,3197,155,45.8,1.519,4971,136,47.8,1.379,3527,286,35.3,1.137,446,True,1.166,1.439,1.311,True,9,1.0,1.284,1.515,1.386,1.059,True,0.302,3.09,-0.11,0.237,3.22,-0.12,67.0,0.271,3.43,-0.02,0.242,2.84,0.02,148.0,0.267,3.61,-0.09,0.228,3.08,-0.06,109.0,0.0629,1.36,0.0034,1.77,0.0093,0.81,0.8
Q_NOISE,229,"{'L': 20, 'm': 1.25, 'f': 30, 'trail': 0, 'hs': 0.5, 'tf': 0, 'maxday': 3, 'side': 0}",694,41.5,1.269,8607,440,40.7,1.323,9734,433,41.1,1.286,8729,809,38.3,1.318,2833,True,1.172,1.256,1.223,True,9,1.0,1.279,1.278,1.301,1.302,True,0.353,3.09,-0.09,0.209,3.22,-0.03,179.0,0.313,3.43,-0.23,0.116,2.84,-0.01,290.0,0.329,3.61,-0.31,0.111,3.08,-0.09,270.0,0.1528,1.36,0.0109,1.77,0.0089,1.02,0.94
Q_NOISE,230,"{'L': 20, 'm': 1.25, 'f': 30, 'trail': 0, 'hs': 0.5, 'tf': 1, 'maxday': 1, 'side': 0}",254,39.8,1.279,3424,155,45.8,1.497,4829,136,47.8,1.368,3451,286,35.3,1.145,469,True,1.185,1.42,1.302,True,9,1.0,1.303,1.481,1.379,1.08,True,0.304,3.09,-0.1,0.241,3.22,-0.11,71.0,0.266,3.43,-0.03,0.24,2.84,0.02,144.0,0.265,3.61,-0.1,0.228,3.08,-0.07,107.0,0.066,1.36,0.0037,1.77,0.0086,0.82,0.78
Q_NOISE,233,"{'L': 20, 'm': 1.25, 'f': 30, 'trail': 1, 'hs': 99.0, 'tf': 0, 'maxday': 3, 'side': 0}",738,41.7,1.252,8233,481,41.2,1.333,10127,456,42.1,1.322,9705,897,39.7,1.302,2752,True,1.153,1.26,1.253,True,9,1.0,1.269,1.318,1.301,1.302,True,0.343,3.09,-0.09,0.2,3.22,-0.03,171.0,0.316,3.43,-0.21,0.116,2.84,0.01,301.0,0.329,3.61,-0.26,0.109,3.08,-0.03,300.0,0.1576,1.36,0.0114,1.77,0.0137,1.03,1.05
Q_NOISE,237,"{'L': 20, 'm': 1.25, 'f': 30, 'trail': 1, 'hs': 0.5, 'tf': 0, 'maxday': 3, 'side': 0}",738,41.7,1.256,8332,481,41.2,1.324,9931,456,42.1,1.317,9583,901,39.5,1.302,2755,True,1.155,1.253,1.249,True,9,1.0,1.276,1.275,1.286,1.302,True,0.343,3.09,-0.08,0.202,3.22,-0.03,173.0,0.314,3.43,-0.22,0.114,2.84,0.0,295.0,0.329,3.61,-0.27,0.108,3.08,-0.04,296.0,0.1536,1.36,0.0109,1.77,0.013,1.02,1.04
Q_NOISE,241,"{'L': 20, 'm': 1.25, 'f': 60, 'trail': 0, 'hs': 99.0, 'tf': 0, 'maxday': 3, 'side': 0}",519,46.4,1.3,8423,338,45.6,1.323,8671,334,47.0,1.37,9597,623,43.3,1.41,3182,True,1.217,1.265,1.31,True,9,1.0,1.308,1.302,1.322,1.368,True,0.356,3.09,-0.11,0.218,3.22,-0.06,175.0,0.291,3.43,-0.21,0.097,2.84,0.0,258.0,0.322,3.61,-0.22,0.1,3.08,0.02,296.0,0.1328,1.36,0.009,1.77,0.0159,0.98,1.09
Q_NOISE,245,"{'L': 20, 'm': 1.25, 'f': 60, 'trail': 0, 'hs': 0.5, 'tf': 0, 'maxday': 3, 'side': 0}",521,46.3,1.304,8508,341,45.2,1.278,7738,336,46.7,1.322,8662,633,42.8,1.368,2955,True,1.224,1.225,1.267,True,9,0.89,1.311,1.275,1.303,1.355,True,0.363,3.09,-0.1,0.227,3.22,-0.06,177.0,0.297,3.43,-0.25,0.104,2.84,-0.05,230.0,0.32,3.61,-0.26,0.108,3.08,-0.04,268.0,0.1068,1.36,0.0063,1.77,0.0104,0.94,0.98
Q_NOISE,249,"{'L': 20, 'm': 1.25, 'f': 60, 'trail': 1, 'hs': 99.0, 'tf': 0, 'maxday': 3, 'side': 0}",543,46.4,1.308,8767,369,46.6,1.318,8747,354,48.0,1.366,9613,688,42.9,1.389,3142,True,1.223,1.257,1.303,True,9,1.0,1.311,1.286,1.322,1.355,True,0.352,3.09,-0.09,0.214,3.22,-0.04,182.0,0.29,3.43,-0.21,0.096,2.84,0.01,260.0,0.322,3.61,-0.22,0.1,3.08,0.02,297.0,0.1497,1.36,0.0109,1.77,0.0161,1.01,1.09
Q_NOISE,253,"{'L': 20, 'm': 1.25, 'f': 60, 'trail': 1, 'hs': 0.5, 'tf': 0, 'maxday': 3, 'side': 0}",544,46.3,1.311,8816,371,46.4,1.275,7832,356,47.8,1.322,8765,692,42.5,1.355,2923,True,1.228,1.219,1.265,True,9,0.89,1.308,1.278,1.317,1.368,True,0.359,3.09,-0.09,0.224,3.22,-0.04,183.0,0.296,3.43,-0.25,0.103,2.84,-0.04,233.0,0.319,3.61,-0.25,0.107,3.08,-0.03,271.0,0.1207,1.36,0.0076,1.77,0.0109,0.97,0.99
Q_NOISE,257,"{'L': 20, 'm': 1.5, 'f': 30, 'trail': 0, 'hs': 99.0, 'tf': 0, 'maxday': 3, 'side': 0}",530,43.6,1.276,6848,357,42.3,1.368,8366,352,40.3,1.358,7987,654,38.4,1.363,2540,True,1.181,1.294,1.284,True,9,1.0,1.286,1.329,1.301,1.344,True,0.322,3.09,-0.08,0.197,3.22,-0.04,143.0,0.34,3.43,-0.21,0.133,2.84,0.01,249.0,0.358,3.61,-0.26,0.142,3.08,-0.05,247.0,0.1153,1.36,0.0065,1.77,0.0087,0.97,0.98
Q_NOISE,259,"{'L': 20, 'm': 1.5, 'f': 30, 'trail': 0, 'hs': 99.0, 'tf': 1, 'maxday': 3, 'side': 0}",250,45.2,1.563,6079,181,47.5,1.538,4896,159,46.5,1.699,5134,309,36.9,1.111,369,True,1.448,1.44,1.585,True,9,1.0,1.441,1.441,1.561,1.1,True,0.329,3.09,-0.0,0.252,3.22,0.02,127.0,0.285,3.43,-0.0,0.235,2.84,0.06,146.0,0.311,3.61,0.0,0.248,3.08,0.07,159.0,0.2844,1.36,0.0376,1.77,0.056,1.16,1.33
Q_NOISE,261,"{'L': 20, 'm': 1.5, 'f': 30, 'trail': 0, 'hs': 0.5, 'tf': 0, 'maxday': 3, 'side': 0}",530,43.6,1.279,6915,357,42.3,1.361,8253,352,40.3,1.353,7912,661,38.3,1.356,2513,True,1.18,1.289,1.279,True,9,1.0,1.295,1.312,1.286,1.342,True,0.323,3.09,-0.08,0.199,3.22,-0.03,144.0,0.338,3.43,-0.21,0.132,2.84,0.0,245.0,0.358,3.61,-0.27,0.142,3.08,-0.06,244.0,0.1136,1.36,0.0063,1.77,0.0084,0.96,0.97
Q_NOISE,263,"{'L': 20, 'm': 1.5, 'f': 30, 'trail': 0, 'hs': 0.5, 'tf': 1, 'maxday': 3, 'side': 0}",250,45.2,1.59,6262,181,47.5,1.504,4691,159,46.5,1.663,4978,311,36.7,1.102,344,True,1.463,1.411,1.555,True,9,1.0,1.469,1.401,1.353,1.1,True,0.332,3.09,0.0,0.256,3.22,0.03,130.0,0.281,3.43,-0.01,0.234,2.84,0.05,140.0,0.311,3.61,-0.0,0.25,3.08,0.06,154.0,0.2844,1.36,0.0379,1.77,0.0492,1.16,1.29
Q_NOISE,264,"{'L': 20, 'm': 1.5, 'f': 30, 'trail': 1, 'hs': 99.0, 'tf': 0, 'maxday': 1, 'side': 0}",375,42.1,1.235,4255,253,42.7,1.236,3825,246,42.7,1.291,4600,485,37.9,1.369,1861,True,1.145,1.168,1.221,True,9,0.78,1.264,1.183,1.208,1.352,True,0.271,3.09,-0.09,0.157,3.22,-0.06,89.0,0.206,3.43,-0.11,0.121,2.84,-0.04,114.0,0.223,3.61,-0.1,0.139,3.08,-0.04,142.0,0.032,1.36,0.0014,1.77,0.0097,0.68,0.82
Q_NOISE,265,"{'L': 20, 'm': 1.5, 'f': 30, 'trail': 1, 'hs': 99.0, 'tf': 0, 'maxday': 3, 'side': 0}",554,43.7,1.285,7106,380,42.1,1.386,8785,364,41.2,1.381,8427,708,39.7,1.344,2453,True,1.187,1.307,1.304,True,9,1.0,1.278,1.333,1.322,1.342,True,0.318,3.09,-0.06,0.193,3.22,-0.02,148.0,0.341,3.43,-0.19,0.133,2.84,0.03,261.0,0.358,3.61,-0.24,0.141,3.08,-0.03,260.0,0.1442,1.36,0.0091,1.77,0.0109,1.01,1.04
Q_NOISE,267,"{'L': 20, 'm': 1.5, 'f': 30, 'trail': 1, 'hs': 99.0, 'tf': 1, 'maxday': 3, 'side': 0}",264,45.1,1.541,5991,186,46.8,1.589,5272,161,46.6,1.749,5387,329,38.3,1.1,341,True,1.423,1.484,1.629,True,9,1.0,1.389,1.49,1.551,1.1,True,0.327,3.09,-0.0,0.25,3.22,0.02,125.0,0.286,3.43,0.01,0.237,2.84,0.08,157.0,0.31,3.61,0.02,0.249,3.08,0.09,166.0,0.3213,1.36,0.0463,1.77,0.0709,1.2,1.4
Q_NOISE,268,"{'L': 20, 'm': 1.5, 'f': 30, 'trail': 1, 'hs': 0.5, 'tf': 0, 'maxday': 1, 'side': 0}",375,42.1,1.235,4262,253,42.7,1.227,3708,246,42.7,1.284,4516,485,37.9,1.366,1851,True,1.14,1.161,1.216,True,9,0.67,1.274,1.182,1.128,1.352,True,0.272,3.09,-0.09,0.16,3.22,-0.07,89.0,0.202,3.43,-0.12,0.117,2.84,-0.05,110.0,0.222,3.61,-0.11,0.137,3.08,-0.04,139.0,0.0302,1.36,0.0013,1.77,0.0091,0.67,0.8
Q_NOISE,269,"{'L': 20, 'm': 1.5, 'f': 30, 'trail': 1, 'hs': 0.5, 'tf': 0, 'maxday': 3, 'side': 0}",554,43.7,1.286,7125,380,42.1,1.376,8613,364,41.2,1.375,8315,712,39.5,1.342,2445,True,1.183,1.299,1.296,True,9,1.0,1.285,1.301,1.317,1.342,True,0.318,3.09,-0.06,0.196,3.22,-0.02,148.0,0.339,3.43,-0.2,0.132,2.84,0.02,256.0,0.357,3.61,-0.25,0.141,3.08,-0.03,257.0,0.1371,1.36,0.0085,1.77,0.0103,1.0,1.02
Q_NOISE,271,"{'L': 20, 'm': 1.5, 'f': 30, 'trail': 1, 'hs': 0.5, 'tf': 1, 'maxday': 3, 'side': 0}",264,45.1,1.567,6174,186,46.8,1.54,4990,161,46.6,1.698,5173,330,38.2,1.1,339,True,1.438,1.442,1.585,True,9,1.0,1.419,1.448,1.375,1.1,True,0.33,3.09,0.0,0.255,3.22,0.03,128.0,0.282,3.43,0.0,0.235,2.84,0.06,148.0,0.31,3.61,0.01,0.25,3.08,0.07,160.0,0.3109,1.36,0.0441,1.77,0.059,1.19,1.34
Q_NOISE,273,"{'L': 20, 'm': 1.5, 'f': 60, 'trail': 0, 'hs': 99.0, 'tf': 0, 'maxday': 3, 'side': 0}",395,48.1,1.295,6485,263,47.9,1.365,7308,259,46.3,1.423,8007,488,46.1,1.487,2976,True,1.215,1.304,1.358,True,9,1.0,1.308,1.312,1.347,1.439,True,0.304,3.09,-0.06,0.175,3.22,-0.01,135.0,0.335,3.43,-0.22,0.123,2.84,-0.0,217.0,0.357,3.61,-0.22,0.124,3.08,0.01,247.0,0.0822,1.36,0.0039,1.77,0.0092,0.9,1.04
Q_NOISE,275,"{'L': 20, 'm': 1.5, 'f': 60, 'trail': 0, 'hs': 99.0, 'tf': 1, 'maxday': 3, 'side': 0}",193,51.3,1.451,4840,131,53.4,1.39,3414,117,53.0,1.561,3881,223,45.3,1.173,507,True,1.366,1.321,1.478,True,9,1.0,1.438,1.378,1.456,1.153,True,0.292,3.09,-0.04,0.215,3.22,-0.03,101.0,0.268,3.43,-0.07,0.207,2.84,-0.01,102.0,0.302,3.61,-0.06,0.219,3.08,0.01,120.0,0.0794,1.36,0.0054,1.77,0.0192,0.84,1.0
Q_NOISE,277,"{'L': 20, 'm': 1.5, 'f': 60, 'trail': 0, 'hs': 0.5, 'tf': 0, 'maxday': 3, 'side': 0}",397,47.9,1.311,6760,266,47.4,1.312,6508,261,46.0,1.347,6955,496,45.4,1.439,2775,True,1.233,1.257,1.289,True,9,0.89,1.304,1.244,1.322,1.419,True,0.312,3.09,-0.05,0.186,3.22,0.0,141.0,0.343,3.43,-0.25,0.13,2.84,-0.05,194.0,0.359,3.61,-0.27,0.133,3.08,-0.06,215.0,0.0699,1.36,0.003,1.77,0.0052,0.87,0.9
Q_NOISE,279,"{'L': 20, 'm': 1.5, 'f': 60, 'trail': 0, 'hs': 0.5, 'tf': 1, 'maxday': 3, 'side': 0}",193,51.3,1.557,5571,133,52.6,1.244,2397,118,52.5,1.332,2707,225,44.9,1.163,482,True,1.467,1.188,1.27,True,9,1.0,1.467,1.312,1.347,1.168,True,0.305,3.09,-0.01,0.235,3.22,0.01,116.0,0.281,3.43,-0.11,0.218,2.84,-0.07,71.0,0.303,3.61,-0.1,0.234,3.08,-0.06,84.0,0.0763,1.36,0.005,1.77,0.0063,0.83,0.71
Q_NOISE,281,"{'L': 20, 'm': 1.5, 'f': 60, 'trail': 1, 'hs': 99.0, 'tf': 0, 'maxday': 3, 'side': 0}",410,47.8,1.309,6855,280,47.9,1.353,7221,269,46.8,1.414,7978,518,46.3,1.476,2974,True,1.226,1.29,1.348,True,9,1.0,1.295,1.301,1.346,1.437,True,0.3,3.09,-0.05,0.171,3.22,0.01,143.0,0.335,3.43,-0.22,0.123,2.84,-0.01,215.0,0.357,3.61,-0.22,0.124,3.08,0.01,246.0,0.0911,1.36,0.0045,1.77,0.0091,0.92,1.04
Q_NOISE,282,"{'L': 20, 'm': 1.5, 'f': 60, 'trail': 1, 'hs': 99.0, 'tf': 1, 'maxday': 1, 'side': 0}",165,47.9,1.432,3947,113,52.2,1.365,2916,102,52.0,1.602,3687,199,43.7,1.102,272,True,1.347,1.3,1.518,True,9,1.0,1.438,1.359,1.486,1.099,True,0.25,3.09,-0.04,0.193,3.22,-0.04,82.0,0.268,3.43,-0.08,0.21,2.84,-0.03,87.0,0.302,3.61,-0.06,0.231,3.08,0.0,114.0,0.0449,1.36,0.0023,1.77,0.0169,0.73,0.98
Q_NOISE,283,"{'L': 20, 'm': 1.5, 'f': 60, 'trail': 1, 'hs': 99.0, 'tf': 1, 'maxday': 3, 'side': 0}",202,50.5,1.438,4814,137,52.6,1.378,3396,120,52.5,1.551,3873,228,46.1,1.178,523,True,1.351,1.308,1.467,True,9,1.0,1.432,1.365,1.449,1.156,True,0.292,3.09,-0.04,0.215,3.22,-0.03,100.0,0.268,3.43,-0.07,0.207,2.84,-0.01,101.0,0.302,3.61,-0.06,0.219,3.08,0.01,120.0,0.0778,1.36,0.0053,1.77,0.0191,0.83,1.0
Q_NOISE,285,"{'L': 20, 'm': 1.5, 'f': 60, 'trail': 1, 'hs': 0.5, 'tf': 0, 'maxday': 3, 'side': 0}",412,47.6,1.323,7082,282,47.5,1.301,6421,271,46.5,1.346,7013,521,45.9,1.438,2795,True,1.242,1.244,1.286,True,9,0.89,1.31,1.237,1.322,1.414,True,0.308,3.09,-0.03,0.182,3.22,0.02,147.0,0.343,3.43,-0.26,0.13,2.84,-0.05,191.0,0.358,3.61,-0.26,0.132,3.08,-0.05,217.0,0.0763,1.36,0.0034,1.77,0.0054,0.89,0.91
Q_NOISE,287,"{'L': 20, 'm': 1.5, 'f': 60, 'trail': 1, 'hs': 0.5, 'tf': 1, 'maxday': 3, 'side': 0}",202,50.5,1.54,5544,138,52.2,1.237,2383,121,52.1,1.341,2785,229,45.9,1.174,514,True,1.448,1.18,1.276,True,9,1.0,1.447,1.301,1.346,1.163,True,0.305,3.09,-0.01,0.235,3.22,0.01,115.0,0.281,3.43,-0.11,0.218,2.84,-0.07,71.0,0.302,3.61,-0.1,0.234,3.08,-0.05,86.0,0.0748,1.36,0.0049,1.77,0.0069,0.83,0.73
Q_REBAL,48,"{'K': 3, 'x': 0.5, 'A': 931, 'mode': -1, 'k': 0.3, 'R': 99.0}",125,39.2,1.335,3327,91,45.1,1.414,3939,87,42.5,1.246,2402,146,40.4,1.358,875,True,1.276,1.368,1.206,True,8,0.5,1.221,1.232,1.113,1.214,True,0.028,3.09,0.05,-0.054,3.22,0.11,69.0,-0.013,3.43,0.12,-0.081,2.84,0.2,117.0,-0.002,3.61,0.04,-0.08,3.08,0.1,74.0,0.0209,1.36,0.0006,1.77,0.0021,0.66,0.51
Q_TSMOM,3,"{'L': 5, 'A': 1801, 'v': 9.0, 'k': 0.3, 'R': 99.0, 'side': 1}",520,38.1,1.264,12247,269,34.9,1.225,8006,342,36.8,1.168,7419,665,37.3,1.125,1488,True,1.213,1.191,1.134,True,10,0.7,1.179,1.173,1.16,1.139,True,0.207,3.09,-0.12,0.199,3.22,-0.23,255.0,0.213,3.43,-0.21,0.151,2.84,-0.13,238.0,0.146,3.61,-0.25,0.121,3.08,-0.25,229.0,0.1025,1.36,0.0074,1.77,0.0054,0.9,0.68
Q_TSMOM,27,"{'L': 5, 'A': 1801, 'v': 1.2, 'k': 0.3, 'R': 99.0, 'side': 1}",442,38.2,1.28,10441,216,35.2,1.359,9363,272,36.0,1.214,6920,559,37.6,1.113,1119,True,1.226,1.319,1.176,True,10,0.8,1.201,1.203,1.149,1.14,True,0.226,3.09,-0.14,0.206,3.22,-0.22,217.0,0.238,3.43,-0.14,0.179,2.84,-0.05,278.0,0.176,3.61,-0.23,0.159,3.08,-0.22,214.0,0.1538,1.36,0.0132,1.77,0.0061,1.0,0.74
Q_TSMOM,99,"{'L': 20, 'A': 1801, 'v': 1.2, 'k': 0.3, 'R': 99.0, 'side': 1}",521,36.7,1.284,12269,264,36.4,1.291,9094,322,39.1,1.378,13772,685,37.4,1.156,1929,True,1.229,1.252,1.336,True,10,0.7,1.2,1.194,1.212,1.148,True,0.222,3.09,-0.13,0.219,3.22,-0.23,255.0,0.224,3.43,-0.14,0.225,2.84,-0.11,271.0,0.199,3.61,-0.06,0.228,3.08,-0.07,425.0,0.178,1.36,0.0173,1.77,0.0706,1.03,1.35
Q_TSMOM,107,"{'L': 20, 'A': 1801, 'v': 1.2, 'k': 1.0, 'R': 99.0, 'side': 1}",521,52.0,1.208,11866,264,53.8,1.224,9284,322,56.5,1.339,15920,685,54.9,1.207,3120,True,1.169,1.196,1.308,True,10,0.8,1.177,1.139,1.196,1.166,True,0.224,3.09,-0.28,0.239,3.22,-0.46,247.0,0.177,3.43,-0.23,0.19,2.84,-0.22,276.0,0.144,3.61,-0.08,0.197,3.08,-0.12,492.0,0.0733,1.36,0.0053,1.77,0.0624,0.81,1.23
Q_TSMOM,159,"{'L': 60, 'A': 1801, 'v': 1.0, 'k': 0.3, 'R': 99.0, 'side': 1}",347,36.9,1.253,6591,162,34.0,1.227,4397,207,37.2,1.34,7624,493,36.1,1.175,1601,True,1.193,1.189,1.296,True,10,0.9,1.22,1.188,1.188,1.144,True,0.125,3.09,-0.01,0.103,3.22,-0.05,137.0,0.148,3.43,-0.14,0.127,2.84,-0.12,131.0,0.154,3.61,-0.07,0.14,3.08,-0.05,235.0,0.0345,1.36,0.0014,1.77,0.0143,0.71,0.96
Q_TSMOM,231,"{'L': 120, 'A': 1801, 'v': 1.0, 'k': 0.3, 'R': 99.0, 'side': 1}",301,36.9,1.244,5411,188,34.6,1.218,5094,209,36.4,1.162,4153,427,37.9,1.22,1672,True,1.183,1.182,1.127,True,10,0.8,1.173,1.2,1.16,1.216,True,0.106,3.09,0.03,0.082,3.22,0.01,113.0,0.118,3.43,-0.12,0.093,2.84,-0.09,152.0,0.122,3.61,-0.16,0.111,3.08,-0.17,128.0,0.0269,1.36,0.001,1.77,0.0022,0.67,0.51
Q_VR,16,"{'T': 1100, 'q': 5, 'reg': 'MOM', 'thr': 0, 'x': 0.25, 'k': 0.2, 'R': 99.0, 'tf': 0}",82,31.7,1.29,1410,74,37.8,1.347,1956,68,42.6,1.94,4512,93,34.4,1.219,271,True,1.213,1.285,1.855,True,10,0.6,1.188,1.18,1.612,1.024,True,0.111,3.09,-0.03,0.05,3.22,-0.02,29.0,0.127,3.43,-0.01,0.044,2.84,0.04,58.0,0.068,3.61,0.1,-0.013,3.08,0.19,139.0,0.0033,1.36,0.0,1.77,0.0042,0.45,1.01
Q_VR,394,"{'T': 1300, 'q': 5, 'reg': 'MOM', 'thr': 0, 'x': 0.1, 'k': 0.35, 'R': 99.0, 'tf': 0}",120,53.3,1.383,2333,77,53.2,1.573,2498,66,54.5,1.552,2289,105,50.5,1.116,146,True,1.293,1.486,1.474,True,10,0.6,1.264,1.293,1.421,1.161,True,0.097,3.09,0.02,0.015,3.22,0.06,49.0,0.071,3.43,0.05,0.047,2.84,0.08,74.0,0.066,3.61,0.05,0.02,3.08,0.08,71.0,0.0341,1.36,0.0012,1.77,0.0066,0.73,0.79
