cuenta,per,politica,mes,p10,ploss,evals,pasan,perdidas,quemadas,ocupacion
150K,IS,1 eval por plaza vacía (actual),10268,5545,0.5,43.8,18.0,0.0,7.0,66.4
150K,IS,"2 evals por plaza, cada 3 días",9002,4412,0.7,49.1,20.1,3.88,6.2,59.8
150K,IS,"2 evals por plaza, cada 1 día",9872,4835,0.7,71.8,29.5,10.99,7.2,68.1
150K,IS,"3 evals por plaza, cada 2 días",9395,4566,0.8,62.8,25.7,8.23,6.8,64.1
150K,IS,"2 evals por plaza, cada 5 días",7999,3431,1.0,39.1,16.0,1.75,5.4,52.4
150K,C24,1 eval por plaza vacía (actual),12013,6686,0.5,66.4,24.5,0.0,12.0,62.0
150K,C24,"2 evals por plaza, cada 3 días",9775,4589,1.0,62.6,22.9,2.91,9.7,51.3
150K,C24,"2 evals por plaza, cada 1 día",11547,5982,0.8,99.6,36.4,11.31,12.3,63.6
150K,C24,"3 evals por plaza, cada 2 días",10663,5121,1.1,80.7,29.7,7.21,11.0,57.3
150K,C24,"2 evals por plaza, cada 5 días",7983,3111,1.3,45.9,17.0,0.88,7.7,41.3
150K,REAL,1 eval por plaza vacía (actual),12961,7488,0.1,64.8,24.9,0.0,11.8,63.1
150K,REAL,"2 evals por plaza, cada 3 días",10833,5429,0.3,60.9,24.1,3.23,9.7,53.3
150K,REAL,"2 evals por plaza, cada 1 día",12518,6778,0.3,97.1,37.8,12.25,12.1,64.5
150K,REAL,"3 evals por plaza, cada 2 días",11715,6186,0.3,78.5,31.0,7.83,10.8,58.8
150K,REAL,"2 evals por plaza, cada 5 días",8961,3762,0.7,45.5,18.1,0.99,7.9,43.5
50K,IS,1 eval por plaza vacía (actual),7023,3867,0.2,43.1,21.0,0.0,10.4,61.0
50K,IS,"2 evals por plaza, cada 3 días",6276,3206,0.3,50.1,24.3,5.11,9.6,55.5
50K,IS,"2 evals por plaza, cada 1 día",7018,3684,0.2,72.5,35.3,13.38,10.9,63.3
50K,IS,"3 evals por plaza, cada 2 días",6655,3487,0.3,64.0,31.1,10.4,10.3,59.7
50K,IS,"2 evals por plaza, cada 5 días",5532,2472,0.5,39.2,19.1,2.25,8.3,48.4
50K,C24,1 eval por plaza vacía (actual),7986,4494,0.3,63.1,27.5,0.0,15.8,57.2
50K,C24,"2 evals por plaza, cada 3 días",6657,3260,0.7,61.9,26.8,3.72,13.2,48.2
50K,C24,"2 evals por plaza, cada 1 día",8013,4391,0.6,98.8,42.5,13.74,16.6,59.6
50K,C24,"3 evals por plaza, cada 2 días",7364,3843,0.5,80.7,35.0,9.15,14.8,54.0
50K,C24,"2 evals por plaza, cada 5 días",5429,2138,0.9,45.4,19.6,1.18,10.4,39.0
50K,REAL,1 eval por plaza vacía (actual),8707,5112,0.1,61.9,27.4,0.0,14.8,58.9
50K,REAL,"2 evals por plaza, cada 3 días",7472,3842,0.2,60.0,27.6,4.15,12.5,50.9
50K,REAL,"2 evals por plaza, cada 1 día",8727,4965,0.1,95.7,43.2,14.69,15.5,61.1
50K,REAL,"3 evals por plaza, cada 2 días",8124,4416,0.3,77.9,35.7,9.72,14.0,56.0
50K,REAL,"2 evals por plaza, cada 5 días",6155,2746,0.4,44.7,20.6,1.35,10.3,41.6
