per,cand,test,mo,ploss,fbust,evals,passes
IS,Ultra ampliado + noche (recomendado),historia,2228.254132231405,0.0,1.06198347107438,7.7272727272727275,3.5165289256198347
IS,Ultra ampliado + noche (recomendado),costo +1 tick,2096.492768595041,0.0,0.7975206611570248,8.185950413223141,3.169421487603306
IS,Ultra ampliado + noche (recomendado),Monte Carlo,1980.62,0.6,1.56,8.756,3.762
IS,"WR70Plus + noche, oro Robust",historia,2017.8047520661157,0.0,0.6074380165289256,5.979338842975206,2.884297520661157
IS,"WR70Plus + noche, oro Robust",costo +1 tick,1893.5072314049587,0.0,0.9752066115702479,6.045454545454546,2.9338842975206614
IS,"WR70Plus + noche, oro Robust",Monte Carlo,1811.6850000000002,0.2,0.82,5.808,2.919
IS,"WR70Plus + noche, oro WinRate",historia,1896.1621900826447,0.0,0.743801652892562,5.1115702479338845,2.946280991735537
IS,"WR70Plus + noche, oro WinRate",costo +1 tick,1795.6146694214876,0.0,1.1322314049586777,5.6652892561983474,3.0661157024793386
IS,"WR70Plus + noche, oro WinRate",Monte Carlo,1738.62625,0.3,0.754,5.521,2.817
C24,Ultra ampliado + noche (recomendado),historia,2058.637152777778,0.0,4.256944444444445,14.965277777777779,6.388888888888889
C24,Ultra ampliado + noche (recomendado),costo +1 tick,2068.784722222222,0.0,3.7291666666666665,14.472222222222221,5.618055555555555
C24,Ultra ampliado + noche (recomendado),Monte Carlo,2246.73625,0.7000000000000001,3.218,14.149,5.643
C24,"WR70Plus + noche, oro Robust",historia,1878.498263888889,0.0,1.7361111111111112,9.32638888888889,3.798611111111111
C24,"WR70Plus + noche, oro Robust",costo +1 tick,1511.189236111111,0.0,2.1666666666666665,11.17361111111111,4.027777777777778
C24,"WR70Plus + noche, oro Robust",Monte Carlo,1824.1725,1.0,2.647,12.378,4.666
C24,"WR70Plus + noche, oro WinRate",historia,1925.8159722222224,0.0,1.2708333333333333,10.097222222222221,3.4722222222222223
C24,"WR70Plus + noche, oro WinRate",costo +1 tick,1813.454861111111,0.0,1.8958333333333333,10.48611111111111,3.8055555555555554
C24,"WR70Plus + noche, oro WinRate",Monte Carlo,1764.3575,1.0999999999999999,2.064,10.766,4.02
REAL,Ultra ampliado + noche (recomendado),historia,2227.5833333333335,0.0,3.6814814814814816,12.733333333333333,6.066666666666666
REAL,Ultra ampliado + noche (recomendado),costo +1 tick,2128.1018518518517,0.0,3.696296296296296,14.185185185185185,6.0962962962962965
REAL,Ultra ampliado + noche (recomendado),Monte Carlo,2474.4375,0.6,3.036,14.31,5.632
REAL,"WR70Plus + noche, oro Robust",historia,2031.4537037037037,0.0,2.577777777777778,11.237037037037037,4.622222222222222
REAL,"WR70Plus + noche, oro Robust",costo +1 tick,1911.148148148148,0.0,2.785185185185185,11.881481481481481,4.770370370370371
REAL,"WR70Plus + noche, oro Robust",Monte Carlo,2151.43625,0.4,2.455,10.829,4.706
REAL,"WR70Plus + noche, oro WinRate",historia,2116.611111111111,0.0,1.0962962962962963,11.511111111111111,3.5555555555555554
REAL,"WR70Plus + noche, oro WinRate",costo +1 tick,2118.2685185185187,0.0,1.1185185185185185,10.318518518518518,3.511111111111111
REAL,"WR70Plus + noche, oro WinRate",Monte Carlo,1958.10375,0.5,2.062,10.443,4.162
