n,wr,pf,exp,net,change,mod,ver,per
732,52.18579234972678,1.2455334626930872,17.324717622950814,12681.693299999997,BE,VOLB,before,IS
732,61.338797814207645,1.2972474989677474,17.675711748633894,12938.62100000001,BE,VOLB,after,IS
313,69.96805111821087,1.624757694842917,26.9989776357827,8450.679999999986,ORBt,ORB60,before,IS
216,72.68518518518519,1.9183393506430133,34.51294444444437,7454.795999999984,ORBt,ORB60,after,IS
297,65.993265993266,1.6622709107273357,31.94039393939396,9486.297000000006,ORBt (WR70Plus exits),ORB60,before,IS
205,69.7560975609756,2.0156004735616846,41.81238048780489,8571.538000000002,ORBt (WR70Plus exits),ORB60,after,IS
249,68.27309236947792,1.4334536425271285,19.506409638554192,4857.095999999994,ORBt,ORB90,before,IS
184,72.82608695652173,1.8745481469238734,31.288347826086905,5757.0559999999905,ORBt,ORB90,after,IS
249,68.27309236947792,1.4334536425271285,19.506409638554192,4857.095999999994,ORBt (WR70Plus exits),ORB90,before,IS
184,72.82608695652173,1.8745481469238734,31.288347826086905,5757.0559999999905,ORBt (WR70Plus exits),ORB90,after,IS
377,72.67904509283821,1.4738730855962525,19.492877851458832,7348.81494999998,VTSO,VOLB_tf1,before,IS
253,75.09881422924902,1.716719139718387,25.387380039525656,6423.007149999991,VTSO,VOLB_tf1,after,IS
471,75.58386411889597,1.0790179785350964,1.6369517138246965,771.0042572114321,AGR,MOM1030,before,IS
225,80.44444444444444,1.3411931130447552,5.867242605163855,1320.1295861618673,AGR,MOM1030,after,IS
479,58.455114822546975,1.3145413838595374,12.038045853060943,5766.223963616192,AGR,MOM13,before,IS
343,61.80758017492711,1.5404893551261438,18.838500531993986,6461.605682473937,AGR,MOM13,after,IS
526,50.950570342205324,1.5196021602983885,43.31658707224321,22784.524799999926,BE,VOLB,before,C24
526,61.59695817490495,1.6573800718696245,43.642709733840185,22956.065319999936,BE,VOLB,after,C24
203,66.50246305418719,1.5983104761155142,32.80252216748766,6658.911999999995,ORBt,ORB60,before,C24
132,68.93939393939394,1.8119338957072642,40.0271969696969,5283.589999999991,ORBt,ORB60,after,C24
189,61.37566137566137,1.6104312092278534,37.494777777777934,7086.513000000029,ORBt (WR70Plus exits),ORB60,before,C24
126,65.87301587301587,1.9471591547628273,50.032825396825416,6304.136000000002,ORBt (WR70Plus exits),ORB60,after,C24
156,62.17948717948718,1.3122929986640228,19.353782051282213,3019.190000000025,ORBt,ORB90,before,C24
112,64.28571428571429,1.4833286836756965,25.399517857143074,2844.746000000024,ORBt,ORB90,after,C24
156,62.17948717948718,1.3122929986640228,19.353782051282213,3019.190000000025,ORBt (WR70Plus exits),ORB90,before,C24
112,64.28571428571429,1.4833286836756965,25.399517857143074,2844.746000000024,ORBt (WR70Plus exits),ORB90,after,C24
247,66.80161943319838,1.2370482145165114,13.928750202429269,3440.4013000000296,VTSO,VOLB_tf1,before,C24
171,69.00584795321637,1.3426334067165864,19.386029239766085,3315.0110000000004,VTSO,VOLB_tf1,after,C24
329,77.20364741641338,1.128844157899107,3.6550477722657084,1202.5107170754181,AGR,MOM1030,before,C24
141,79.43262411347519,1.460445922790299,10.56872587885946,1490.1903489191839,AGR,MOM1030,after,C24
319,54.2319749216301,1.1669653632175654,8.48641455012513,2707.166241489916,AGR,MOM13,before,C24
221,58.371040723981906,1.451721209810593,18.422518020467994,4071.3764825234266,AGR,MOM13,after,C24
507,50.29585798816568,1.5002916922245995,42.75152859960559,21675.025000000034,BE,VOLB,before,REAL
507,60.946745562130175,1.5733807154263189,39.62530078895474,20090.02750000005,BE,VOLB,after,REAL
198,65.65656565656566,1.5635032458271054,32.92424242424256,6519.000000000026,ORBt,ORB60,before,REAL
130,70.0,2.0517650179900886,48.79461538461552,6343.3000000000175,ORBt,ORB60,after,REAL
188,62.23404255319149,1.632403627925883,39.721675531914904,7467.675000000002,ORBt (WR70Plus exits),ORB60,before,REAL
127,68.50393700787401,2.2790073857641424,62.04192913385829,7879.325000000003,ORBt (WR70Plus exits),ORB60,after,REAL
152,62.5,1.3825367390908236,23.478947368421192,3568.800000000021,ORBt,ORB90,before,REAL
108,65.74074074074075,1.747491703326389,35.87129629629632,3874.1000000000026,ORBt,ORB90,after,REAL
152,62.5,1.3825367390908236,23.478947368421192,3568.800000000021,ORBt (WR70Plus exits),ORB90,before,REAL
108,65.74074074074075,1.747491703326389,35.87129629629632,3874.1000000000026,ORBt (WR70Plus exits),ORB90,after,REAL
219,66.66666666666666,1.199574400052924,12.397602739725981,2715.07499999999,VTSO,VOLB_tf1,before,REAL
152,69.07894736842105,1.3129153479383933,18.749342105263185,2849.900000000004,VTSO,VOLB_tf1,after,REAL
290,77.58620689655173,1.1714341476370054,4.8215200970148056,1398.2408281342937,AGR,MOM1030,before,REAL
125,82.39999999999999,1.711303847537725,14.863412958579659,1857.9266198224573,AGR,MOM1030,after,REAL
282,54.96453900709219,1.1877454800738156,9.66937828562939,2726.764676547488,AGR,MOM13,before,REAL
183,59.01639344262295,1.5052692298865713,20.765624072546107,3800.1092052759377,AGR,MOM13,after,REAL
943,46.23541887592789,1.2181707386899219,3.2575564867315583,3071.8757669878596,BE,VOLB,before,L15
943,59.490986214209975,1.326168937636018,3.8139921769826155,3596.5946228946063,BE,VOLB,after,L15
421,60.80760095011877,0.9951644502981438,-0.05305665307057814,-22.336850942713397,ORBt,ORB60,before,L15
272,59.92647058823529,1.015907532375629,0.17343592333291097,47.174571146551784,ORBt,ORB60,after,L15
408,56.127450980392155,0.9845679885851634,-0.1859079457407445,-75.85044186222376,ORBt (WR70Plus exits),ORB60,before,L15
268,56.71641791044776,1.076775570810155,0.8818896325123476,236.34642151330917,ORBt (WR70Plus exits),ORB60,after,L15
330,60.0,1.0680801414747427,0.681016442279869,224.73542595235676,ORBt,ORB90,before,L15
232,58.620689655172406,1.0816629288715034,0.8186091651012666,189.91732630349384,ORBt,ORB90,after,L15
330,60.0,1.0680801414747427,0.681016442279869,224.73542595235676,ORBt (WR70Plus exits),ORB90,before,L15
232,58.620689655172406,1.0816629288715034,0.8186091651012666,189.91732630349384,ORBt (WR70Plus exits),ORB90,after,L15
438,64.15525114155251,0.940066854890189,-0.6511695846941619,-285.2122780960429,VTSO,VOLB_tf1,before,L15
281,66.54804270462633,1.0009506397697645,0.00950294570718796,2.6703277437198167,VTSO,VOLB_tf1,after,L15
609,72.2495894909688,0.8944827986371156,-0.5298781662568154,-322.69580325040056,AGR,MOM1030,before,L15
262,77.86259541984732,1.208754922150688,0.8324415370362739,218.09968270350376,AGR,MOM1030,after,L15
592,47.63513513513514,0.8533624168431341,-1.3661759143699808,-808.7761413070286,AGR,MOM13,before,L15
405,49.135802469135804,0.8941265306635301,-0.9616642538160092,-389.47402279548373,AGR,MOM13,after,L15
507,50.09861932938856,1.447362307072006,39.11839250493103,19833.025000000034,BE,VOLB,before,REAL+4t
507,60.15779092702169,1.5072234589199223,36.15945266272196,18332.842500000035,BE,VOLB,after,REAL+4t
198,65.15151515151516,1.5032471645370813,30.095959595959734,5959.000000000027,ORBt,ORB60,before,REAL+4t
130,70.0,1.9670604968402037,46.02538461538475,5983.3000000000175,ORBt,ORB60,after,REAL+4t
188,61.702127659574465,1.567252828129134,36.48763297872342,6859.675000000002,ORBt (WR70Plus exits),ORB60,before,REAL+4t
127,68.50393700787401,2.1828692350288743,58.86870078740159,7476.325000000003,ORBt (WR70Plus exits),ORB60,after,REAL+4t
152,61.8421052631579,1.3260353358369008,20.505263157894877,3116.800000000021,ORBt,ORB90,before,REAL+4t
108,64.81481481481481,1.6667854196354928,32.92685185185187,3556.100000000002,ORBt,ORB90,after,REAL+4t
152,61.8421052631579,1.3260353358369008,20.505263157894877,3116.800000000021,ORBt (WR70Plus exits),ORB90,before,REAL+4t
108,64.81481481481481,1.6667854196354928,32.92685185185187,3556.100000000002,ORBt (WR70Plus exits),ORB90,after,REAL+4t
219,66.66666666666666,1.1517721411956034,9.630479452054749,2109.07499999999,VTSO,VOLB_tf1,before,REAL+4t
152,69.07894736842105,1.263125196666157,16.091447368421083,2445.9000000000046,VTSO,VOLB_tf1,after,REAL+4t
290,77.58620689655173,1.0808257545878006,2.3456580280492885,680.2408281342937,AGR,MOM1030,before,REAL+4t
126,82.53968253968253,1.5902683014212056,12.648612847830853,1593.7252188266875,AGR,MOM1030,after,REAL+4t
282,54.25531914893617,1.1202793628412209,6.41405913669322,1808.764676547488,AGR,MOM13,before,REAL+4t
184,58.152173913043484,1.4222156591464827,17.96082257722343,3304.7913542091105,AGR,MOM13,after,REAL+4t
526,50.57034220532319,1.465028339839725,39.68540836501887,20874.524799999926,BE,VOLB,before,C24+4t
526,60.646387832699624,1.5760437127809808,39.6817260076046,20872.58788000002,BE,VOLB,after,C24+4t
203,66.00985221674877,1.5337848515158672,29.984788177339876,6086.911999999995,ORBt,ORB60,before,C24+4t
132,68.18181818181817,1.7366172780230857,37.23931818181812,4915.589999999992,ORBt,ORB60,after,C24+4t
189,61.37566137566137,1.5550289203490337,34.90746031746049,6597.510000000032,ORBt (WR70Plus exits),ORB60,before,C24+4t
126,65.87301587301587,1.8845013365926995,47.83042063492068,6026.633000000005,ORBt (WR70Plus exits),ORB60,after,C24+4t
156,60.89743589743589,1.2578397121128457,16.379423076923242,2555.1900000000255,ORBt,ORB90,before,C24+4t
112,62.5,1.415198151991439,22.43523214285736,2512.746000000024,ORBt,ORB90,after,C24+4t
156,60.89743589743589,1.2578397121128457,16.379423076923242,2555.1900000000255,ORBt (WR70Plus exits),ORB90,before,C24+4t
112,62.5,1.415198151991439,22.43523214285736,2512.746000000024,ORBt (WR70Plus exits),ORB90,after,C24+4t
247,66.39676113360325,1.1850101311254664,11.11903360323899,2746.4013000000305,VTSO,VOLB_tf1,before,C24+4t
171,69.00584795321637,1.2889636235644,16.707666666666668,2857.0110000000004,VTSO,VOLB_tf1,after,C24+4t
329,77.20364741641338,1.0401233433189667,1.1748046111714845,386.51071707541837,AGR,MOM1030,before,C24+4t
143,79.72027972027972,1.3629839188847037,8.509578910944542,1216.8697842650695,AGR,MOM1030,after,C24+4t
319,52.97805642633229,1.0988435407037118,5.207417684921367,1661.166241489916,AGR,MOM13,before,C24+4t
221,56.56108597285068,1.3560909881038443,15.128400373409168,3343.376482523426,AGR,MOM13,after,C24+4t
