prof,per,year,ver,sharpe,mo
Ultra,L15,2015,base,-0.5278809984280355,-56.382612102078284
Ultra,L15,2016,base,1.176291714278766,125.4864184647294
Ultra,L15,2017,base,1.4922162186282293,145.76865947541117
Ultra,L15,2018,base,1.43684321304461,174.84180157790746
Ultra,L15,2019,base,0.844684893916891,73.65986317967054
Ultra,L15,2015,final,-0.24111813245684113,-22.680199298031425
Ultra,L15,2016,final,1.8433971871966752,189.95931097225989
Ultra,L15,2017,final,1.8492147386330993,170.60318059089738
Ultra,L15,2018,final,1.5959328046416796,181.38819585546636
Ultra,L15,2019,final,1.3261957574037357,103.22553790963957
Ultra,IS,2020,base,2.346329736528508,1376.9729983705688
Ultra,IS,2021,base,2.7727595468730795,1295.3621933375055
Ultra,IS,2022,base,4.8500743642981465,3567.488300425246
Ultra,IS,2023,base,2.869986899548177,1433.1070220746483
Ultra,IS,2020,final,3.423597020105316,1674.2044118952076
Ultra,IS,2021,final,3.108945310929691,1327.103724386258
Ultra,IS,2022,final,4.956827525041812,3374.2749116975065
Ultra,IS,2023,final,3.0543076277507106,1396.804675606438
Ultra,C24,2024,base,2.917746214531059,1597.3697539938466
Ultra,C24,2025,base,3.525059703646392,2707.5042231081
Ultra,C24,2026,base,4.138381331990547,3823.158931126608
Ultra,C24,2024,final,2.7028304070105333,1414.5954957649994
Ultra,C24,2025,final,3.738334900390169,2630.6734763089826
Ultra,C24,2026,final,4.726367006689067,4204.225117863264
Ultra,REAL,2024,base,3.0751829554569707,1758.0013002298817
Ultra,REAL,2025,base,3.784285569247322,2907.777133266161
Ultra,REAL,2026,base,4.282943241562874,3643.26131208029
Ultra,REAL,2024,final,2.9825988579848692,1638.3241499004362
Ultra,REAL,2025,final,3.877943955757003,2729.8254266299978
Ultra,REAL,2026,final,5.032293465443857,4019.7435650720986
WR70Plus,L15,2015,base,-0.9843208011414322,-80.37684189946972
WR70Plus,L15,2016,base,0.9223875260040091,73.19235818094185
WR70Plus,L15,2017,base,2.1627554346914573,172.00317082736137
WR70Plus,L15,2018,base,1.3397326881163814,123.65528925889126
WR70Plus,L15,2019,base,0.03019861217010532,2.019225820146481
WR70Plus,L15,2015,final,-1.5308033820178994,-105.79692138302103
WR70Plus,L15,2016,final,1.2201718886116502,92.7894661862257
WR70Plus,L15,2017,final,1.890737522903461,140.03774784380818
WR70Plus,L15,2018,final,1.7976799591082928,143.32908717202267
WR70Plus,L15,2019,final,0.7715634031741386,45.62537235355608
WR70Plus,IS,2020,base,2.8977924392322176,1380.077441152133
WR70Plus,IS,2021,base,2.5661536949582184,864.2427371955642
WR70Plus,IS,2022,base,4.679501569338985,2476.2093424053173
WR70Plus,IS,2023,base,3.0298957937129125,1176.853463189113
WR70Plus,IS,2020,final,4.122643260052924,1517.200730282569
WR70Plus,IS,2021,final,3.0282089641493193,908.5125767955651
WR70Plus,IS,2022,final,4.808761690934709,2274.2922256053153
WR70Plus,IS,2023,final,3.2807616140904856,1148.003527705241
WR70Plus,C24,2024,base,2.4868822176034144,1075.0580138042135
WR70Plus,C24,2025,base,3.2105858963798237,1808.4818687168618
WR70Plus,C24,2026,base,3.0270137365635557,2165.0648668564554
WR70Plus,C24,2024,final,2.5363286673611865,1017.388709023331
WR70Plus,C24,2025,final,3.174940138800809,1565.6101882300056
WR70Plus,C24,2026,final,3.6007602319812944,2300.269902997762
WR70Plus,REAL,2024,base,3.0142752229642675,1328.5019646447997
WR70Plus,REAL,2025,base,3.5202507310060525,1960.7399434259269
WR70Plus,REAL,2026,base,2.9935304743960756,2064.605595483686
WR70Plus,REAL,2024,final,3.136706325875454,1282.4822907317578
WR70Plus,REAL,2025,final,3.6037637781111593,1760.8408580600726
WR70Plus,REAL,2026,final,3.827473321811715,2325.989611877128
