mod,rule,per,n,frac,wr,pf,exp,net
ORB60,base,IS,313,1.0,69.96805111821087,1.624757694842917,26.9989776357827,8450.679999999986
ORB60,pdcd < -0.3 out,IS,284,0.9073482428115016,70.4225352112676,1.6981478505803609,29.128380281690088,8272.459999999985
ORB60,pdcd < -0.2 out,IS,269,0.8594249201277955,71.00371747211895,1.7676780590933376,30.98237918215606,8334.25999999998
ORB60,pdcd < -0.1 out,IS,252,0.805111821086262,71.82539682539682,1.8774534675785273,33.70880952380944,8494.619999999979
ORB60,pdcd < 0.0 out,IS,227,0.7252396166134185,71.36563876651982,1.7785192766488305,30.855400881057204,7004.175999999985
ORB60,pdcd < 0.05 out,IS,216,0.6900958466453674,72.68518518518519,1.8879880584739035,33.9087777777777,7324.295999999984
ORB60,pdcd < 0.0988 out,IS,208,0.6645367412140575,73.07692307692307,1.971769331531255,35.89469230769224,7466.095999999985
ORB60,pdcd < 0.15 out,IS,200,0.6389776357827476,72.5,1.9332662094989277,34.98157999999992,6996.315999999985
ORB60,pdcd < 0.2 out,IS,186,0.5942492012779552,72.58064516129032,1.87163237220797,33.49372043010743,6229.831999999982
ORB60,pdcd < 0.3 out,IS,165,0.5271565495207667,73.93939393939394,1.8619458329007252,33.81134545454536,5578.871999999985
ORB60,base,C24,203,1.0,66.50246305418719,1.5983104761155142,32.80252216748766,6658.911999999995
ORB60,pdcd < -0.3 out,C24,172,0.8472906403940886,67.44186046511628,1.7274674189399795,35.68248837209296,6137.387999999989
ORB60,pdcd < -0.2 out,C24,163,0.8029556650246306,67.48466257668711,1.689288054683485,34.42060122699378,5610.557999999986
ORB60,pdcd < -0.1 out,C24,155,0.7635467980295566,67.74193548387096,1.6679239071636733,34.190412903225734,5299.513999999988
ORB60,pdcd < 0.0 out,C24,141,0.6945812807881774,68.79432624113475,1.8992424646194412,41.40241134751774,5837.740000000002
ORB60,pdcd < 0.05 out,C24,134,0.6600985221674877,68.65671641791045,1.8954486345072594,41.81901492537313,5603.748
ORB60,pdcd < 0.0988 out,C24,123,0.6059113300492611,69.91869918699187,2.0743630386286247,47.6115772357723,5856.223999999993
ORB60,pdcd < 0.15 out,C24,113,0.5566502463054187,68.14159292035397,1.902545161268878,43.25766371681402,4888.1159999999845
ORB60,pdcd < 0.2 out,C24,102,0.5024630541871922,67.64705882352942,1.8930405819822922,42.71031372549008,4356.451999999988
ORB60,pdcd < 0.3 out,C24,86,0.4236453201970443,69.76744186046511,2.2030434122564335,51.23381395348833,4406.1079999999965
ORB60,base,REAL,198,1.0,65.65656565656566,1.5635032458271054,32.92424242424256,6519.000000000026
ORB60,pdcd < -0.3 out,REAL,168,0.8484848484848485,67.26190476190477,1.7580326334873402,38.57619047619057,6480.800000000016
ORB60,pdcd < -0.2 out,REAL,161,0.8131313131313131,68.32298136645963,1.7986331613415385,39.99316770186346,6438.900000000018
ORB60,pdcd < -0.1 out,REAL,153,0.7727272727272727,67.97385620915033,1.7703847488784077,39.16928104575177,5992.900000000021
ORB60,pdcd < 0.0 out,REAL,140,0.7070707070707071,67.85714285714286,1.8334584295612033,41.24428571428581,5774.2000000000135
ORB60,pdcd < 0.05 out,REAL,132,0.6666666666666666,68.93939393939394,1.9018599869146668,43.859090909091,5789.400000000012
ORB60,pdcd < 0.0988 out,REAL,121,0.6111111111111112,69.42148760330579,2.0384073605192325,48.129752066115756,5823.700000000006
ORB60,pdcd < 0.15 out,REAL,111,0.5606060606060606,67.56756756756756,1.8733579786088614,43.84414414414428,4866.700000000015
ORB60,pdcd < 0.2 out,REAL,101,0.51010101010101,67.32673267326733,1.8336227856894778,42.77227722772288,4320.000000000011
ORB60,pdcd < 0.3 out,REAL,84,0.42424242424242425,72.61904761904762,2.683156134649969,63.51309523809531,5335.100000000006
ORB60,base,L15,421,1.0,60.80760095011877,0.9951644502981438,-0.05305665307057814,-22.336850942713397
ORB60,pdcd < -0.3 out,L15,376,0.8931116389548693,60.90425531914894,0.9958811811444043,-0.04476345671753914,-16.831059725794717
ORB60,pdcd < -0.2 out,L15,360,0.8551068883610451,60.27777777777777,0.9645217051581653,-0.3944705077818535,-142.00938280146727
ORB60,pdcd < -0.1 out,L15,333,0.7909738717339667,60.66066066066066,0.9991287624418517,-0.009566261903761392,-3.185565213952543
ORB60,pdcd < 0.0 out,L15,304,0.7220902612826603,60.526315789473685,1.0101266319109021,0.11003473874322385,33.45056057794005
ORB60,pdcd < 0.05 out,L15,284,0.6745843230403801,60.56338028169014,1.0268051243939365,0.28936477688349116,82.17959663491149
ORB60,pdcd < 0.0988 out,L15,257,0.6104513064133017,59.92217898832685,1.0056081216230983,0.061549416462072896,15.818200030752735
ORB60,pdcd < 0.15 out,L15,237,0.5629453681710214,60.75949367088608,1.0219478752098163,0.24000606622883114,56.88143769623298
ORB60,pdcd < 0.2 out,L15,220,0.5225653206650831,61.36363636363637,1.0430379985186928,0.47220847030184193,103.88586346640523
ORB60,pdcd < 0.3 out,L15,184,0.43705463182897863,61.41304347826087,1.1045969068355783,1.1115316209706645,204.52181825860225
ORB60,base,REAL+4,198,1.0,65.15151515151516,1.5032471645370813,30.095959595959734,5959.000000000027
ORB60,pdcd < -0.3 out,REAL+4,168,0.8484848484848485,66.66666666666666,1.6849336936567136,35.754761904762,6006.800000000016
ORB60,pdcd < -0.2 out,REAL+4,161,0.8131313131313131,68.32298136645963,1.7244870802283967,37.19813664596285,5988.900000000019
ORB60,pdcd < -0.1 out,REAL+4,153,0.7727272727272727,67.97385620915033,1.6977843538012087,36.37189542483674,5564.900000000021
ORB60,pdcd < 0.0 out,REAL+4,140,0.7070707070707071,67.85714285714286,1.756921778277999,38.4300000000001,5380.200000000014
ORB60,pdcd < 0.05 out,REAL+4,132,0.6666666666666666,68.93939393939394,1.8231916638818866,41.05606060606069,5419.4000000000115
ORB60,pdcd < 0.0988 out,REAL+4,121,0.6111111111111112,69.42148760330579,1.9533380817539066,45.35289256198352,5487.700000000006
ORB60,pdcd < 0.15 out,REAL+4,111,0.5606060606060606,67.56756756756756,1.7971275628017667,41.05135135135149,4556.700000000015
ORB60,pdcd < 0.2 out,REAL+4,101,0.51010101010101,67.32673267326733,1.7606036656505235,40.019801980198125,4042.0000000000105
ORB60,pdcd < 0.3 out,REAL+4,84,0.42424242424242425,72.61904761904762,2.567004936076281,60.84642857142864,5111.100000000006
ORB90,base,IS,249,1.0,68.27309236947792,1.4334536425271285,19.506409638554192,4857.095999999994
ORB90,atrr > 0.9 out,IS,85,0.3413654618473896,69.41176470588235,1.8105897410086458,26.52592941176476,2254.7040000000047
ORB90,atrr > 1.0 out,IS,133,0.5341365461847389,71.42857142857143,2.0079603705669715,31.295699248120282,4162.327999999998
ORB90,atrr > 1.07 out,IS,161,0.6465863453815262,72.04968944099379,1.924161773707239,30.384372670807437,4891.883999999997
ORB90,atrr > 1.15 out,IS,195,0.7831325301204819,69.74358974358974,1.660632277960239,25.214728205128182,4916.871999999996
ORB90,atrr > 1.25 out,IS,210,0.8433734939759037,70.95238095238095,1.7057154165721884,26.55834285714287,5577.252000000002
ORB90,atrr > 1.4 out,IS,229,0.9196787148594378,68.5589519650655,1.4632669169344834,20.012192139737984,4582.791999999999
ORB90,base,C24,156,1.0,62.17948717948718,1.3122929986640228,19.353782051282213,3019.190000000025
ORB90,atrr > 0.9 out,C24,34,0.21794871794871795,52.94117647058824,0.9171572875885389,-4.891764705882179,-166.31999999999408
ORB90,atrr > 1.0 out,C24,69,0.4423076923076923,63.76811594202898,1.4874736747483024,22.00611594202894,1518.4219999999968
ORB90,atrr > 1.07 out,C24,87,0.5576923076923077,65.51724137931035,1.679235156688179,28.42480459770133,2472.9580000000155
ORB90,atrr > 1.15 out,C24,104,0.6666666666666666,61.53846153846154,1.2574773559417736,13.646403846153927,1419.2260000000083
ORB90,atrr > 1.25 out,C24,125,0.8012820512820513,60.8,1.1468949001951347,8.778176000000094,1097.2720000000118
ORB90,atrr > 1.4 out,C24,137,0.8782051282051282,59.854014598540154,1.096178496080805,6.125416058394295,839.1820000000184
ORB90,base,REAL,152,1.0,62.5,1.3825367390908236,23.478947368421192,3568.800000000021
ORB90,atrr > 0.9 out,REAL,32,0.21052631578947367,53.125,0.8293900184842975,-11.537499999999369,-369.1999999999798
ORB90,atrr > 1.0 out,REAL,66,0.4342105263157895,63.63636363636363,1.4591586912975787,21.880303030303242,1444.100000000014
ORB90,atrr > 1.07 out,REAL,83,0.5460526315789473,63.85542168674698,1.5556800815078988,26.28433734939771,2181.60000000001
ORB90,atrr > 1.15 out,REAL,98,0.6447368421052632,60.204081632653065,1.2644348212302943,14.580612244898095,1428.9000000000133
ORB90,atrr > 1.25 out,REAL,118,0.7763157894736842,61.016949152542374,1.2057445221576477,12.389830508474796,1462.000000000026
ORB90,atrr > 1.4 out,REAL,133,0.875,60.150375939849624,1.1623559447400478,10.232330827067873,1360.9000000000271
ORB90,base,L15,330,1.0,60.0,1.0680801414747427,0.681016442279869,224.73542595235676
ORB90,atrr > 0.9 out,L15,125,0.3787878787878788,58.4,1.0551806040796445,0.5322084246372661,66.52605307965827
ORB90,atrr > 1.0 out,L15,191,0.5787878787878787,58.1151832460733,1.058793239778882,0.5583888723865682,106.65227462583454
ORB90,atrr > 1.07 out,L15,230,0.696969696969697,58.26086956521739,1.03081099380995,0.3016359004603104,69.37625710587139
ORB90,atrr > 1.15 out,L15,259,0.7848484848484848,58.68725868725869,1.013045876801549,0.1310602837516878,33.944613491687136
ORB90,atrr > 1.25 out,L15,281,0.8515151515151516,58.362989323843415,1.0058878422419721,0.059482851836119933,16.7146813659497
ORB90,atrr > 1.4 out,L15,294,0.8909090909090909,59.183673469387756,1.044448139690135,0.44054394960748794,129.51992118460146
ORB90,base,REAL+4,152,1.0,61.8421052631579,1.3260353358369008,20.505263157894877,3116.800000000021
ORB90,atrr > 0.9 out,REAL+4,32,0.21052631578947367,50.0,0.7901545095221075,-14.599999999999365,-467.1999999999797
ORB90,atrr > 1.0 out,REAL+4,66,0.4342105263157895,62.121212121212125,1.384800369970715,18.910606060606273,1248.100000000014
ORB90,atrr > 1.07 out,REAL+4,83,0.5460526315789473,62.65060240963856,1.4781148107894502,23.32048192771097,1935.6000000000104
ORB90,atrr > 1.15 out,REAL+4,98,0.6447368421052632,59.183673469387756,1.2033261416756589,11.53979591836748,1130.900000000013
ORB90,atrr > 1.25 out,REAL+4,118,0.7763157894736842,60.16949152542372,1.1519410885454564,9.389830508474798,1108.0000000000261
ORB90,atrr > 1.4 out,REAL+4,133,0.875,59.3984962406015,1.1115440988297738,7.209774436090432,958.9000000000274
VOLB_tf1,base,IS,377,1.0,72.67904509283821,1.4738730855962525,19.492877851458832,7348.81494999998
VOLB_tf1,tso > 30 out,IS,151,0.4005305039787798,78.1456953642384,2.153807765047179,29.72282615894045,4488.146750000008
VOLB_tf1,tso > 45 out,IS,194,0.5145888594164456,76.80412371134021,1.8819131658309656,27.142114175257767,5265.570150000007
VOLB_tf1,tso > 60 out,IS,230,0.610079575596817,74.78260869565217,1.6729298157260557,23.655377173913028,5440.736749999996
VOLB_tf1,tso > 77 out,IS,253,0.6710875331564987,75.09881422924902,1.716719139718387,25.387380039525656,6423.007149999991
VOLB_tf1,tso > 90 out,IS,265,0.7029177718832891,75.09433962264151,1.673799149291509,24.37381566037734,6459.061149999995
VOLB_tf1,tso > 120 out,IS,295,0.7824933687002652,74.57627118644068,1.5637159890026402,22.054043559322007,6505.942849999992
VOLB_tf1,tso > 180 out,IS,329,0.8726790450928382,73.55623100303951,1.4451523412182288,18.604948480243152,6121.028049999997
VOLB_tf1,tso > 240 out,IS,350,0.9283819628647215,72.85714285714285,1.426266690546344,17.972328428571384,6290.3149499999845
VOLB_tf1,base,C24,247,1.0,66.80161943319838,1.2370482145165114,13.928750202429269,3440.4013000000296
VOLB_tf1,tso > 30 out,C24,95,0.38461538461538464,69.47368421052632,1.4249011450644273,22.23575631578936,2112.396849999989
VOLB_tf1,tso > 45 out,C24,128,0.5182186234817814,67.96875,1.1859498564948407,12.060441406249977,1543.736499999997
VOLB_tf1,tso > 60 out,C24,145,0.5870445344129555,67.58620689655173,1.2674107331313087,16.308383448275787,2364.715599999989
VOLB_tf1,tso > 77 out,C24,171,0.6923076923076923,69.00584795321637,1.3426334067165864,19.386029239766085,3315.0110000000004
VOLB_tf1,tso > 90 out,C24,180,0.728744939271255,68.88888888888889,1.299300620934629,17.441894166666643,3139.540949999996
VOLB_tf1,tso > 120 out,C24,205,0.8299595141700404,69.7560975609756,1.3732626740063973,21.380209024390275,4382.942850000007
VOLB_tf1,tso > 180 out,C24,224,0.9068825910931174,67.41071428571429,1.2697956564796375,16.00464196428587,3585.039800000035
VOLB_tf1,tso > 240 out,C24,239,0.9676113360323887,67.78242677824268,1.286115306000164,16.637226150627733,3976.297050000028
VOLB_tf1,base,REAL,219,1.0,66.66666666666666,1.199574400052924,12.397602739725981,2715.07499999999
VOLB_tf1,tso > 30 out,REAL,88,0.4018264840182648,68.18181818181817,1.1570443976616178,10.447869318181771,919.4124999999958
VOLB_tf1,tso > 45 out,REAL,117,0.5342465753424658,70.08547008547008,1.2996382703348501,19.29273504273507,2257.250000000003
VOLB_tf1,tso > 60 out,REAL,129,0.589041095890411,69.76744186046511,1.289345125671947,18.526162790697725,2389.8750000000064
VOLB_tf1,tso > 77 out,REAL,152,0.6940639269406392,69.07894736842105,1.3129153479383933,18.749342105263185,2849.900000000004
VOLB_tf1,tso > 90 out,REAL,161,0.7351598173515982,68.94409937888199,1.2742216822401657,16.89277950310567,2719.7375000000125
VOLB_tf1,tso > 120 out,REAL,178,0.8127853881278538,69.66292134831461,1.3361613591271007,20.298244382022503,3613.0875000000055
VOLB_tf1,tso > 180 out,REAL,195,0.8904109589041096,68.2051282051282,1.2607559096186924,16.15192307692304,3149.624999999993
VOLB_tf1,tso > 240 out,REAL,209,0.954337899543379,67.46411483253588,1.2581977739306385,15.75275119617223,3292.324999999996
VOLB_tf1,base,L15,438,1.0,64.15525114155251,0.940066854890189,-0.6511695846941619,-285.2122780960429
VOLB_tf1,tso > 30 out,L15,162,0.3698630136986301,67.28395061728395,1.115848593288247,0.9736965416096807,157.73883974076827
VOLB_tf1,tso > 45 out,L15,228,0.5205479452054794,67.98245614035088,1.1094507351567735,0.9886520042812021,225.41265697611408
VOLB_tf1,tso > 60 out,L15,255,0.5821917808219178,67.05882352941175,1.0178456737430153,0.1742241633870652,44.427161663701625
VOLB_tf1,tso > 77 out,L15,281,0.6415525114155252,66.54804270462633,1.0009506397697645,0.00950294570718796,2.6703277437198167
VOLB_tf1,tso > 90 out,L15,303,0.6917808219178082,66.33663366336634,1.0258259403075596,0.2534735420350762,76.80248323662809
VOLB_tf1,tso > 120 out,L15,338,0.771689497716895,66.27218934911244,0.9921354927944922,-0.08016752737540847,-27.096624252888063
VOLB_tf1,tso > 180 out,L15,381,0.8698630136986302,67.19160104986877,1.0408056536956873,0.4149553609030758,158.09799250407187
VOLB_tf1,tso > 240 out,L15,403,0.9200913242009132,66.25310173697271,0.9937066505717447,-0.06640861349700514,-26.76267123929307
VOLB_tf1,base,REAL+4,219,1.0,66.66666666666666,1.1517721411956034,9.630479452054749,2109.07499999999
VOLB_tf1,tso > 30 out,REAL+4,88,0.4018264840182648,68.18181818181817,1.1152124998428719,7.811505681818134,687.4124999999958
VOLB_tf1,tso > 45 out,REAL+4,117,0.5342465753424658,70.08547008547008,1.254292509692765,16.677350427350454,1951.2500000000032
VOLB_tf1,tso > 60 out,REAL+4,129,0.589041095890411,69.76744186046511,1.2438180284234057,15.90600775193803,2051.875000000006
VOLB_tf1,tso > 77 out,REAL+4,152,0.6940639269406392,69.07894736842105,1.263125196666157,16.091447368421083,2445.9000000000046
VOLB_tf1,tso > 90 out,REAL+4,161,0.7351598173515982,68.94409937888199,1.2265004781071422,14.234394409937966,2291.7375000000125
VOLB_tf1,tso > 120 out,REAL+4,178,0.8127853881278538,69.66292134831461,1.286671470233468,17.657794943820257,3143.0875000000055
VOLB_tf1,tso > 180 out,REAL+4,195,0.8904109589041096,68.2051282051282,1.213000914671864,13.464743589743554,2625.624999999993
VOLB_tf1,tso > 240 out,REAL+4,209,0.954337899543379,67.46411483253588,1.2090369667918928,13.0254784688995,2722.3249999999957
LF0430,base,IS,109,1.0,61.46788990825688,1.6081869663360937,17.193519486164416,1874.0936239919213
LF0430,pdcd > -0.3 out,IS,28,0.25688073394495414,71.42857142857143,3.7799770490728593,34.983766440857146,979.545460344
LF0430,pdcd > -0.2 out,IS,47,0.43119266055045874,70.2127659574468,2.5115219840007206,29.149992140843494,1370.0496306196442
LF0430,pdcd > -0.1 out,IS,63,0.5779816513761468,71.42857142857143,2.9074537303256904,36.094869098178634,2273.976753185254
LF0430,pdcd > -0.0223 out,IS,74,0.6788990825688074,66.21621621621621,2.3704286140096285,29.83150923195545,2207.5316831647033
LF0430,pdcd > 0.05 out,IS,84,0.7706422018348624,60.71428571428571,1.7196241514478032,19.464226854945167,1634.9950558153942
LF0430,pdcd > 0.1 out,IS,88,0.8073394495412844,62.5,1.8215972202565833,21.21226296786318,1866.6791411719596
LF0430,pdcd > 0.2 out,IS,96,0.8807339449541285,60.416666666666664,1.559338509069475,16.265902941874884,1561.526682419989
LF0430,base,C24,91,1.0,59.34065934065934,1.4625747906902464,23.0114924559053,2094.0458134873825
LF0430,pdcd > -0.3 out,C24,29,0.31868131868131866,65.51724137931035,2.644147978972356,50.182143580017375,1455.282163820504
LF0430,pdcd > -0.2 out,C24,39,0.42857142857142855,61.53846153846154,1.468917850809961,23.033006326622722,898.2872467382862
LF0430,pdcd > -0.1 out,C24,53,0.5824175824175825,64.15094339622641,1.7601346146173373,32.32675500580919,1713.318015307887
LF0430,pdcd > -0.0223 out,C24,61,0.6703296703296703,60.65573770491803,1.4866590650427085,23.129018339958808,1410.8701187374872
LF0430,pdcd > 0.05 out,C24,63,0.6923076923076923,60.317460317460316,1.4994560758868005,23.567568050077373,1484.7567871548745
LF0430,pdcd > 0.1 out,C24,66,0.7252747252747253,60.60606060606061,1.600421895962432,27.075620317199142,1786.9909409351435
LF0430,pdcd > 0.2 out,C24,75,0.8241758241758241,60.0,1.5132149181384749,24.01222150873999,1800.9166131554994
LF0430,base,REAL,72,1.0,62.5,1.4464981149981255,23.955444384221607,1724.7919956639557
LF0430,pdcd > -0.3 out,REAL,26,0.3611111111111111,65.38461538461539,2.3022876535431767,45.923321255093235,1194.006352632424
LF0430,pdcd > -0.2 out,REAL,34,0.4722222222222222,61.76470588235294,1.2932213870231002,16.830379946461594,572.2329181796943
LF0430,pdcd > -0.1 out,REAL,42,0.5833333333333334,69.04761904761905,1.74404088652248,34.57201595324215,1452.0246700361704
LF0430,pdcd > -0.0223 out,REAL,48,0.6666666666666666,64.58333333333334,1.4821513893805247,24.83090372016971,1191.883378568146
LF0430,pdcd > 0.05 out,REAL,51,0.7083333333333334,62.745098039215684,1.4958058152956852,24.77386762382418,1263.4672488150331
LF0430,pdcd > 0.1 out,REAL,52,0.7222222222222222,63.46153846153846,1.5550987598495558,27.203155615605475,1414.5640920114847
LF0430,pdcd > 0.2 out,REAL,58,0.8055555555555556,62.06896551724138,1.405804686789052,21.494105344548228,1246.6581099837972
LF0430,base,L15,113,1.0,61.94690265486725,1.099185369310948,0.7618021712349171,86.08364534954563
LF0430,pdcd > -0.3 out,L15,57,0.504424778761062,63.1578947368421,1.3573372238326913,2.4855985248472496,141.67911591629323
LF0430,pdcd > -0.2 out,L15,65,0.5752212389380531,64.61538461538461,1.3796017411849315,2.5362161548457722,164.85405006497518
LF0430,pdcd > -0.1 out,L15,78,0.6902654867256637,66.66666666666666,1.4310094618715752,2.70306136284637,210.83878630201687
LF0430,pdcd > -0.0223 out,L15,87,0.7699115044247787,65.51724137931035,1.3251041906292884,2.216692808240377,192.8522743169128
LF0430,pdcd > 0.05 out,L15,92,0.8141592920353983,63.04347826086957,1.1275294929472905,0.9874686284639805,90.84711381868621
LF0430,pdcd > 0.1 out,L15,93,0.8230088495575221,62.365591397849464,1.1161890482066712,0.8990273431967288,83.60954291729578
LF0430,pdcd > 0.2 out,L15,99,0.8761061946902655,61.61616161616161,1.075717884481413,0.6026270970621638,59.660082609154216
LF0430,base,REAL+4,72,1.0,62.5,1.3819737725290124,21.06655549533272,1516.791995663956
LF0430,pdcd > -0.3 out,REAL+4,26,0.3611111111111111,65.38461538461539,2.175424061264879,43.07716740893939,1120.006352632424
LF0430,pdcd > -0.2 out,REAL+4,34,0.4722222222222222,61.76470588235294,1.235699410778249,13.88920347587336,472.23291817969425
LF0430,pdcd > -0.1 out,REAL+4,42,0.5833333333333334,69.04761904761905,1.6658342029674584,31.762492143718344,1334.0246700361704
LF0430,pdcd > -0.0223 out,REAL+4,48,0.6666666666666666,64.58333333333334,1.414125574924605,21.914237053503044,1051.883378568146
LF0430,pdcd > 0.05 out,REAL+4,51,0.7083333333333334,62.745098039215684,1.4242894189377986,21.83269115323595,1113.4672488150334
LF0430,pdcd > 0.1 out,REAL+4,52,0.7222222222222222,63.46153846153846,1.481103135760278,24.280078692528555,1262.564092011485
LF0430,pdcd > 0.2 out,REAL+4,58,0.8055555555555556,62.06896551724138,1.3407076539845761,18.56307086178961,1076.6581099837972
CRT11,base,IS,148,1.0,47.97297297297297,1.5911021242119672,24.55948648648637,3634.803999999983
CRT11,pdr < 0.5 out,IS,132,0.8918918918918919,48.484848484848484,1.6875856441092376,27.818121212121113,3671.991999999987
CRT11,pdr < 0.6 out,IS,122,0.8243243243243243,49.18032786885246,1.7372883504769983,30.030491803278572,3663.7199999999857
CRT11,pdr < 0.7 out,IS,105,0.7094594594594594,50.476190476190474,1.9283320414955785,36.84319999999972,3868.5359999999705
CRT11,pdr < 0.726 out,IS,99,0.668918918918919,51.515151515151516,2.0429392027567883,40.65935353535328,4025.275999999975
CRT11,pdr < 0.8 out,IS,87,0.5878378378378378,55.172413793103445,2.193509521425355,45.97747126436745,4000.039999999968
CRT11,pdr < 0.9 out,IS,72,0.4864864864864865,56.94444444444444,2.545021560872251,54.092277777777355,3894.6439999999693
CRT11,pdr < 1.0 out,IS,52,0.35135135135135137,57.692307692307686,2.53467857197742,57.61153846153812,2995.799999999982
CRT11,base,C24,127,1.0,51.181102362204726,1.6154801396125889,28.56699212598466,3628.008000000052
CRT11,pdr < 0.5 out,C24,105,0.8267716535433071,53.333333333333336,1.7632513179327436,33.219866666667144,3488.0860000000503
CRT11,pdr < 0.6 out,C24,91,0.7165354330708661,49.45054945054945,1.5100913347198042,24.47885714285769,2227.57600000005
CRT11,pdr < 0.7 out,C24,72,0.5669291338582677,50.0,1.687149659471838,32.12094444444472,2312.7080000000196
CRT11,pdr < 0.726 out,C24,69,0.5433070866141733,50.72463768115942,1.7848786997006005,35.66675362318866,2461.0060000000176
CRT11,pdr < 0.8 out,C24,58,0.4566929133858268,50.0,1.6021124871850954,27.482344827586505,1593.9760000000174
CRT11,pdr < 0.9 out,C24,46,0.36220472440944884,45.65217391304348,1.230551570590883,11.89947826086984,547.3760000000126
CRT11,pdr < 1.0 out,C24,37,0.29133858267716534,51.35135135135135,1.4676164878042586,23.359945945946397,864.3180000000167
CRT11,base,REAL,120,1.0,50.0,1.533920474363447,25.5125,3061.5
CRT11,pdr < 0.5 out,REAL,99,0.825,50.505050505050505,1.5481379191300224,25.66060606060606,2540.4
CRT11,pdr < 0.6 out,REAL,85,0.7083333333333334,49.411764705882355,1.4222465472669266,21.329411764705878,1812.9999999999995
CRT11,pdr < 0.7 out,REAL,73,0.6083333333333333,47.94520547945205,1.4305820980321267,22.839726027397255,1667.2999999999997
CRT11,pdr < 0.726 out,REAL,70,0.5833333333333334,50.0,1.620684610883558,30.30714285714285,2121.4999999999995
CRT11,pdr < 0.8 out,REAL,59,0.49166666666666664,49.152542372881356,1.4344368600682589,21.574576271186434,1272.8999999999996
CRT11,pdr < 0.9 out,REAL,47,0.39166666666666666,44.680851063829785,1.1710245153269354,9.365957446808508,440.1999999999999
CRT11,pdr < 1.0 out,REAL,38,0.31666666666666665,47.368421052631575,1.179360115467885,9.810526315789469,372.79999999999984
CRT11,base,L15,212,1.0,41.9811320754717,1.208367037492993,1.9315473420463392,409.4880365138239
CRT11,pdr < 0.5 out,L15,182,0.8584905660377359,44.505494505494504,1.3290553446206443,2.990444984347623,544.2609871512674
CRT11,pdr < 0.6 out,L15,157,0.7405660377358491,42.675159235668794,1.192838904072631,1.8459659450681913,289.81665337570604
CRT11,pdr < 0.7 out,L15,136,0.6415094339622641,42.64705882352941,1.2376978076731304,2.345275423360345,318.95745757700695
CRT11,pdr < 0.726 out,L15,131,0.6179245283018868,41.98473282442748,1.2214108760486393,2.2036137538464966,288.673401753891
CRT11,pdr < 0.8 out,L15,117,0.5518867924528302,43.58974358974359,1.256723249180728,2.5886817890408333,302.8757693177775
CRT11,pdr < 0.9 out,L15,88,0.41509433962264153,39.77272727272727,0.9648525787421298,-0.39139447077616896,-34.442713428302866
CRT11,pdr < 1.0 out,L15,70,0.330188679245283,41.42857142857143,0.9894009981250047,-0.12436179065183686,-8.70532534562858
CRT11,base,REAL+4,120,1.0,49.166666666666664,1.4418016871987154,21.995833333333334,2639.5
CRT11,pdr < 0.5 out,REAL+4,99,0.825,50.505050505050505,1.4542706910114687,22.165656565656562,2194.3999999999996
CRT11,pdr < 0.6 out,REAL+4,85,0.7083333333333334,49.411764705882355,1.3383568085630477,17.776470588235288,1510.9999999999995
CRT11,pdr < 0.7 out,REAL+4,73,0.6083333333333333,47.94520547945205,1.3507032453655385,19.332876712328762,1411.2999999999997
CRT11,pdr < 0.726 out,REAL+4,70,0.5833333333333334,50.0,1.5276840921866217,26.82142857142857,1877.4999999999998
CRT11,pdr < 0.8 out,REAL+4,59,0.49166666666666664,49.152542372881356,1.3498032786885241,18.08305084745762,1066.8999999999996
CRT11,pdr < 0.9 out,REAL+4,47,0.39166666666666666,44.680851063829785,1.1023936666791139,5.834042553191487,274.1999999999999
CRT11,pdr < 1.0 out,REAL+4,38,0.31666666666666665,47.368421052631575,1.1106323835997216,6.284210526315786,238.79999999999987
