n,wr,pf,exp,net,prof,per,mod,grp,share
78,50.0,1.671961245091217,26.482923076922745,2065.667999999974,Ultra,IS,CRT11,alone,0.7647058823529411
24,62.5,2.902673584929739,49.62616666666607,1191.0279999999857,Ultra,IS,CRT11,with,0.23529411764705882
143,67.13286713286713,1.084179439626479,3.129076923076767,447.4579999999777,Ultra,IS,ENG10,alone,0.6355555555555555
82,79.26829268292683,2.484441883941215,35.50748780487774,2911.613999999975,Ultra,IS,ENG10,with,0.36444444444444446
82,54.87804878048781,1.3015545098267658,10.096780487804669,827.9359999999829,Ultra,IS,ICT,alone,0.9647058823529412
3,66.66666666666666,1.9366074431974358,40.83733333333317,122.51199999999952,Ultra,IS,ICT,with,0.03529411764705882
32,50.0,0.9630425860777042,-1.3092509022705183,-41.896028872656586,Ultra,IS,LATE15,alone,0.1927710843373494
134,60.447761194029844,1.605399325833149,14.621951090036296,1959.3414460648637,Ultra,IS,LATE15,with,0.8072289156626506
59,67.79661016949152,1.398376463833941,9.427524538247031,556.2239477565748,Ultra,IS,LATEFH,alone,0.2610619469026549
167,62.874251497005986,1.2479384296690639,5.473805618104793,914.1255382235004,Ultra,IS,LATEFH,with,0.7389380530973452
97,57.73195876288659,1.4124576592571894,12.699950844944293,1231.8952319595965,Ultra,IS,LF0430,alone,0.8899082568807339
12,91.66666666666666,7.779679828051193,53.5165326693604,642.1983920323248,Ultra,IS,LF0430,with,0.11009174311926606
74,70.27027027027027,1.1381484299940727,3.8920929461232254,288.0148780131187,Ultra,IS,LF06,alone,0.6115702479338843
47,78.72340425531915,2.1047878357035383,21.39227124020671,1005.4367482897154,Ultra,IS,LF06,with,0.3884297520661157
324,42.901234567901234,1.1752792883968046,7.150098765432198,2316.6320000000323,Ultra,IS,LON,alone,0.9908256880733946
3,66.66666666666666,7.529110386585747,93.45333333333257,280.3599999999977,Ultra,IS,LON,with,0.009174311926605505
241,71.36929460580913,0.9310514111335384,-1.6208256159577492,-390.6189734458176,Ultra,IS,MOM1030,alone,0.5116772823779193
230,80.0,1.2838793311026289,5.050535785466299,1161.6232306572488,Ultra,IS,MOM1030,with,0.4883227176220807
356,80.33707865168539,1.1777387112267375,4.44356616643381,1581.9095552504364,Ultra,IS,MOM11,alone,0.4702774108322325
401,78.80299251870323,1.0935422915584494,2.4511515470420253,982.9117703638522,Ultra,IS,MOM11,with,0.5297225891677675
127,50.39370078740157,0.9244956558854691,-3.4693936496414475,-440.6129935044638,Ultra,IS,MOM13,alone,0.2651356993736952
352,61.36363636363637,1.4966834364034518,17.633059537274583,6206.836957120653,Ultra,IS,MOM13,with,0.7348643006263048
105,70.47619047619048,2.1758359084090415,27.821319047619394,2921.2385000000363,Ultra,IS,MSEQ,alone,0.40540540540540543
154,67.53246753246754,1.695670323573204,18.921347402597537,2913.8875000000207,Ultra,IS,MSEQ,with,0.5945945945945946
12,58.333333333333336,2.2032519274163294,42.659291666666775,511.9115000000013,Ultra,IS,MSEQS,alone,0.36363636363636365
21,76.19047619047619,3.672191521186375,95.53580952380901,2006.251999999989,Ultra,IS,MSEQS,with,0.6363636363636364
126,53.96825396825397,1.5271118243126447,20.386181018879633,2568.658808378834,Ultra,IS,NF05,alone,0.8181818181818182
28,64.28571428571429,3.064655351293063,52.97928677538598,1483.4200297108075,Ultra,IS,NF05,with,0.18181818181818182
222,51.80180180180181,1.0521687692279025,1.0690947732045029,237.33903965139962,Ultra,IS,ON07,alone,0.4625
258,51.93798449612403,1.2134672286201749,3.6566435487146207,943.4140355683721,Ultra,IS,ON07,with,0.5375
131,68.70229007633588,1.3812405072121399,18.356061068702235,2404.643999999993,Ultra,IS,ORB60,alone,0.42671009771986973
176,72.1590909090909,1.9470524446958075,36.38259090909089,6403.335999999997,Ultra,IS,ORB60,with,0.5732899022801303
64,67.1875,1.2384845678090186,12.47162500000005,798.1840000000032,Ultra,IS,ORB90,alone,0.26229508196721313
180,69.44444444444444,1.557471691568175,23.49895555555553,4229.811999999995,Ultra,IS,ORB90,with,0.7377049180327869
249,81.52610441767068,1.1723124410777321,3.3757033596498207,840.5501365528054,Ultra,IS,REV06,alone,0.5914489311163895
172,78.48837209302324,1.119465194607596,2.557733262920334,439.9301212222975,Ultra,IS,REV06,with,0.4085510688836104
573,48.86561954624782,1.1387491052889098,10.467899999999984,5998.106699999991,Ultra,IS,VOLB,alone,0.7936288088642659
149,63.758389261744966,1.8254410129257714,43.66522684563762,6506.118800000006,Ultra,IS,VOLB,with,0.20637119113573407
0,,,,0.0,Ultra,IS,VW13,alone,0.0
75,76.0,1.5390021653319672,9.40193597580641,705.1451981854807,Ultra,IS,VW13,with,1.0
4,100.0,,36.691204851009026,146.7648194040361,Ultra,IS,VW13b,alone,0.017543859649122806
224,72.76785714285714,1.3271415060664504,6.324221040960595,1416.6255131751732,Ultra,IS,VW13b,with,0.9824561403508771
3099,60.95514682155534,1.2031047708442573,8.025171707371365,24870.00712114386,Ultra,IS,ALL,alone,0.5172759138708062
2892,69.43291839557399,1.5594168905579207,15.361662960101748,44425.929280614255,Ultra,IS,ALL,with,0.48272408612919376
71,57.74647887323944,2.159236690292286,49.27425352112648,3498.47199999998,Ultra,C24,CRT11,alone,0.7888888888888889
19,42.10526315789473,1.0818350345074563,4.242526315792081,80.60800000004954,Ultra,C24,CRT11,with,0.2111111111111111
101,73.26732673267327,1.4657395202523873,21.070613861385837,2128.1319999999696,Ultra,C24,ENG10,alone,0.6558441558441559
53,60.37735849056604,0.8999210396729316,-6.8179716981127285,-361.3524999999746,Ultra,C24,ENG10,with,0.34415584415584416
58,55.172413793103445,1.290475137790334,13.366413793103403,775.2519999999973,Ultra,C24,ICT,alone,0.90625
6,66.66666666666666,1.301825036164704,13.770666666668689,82.62400000001213,Ultra,C24,ICT,with,0.09375
25,64.0,1.0711751688588524,4.326122201523971,108.15305503809927,Ultra,C24,LATE15,alone,0.25252525252525254
74,60.810810810810814,1.388246944587937,12.825890238055324,949.1158776160939,Ultra,C24,LATE15,with,0.7474747474747475
48,64.58333333333334,1.3191830478463449,11.163338562016875,535.84025097681,Ultra,C24,LATEFH,alone,0.2857142857142857
120,61.66666666666667,1.2509793576692392,7.598790269636206,911.8548323563447,Ultra,C24,LATEFH,with,0.7142857142857143
80,61.25000000000001,1.6411534415509692,29.851749787220207,2388.1399829776165,Ultra,C24,LF0430,alone,0.8791208791208791
11,45.45454545454545,0.6333807763677833,-26.735833590021308,-294.0941694902344,Ultra,C24,LF0430,with,0.12087912087912088
44,72.72727272727273,1.2585062373528473,9.243918130325552,406.7323977343243,Ultra,C24,LF06,alone,0.5641025641025641
34,76.47058823529412,1.6180398518530743,23.15216627525249,787.1736533585847,Ultra,C24,LF06,with,0.4358974358974359
226,44.24778761061947,1.3928121005687084,17.998699115044168,4067.705999999982,Ultra,C24,LON,alone,0.9955947136563876
1,100.0,,230.1,230.1,Ultra,C24,LON,with,0.004405286343612335
181,75.69060773480662,0.958814157192901,-1.3296675053110303,-240.6698184612965,Ultra,C24,MOM1030,alone,0.5501519756838906
148,79.05405405405406,1.4135714907195207,9.75121983470753,1443.1805355367146,Ultra,C24,MOM1030,with,0.44984802431610943
239,77.82426778242679,1.0709471530319057,2.752548286010892,657.8590403566031,Ultra,C24,MOM11,alone,0.4569789674952199
284,81.33802816901408,1.415431035936434,12.11172308780868,3439.729356937665,Ultra,C24,MOM11,with,0.5430210325047801
90,44.44444444444444,0.8177704684371786,-13.332412914658764,-1199.9171623192888,Ultra,C24,MOM13,alone,0.28213166144200624
229,58.07860262008734,1.405749809148227,17.061499579952866,3907.083403809206,Ultra,C24,MOM13,with,0.7178683385579937
78,55.12820512820513,1.5075893874887747,21.251801282051726,1657.6405000000345,Ultra,C24,MSEQ,alone,0.43820224719101125
100,57.99999999999999,1.1995967379065902,9.038132500000286,903.8132500000286,Ultra,C24,MSEQ,with,0.5617977528089888
6,50.0,0.7917448770485263,-27.41343750000038,-164.48062500000228,Ultra,C24,MSEQS,alone,0.3333333333333333
12,66.66666666666666,3.3586877524808445,152.8057187500007,1833.6686250000084,Ultra,C24,MSEQS,with,0.6666666666666666
99,46.464646464646464,1.2314905460360333,13.874947970726051,1373.619849101879,Ultra,C24,NF05,alone,0.8319327731092437
20,55.00000000000001,1.6224294401730832,39.65666602761885,793.133320552377,Ultra,C24,NF05,with,0.16806722689075632
171,59.06432748538012,1.7843056036897398,13.918219879998652,2380.0155994797697,Ultra,C24,ON07,alone,0.5277777777777778
153,46.40522875816993,0.8763387293458921,-3.620064518594075,-553.8698713448935,Ultra,C24,ON07,with,0.4722222222222222
78,64.1025641025641,1.396964576602557,25.468717948717877,1986.5599999999945,Ultra,C24,ORB60,alone,0.3939393939393939
120,69.16666666666667,1.8523440880043684,40.058183333333304,4806.981999999996,Ultra,C24,ORB60,with,0.6060606060606061
34,58.82352941176471,1.1662894251695235,12.346823529411974,419.79200000000714,Ultra,C24,ORB90,alone,0.2251655629139073
117,64.1025641025641,1.4053712903557243,23.06776068376083,2698.928000000017,Ultra,C24,ORB90,with,0.7748344370860927
179,81.00558659217877,1.2146945913325171,5.696502258774639,1019.6739043206603,Ultra,C24,REV06,alone,0.5755627009646302
132,78.03030303030303,1.0148713913287755,0.46684479651623884,61.62351314014353,Ultra,C24,REV06,with,0.42443729903536975
420,49.047619047619044,1.5019551830724587,43.5655202380949,18297.518499999856,Ultra,C24,VOLB,alone,0.8092485549132948
99,59.59595959595959,1.595578250105112,40.75599898989949,4034.8439000000494,Ultra,C24,VOLB,with,0.1907514450867052
0,,,,0.0,Ultra,C24,VW13,alone,0.0
47,76.59574468085107,1.501931831374623,11.993989482423155,563.7175056738882,Ultra,C24,VW13,with,1.0
6,83.33333333333334,4.476782414708118,32.700396818225514,196.20238090935308,Ultra,C24,VW13b,alone,0.041379310344827586
139,72.66187050359713,1.348542224358102,9.26074609152675,1287.2437067222181,Ultra,C24,VW13b,with,0.9586206896551724
2234,60.74306177260519,1.3577724840594638,18.03591846692675,40292.24185511436,Ultra,C24,ALL,alone,0.5380539499036608
1918,66.78832116788321,1.3755268880904894,14.3931735870012,27606.106939868303,Ultra,C24,ALL,with,0.4619460500963391
64,57.8125,2.1981864318232707,50.170312499999994,3210.8999999999996,Ultra,REAL,CRT11,alone,0.7619047619047619
20,50.0,1.3544171458442236,16.949999999999996,338.9999999999999,Ultra,REAL,CRT11,with,0.23809523809523808
76,71.05263157894737,1.5240287616996109,22.7266447368421,1727.2249999999997,Ultra,REAL,ENG10,alone,0.628099173553719
45,64.44444444444444,0.9094869730258237,-6.994444444444447,-314.7500000000001,Ultra,REAL,ENG10,with,0.371900826446281
57,57.89473684210527,1.315123103613746,14.977192982456138,853.6999999999999,Ultra,REAL,ICT,alone,0.9193548387096774
5,80.0,3.7587681779298543,64.49999999999999,322.49999999999994,Ultra,REAL,ICT,with,0.08064516129032258
26,61.53846153846154,1.0616542354701113,3.628733775071128,94.34707815184933,Ultra,REAL,LATE15,alone,0.2826086956521739
66,60.60606060606061,1.3937925060407343,13.74349496219923,907.0706675051492,Ultra,REAL,LATE15,with,0.717391304347826
46,63.04347826086957,1.3613457069513277,12.03392906392388,553.5607369404985,Ultra,REAL,LATEFH,alone,0.2857142857142857
115,62.60869565217392,1.3779308184987837,10.937392523348056,1257.8001401850263,Ultra,REAL,LATEFH,with,0.7142857142857143
64,62.5,1.5760578254786233,28.98447082350434,1855.0061327042777,Ultra,REAL,LF0430,alone,0.8888888888888888
8,62.5,0.7974136945069938,-16.276767130040213,-130.2141370403217,Ultra,REAL,LF0430,with,0.1111111111111111
47,78.72340425531915,1.6673336123117708,20.234390546652794,951.0163556926813,Ultra,REAL,LF06,alone,0.618421052631579
29,72.41379310344827,1.291367208192261,13.155595166241323,381.51225982099834,Ultra,REAL,LF06,with,0.3815789473684211
190,44.21052631578947,1.4338193011534694,20.25,3847.5,Ultra,REAL,LON,alone,0.9895833333333334
2,50.0,3.2172073342736245,78.6,157.2,Ultra,REAL,LON,with,0.010416666666666666
161,73.91304347826086,0.910942708920387,-3.0176155883732463,-485.83610972809265,Ultra,REAL,MOM1030,alone,0.5551724137931034
129,82.17054263565892,1.6975947898083266,14.605247580328577,1884.0769378623863,Ultra,REAL,MOM1030,with,0.44482758620689655
238,78.99159663865547,1.1539739651677203,5.805570556414863,1381.7257924267374,Ultra,REAL,MOM11,alone,0.4621359223300971
277,83.75451263537906,1.629825751523454,16.793046269901417,4651.673816762693,Ultra,REAL,MOM11,with,0.537864077669903
89,47.19101123595505,0.8336886778197721,-11.54823879785195,-1027.7932530088235,Ultra,REAL,MOM13,alone,0.31560283687943264
193,58.549222797927456,1.449982069600812,19.45366802878918,3754.557929556312,Ultra,REAL,MOM13,with,0.6843971631205674
65,55.38461538461539,1.7990423277279295,31.031730769230776,2017.0625000000005,Ultra,REAL,MSEQ,alone,0.4304635761589404
86,55.81395348837209,1.0976021356163415,4.82529069767442,414.97500000000014,Ultra,REAL,MSEQ,with,0.5695364238410596
6,50.0,1.343310049815898,26.41770833333334,158.50625000000005,Ultra,REAL,MSEQS,alone,0.2727272727272727
16,68.75,2.715540146836033,115.00820312500001,1840.1312500000001,Ultra,REAL,MSEQS,with,0.7272727272727273
97,49.48453608247423,1.360772223505051,21.800615613654106,2114.659714524448,Ultra,REAL,NF05,alone,0.8508771929824561
17,52.94117647058824,1.4685721209929745,31.8818946183363,541.9922085117171,Ultra,REAL,NF05,with,0.14912280701754385
143,58.04195804195804,1.6752713656298943,13.804425228500914,1974.0328076756307,Ultra,REAL,ON07,alone,0.5276752767527675
128,50.0,0.9448891888962524,-1.5210752542780286,-194.69763254758766,Ultra,REAL,ON07,with,0.47232472324723246
73,64.38356164383562,1.366483484015842,25.487671232877055,1860.6000000000251,Ultra,REAL,ORB60,alone,0.3802083333333333
119,67.22689075630252,1.8309300217238857,40.8210084033614,4857.700000000006,Ultra,REAL,ORB60,with,0.6197916666666666
31,54.83870967741935,1.2573313451719346,18.370967741935775,569.500000000009,Ultra,REAL,ORB90,alone,0.21232876712328766
115,65.21739130434783,1.4909048759755832,27.620869565217472,3176.400000000009,Ultra,REAL,ORB90,with,0.7876712328767124
162,81.48148148148148,1.258042818029962,6.806839941166244,1102.7080704689315,Ultra,REAL,REV06,alone,0.5977859778597786
109,79.81651376146789,1.0685324013264705,2.1562470423382343,235.03092761486752,Ultra,REAL,REV06,with,0.4022140221402214
409,48.16625916870416,1.491902067723466,44.24187041564804,18094.925000000047,Ultra,REAL,VOLB,alone,0.818
91,60.43956043956044,1.589093069643086,38.134065934065916,3470.1999999999985,Ultra,REAL,VOLB,with,0.182
0,,,,0.0,Ultra,REAL,VW13,alone,0.0
58,77.58620689655173,1.5420921779337449,12.751817281691709,739.6054023381191,Ultra,REAL,VW13,with,1.0
5,100.0,,50.683499400010625,253.41749700005312,Ultra,REAL,VW13b,alone,0.03597122302158273
134,67.91044776119402,1.0642281773610665,2.042625914865557,273.7118725919846,Ultra,REAL,VW13b,with,0.9640287769784173
2049,60.85895558809176,1.3878356151570461,20.06186606776392,41106.76357284827,Ultra,REAL,ALL,alone,0.5376541590133823
1762,67.99091940976163,1.420623308314303,16.211961772509287,28565.476643161364,Ultra,REAL,ALL,with,0.4623458409866177
98,41.83673469387755,1.0454845064065583,0.4287175566016165,42.014320546958416,Ultra,L15,CRT11,alone,0.725925925925926
37,37.83783783783784,1.1088359322046157,0.8693674298305409,32.166594903730015,Ultra,L15,CRT11,with,0.2740740740740741
173,69.94219653179191,1.2967417782686121,1.953947942820887,338.03299410801344,Ultra,L15,ENG10,alone,0.667953667953668
86,68.6046511627907,1.1847042794401814,1.5452418732326565,132.89080109800847,Ultra,L15,ENG10,with,0.33204633204633205
101,56.43564356435643,1.4256939867576364,2.5855945486213434,261.1450494107557,Ultra,L15,ICT,alone,0.8706896551724138
15,40.0,0.5688156873677288,-3.9450447706024856,-59.17567155903728,Ultra,L15,ICT,with,0.12931034482758622
40,75.0,1.6643295728021106,3.9098468338100254,156.39387335240102,Ultra,L15,LATE15,alone,0.2597402597402597
114,56.14035087719298,1.2720627510949079,1.3832448730972915,157.68991553309124,Ultra,L15,LATE15,with,0.7402597402597403
89,64.04494382022472,0.9858203364597562,-0.08341084069415626,-7.423564821779907,Ultra,L15,LATEFH,alone,0.2966666666666667
211,60.66350710900474,1.016237516029373,0.08684947378863235,18.325238969401425,Ultra,L15,LATEFH,with,0.7033333333333334
100,64.0,1.155762833498734,1.167699806329129,116.7699806329129,Ultra,L15,LF0430,alone,0.8849557522123894
13,46.15384615384615,0.7404773565793396,-2.3604873294897883,-30.68633528336725,Ultra,L15,LF0430,with,0.11504424778761062
112,75.89285714285714,1.5185582636446273,2.5392417148779414,284.3950720663294,Ultra,L15,LF06,alone,0.6436781609195402
62,66.12903225806451,0.9293351350622034,-0.48638543377777105,-30.155896894221804,Ultra,L15,LF06,with,0.3563218390804598
416,40.38461538461539,1.002105814285532,0.01600876246290591,6.659645184568859,Ultra,L15,LON,alone,0.9765258215962441
10,50.0,1.345253688980092,3.0762527906952317,30.762527906952318,Ultra,L15,LON,with,0.023474178403755867
341,67.74193548387096,0.7232367142533196,-1.6180379161751461,-551.7509294157248,Ultra,L15,MOM1030,alone,0.5599343185550082
268,77.98507462686567,1.2151469305879405,0.8546833065870305,229.05512616532417,Ultra,L15,MOM1030,with,0.4400656814449918
397,73.55163727959699,0.8976632283691105,-0.6434292523615216,-255.44141318752406,Ultra,L15,MOM11,alone,0.4301191765980498
526,74.7148288973384,0.9383089957854246,-0.37492197269361877,-197.20895763684348,Ultra,L15,MOM11,with,0.5698808234019501
169,43.786982248520715,0.7464688246604472,-2.4856685934495393,-420.0779922929721,Ultra,L15,MOM13,alone,0.28547297297297297
423,49.1725768321513,0.899263622187404,-0.9189081536975329,-388.6981490140564,Ultra,L15,MOM13,with,0.714527027027027
102,59.80392156862745,1.3727397421325533,2.7997712273945443,285.5766651942435,Ultra,L15,MSEQ,alone,0.4927536231884058
105,60.952380952380956,1.590141131835401,3.240172191668874,340.2180801252318,Ultra,L15,MSEQ,with,0.5072463768115942
9,77.77777777777779,2.7509667036688237,13.381581645413256,120.43423480871931,Ultra,L15,MSEQS,alone,0.3
21,47.61904761904761,0.9034272085718607,-1.8181398758930263,-38.18093739375355,Ultra,L15,MSEQS,with,0.7
189,53.96825396825397,1.655319960173432,4.772876273829565,902.0736157537879,Ultra,L15,NF05,alone,0.84
36,63.888888888888886,2.0440137256897395,5.6305563635709595,202.70002908855454,Ultra,L15,NF05,with,0.16
270,48.51851851851852,0.9195980238659849,-0.3208118518951188,-86.61920001168207,Ultra,L15,ON07,alone,0.48214285714285715
290,48.96551724137931,0.9951457778090692,-0.01813833288449359,-5.260116536503141,Ultra,L15,ON07,with,0.5178571428571429
192,59.895833333333336,0.9323150419361788,-0.7994778290323125,-153.49974317420399,Ultra,L15,ORB60,alone,0.47058823529411764
216,61.57407407407407,1.060572559372627,0.6278645730346014,135.6187477754739,Ultra,L15,ORB60,with,0.5294117647058824
93,53.76344086021505,0.8070172399133615,-2.3616435108468146,-219.63284650875377,Ultra,L15,ORB90,alone,0.29153605015673983
226,63.27433628318584,1.239252360276232,2.1640034022092207,489.0647688992839,Ultra,L15,ORB90,with,0.7084639498432602
376,77.6595744680851,1.0748733097156917,0.3318076511625952,124.75967683713579,Ultra,L15,REV06,alone,0.689908256880734
169,73.37278106508876,0.8457778366245134,-0.8100033160554303,-136.89056041336772,Ultra,L15,REV06,with,0.3100917431192661
763,44.95412844036697,1.2145604357667126,3.3468938864777926,2553.6800353825556,Ultra,L15,VOLB,alone,0.8204301075268817
167,53.293413173652695,1.270217902715354,3.297925087895067,550.7534896784762,Ultra,L15,VOLB,with,0.17956989247311828
3,66.66666666666666,0.4788688729868181,-2.60827686329651,-7.82483058988953,Ultra,L15,VW13,alone,0.039473684210526314
73,58.9041095890411,0.6771219050580377,-2.0067944200514596,-146.49599266375654,Ultra,L15,VW13,with,0.9605263157894737
7,71.42857142857143,1.8564672272910703,1.9726969027187946,13.808878319031562,Ultra,L15,VW13b,alone,0.03056768558951965
222,60.810810810810814,0.7944152186775291,-1.1111608323842728,-246.67770478930854,Ultra,L15,VW13b,with,0.9694323144104804
4040,57.62376237623762,1.1020334141488228,0.8671964162363572,3503.473521594883,Ultra,L15,ALL,alone,0.5511596180081856
3290,61.97568389057751,1.0457532196463868,0.31605319086909184,1039.8149979593122,Ultra,L15,ALL,with,0.4488403819918145
114,48.24561403508772,1.6341183544144005,26.884649122806902,3064.8499999999867,WR70Plus,IS,CRT11,alone,0.8769230769230769
16,56.25,2.522642534269885,41.34849999999969,661.575999999995,WR70Plus,IS,CRT11,with,0.12307692307692308
104,53.84615384615385,1.2625671538328163,8.740961538461361,909.0599999999815,WR70Plus,IS,ICT,alone,0.9811320754716981
2,50.0,3.440825096691063,56.798000000000314,113.59600000000063,WR70Plus,IS,ICT,with,0.018867924528301886
77,54.54545454545454,1.2361174844157006,6.722674197862037,517.6459132353768,WR70Plus,IS,LATE15,alone,0.463855421686747
89,61.79775280898876,1.6427729579443553,15.728084314121693,1399.7995039568307,WR70Plus,IS,LATE15,with,0.536144578313253
109,61.46788990825688,1.6081869663360937,17.193519486164416,1874.0936239919213,WR70Plus,IS,LF0430,alone,1.0
0,,,,0.0,WR70Plus,IS,LF0430,with,0.0
78,69.23076923076923,1.117783470982998,3.4108316270077355,266.0448669066034,WR70Plus,IS,LF06,alone,0.6141732283464567
49,77.55102040816327,1.9236064343226287,19.2887623847164,945.1493568511036,WR70Plus,IS,LF06,with,0.3858267716535433
555,78.91891891891892,1.0849484817376733,2.230768220968005,1238.0763626372427,WR70Plus,IS,MOM11,alone,0.7302631578947368
205,80.97560975609757,1.2605554404073112,6.317073121905821,1294.9999899906934,WR70Plus,IS,MOM11,with,0.26973684210526316
179,64.24581005586593,1.4683336611822349,14.89688268156455,2666.5420000000545,WR70Plus,IS,MSEQ,alone,0.6026936026936027
118,71.1864406779661,1.8818490523414126,22.892457627118663,2701.310000000002,WR70Plus,IS,MSEQ,with,0.39730639730639733
17,52.94117647058824,1.3482287393716554,19.550073529411925,332.3512500000027,WR70Plus,IS,MSEQS,alone,0.5151515151515151
16,87.5,10.853813158179344,136.61326562499926,2185.812249999988,WR70Plus,IS,MSEQS,with,0.48484848484848486
144,55.55555555555556,1.4964482097939464,18.088263628848388,2604.7099625541678,WR70Plus,IS,NF05,alone,0.8470588235294118
26,61.53846153846154,2.9526972590928424,53.96077037349255,1402.9800297108063,WR70Plus,IS,NF05,with,0.15294117647058825
200,67.5,1.7051914024813017,32.83334500000009,6566.669000000017,WR70Plus,IS,ORB60,alone,0.684931506849315
92,64.13043478260869,1.6479966739902985,33.391663043478204,3072.032999999995,WR70Plus,IS,ORB60,with,0.3150684931506849
69,68.11594202898551,1.3334271856145778,16.338898550724743,1127.3840000000073,WR70Plus,IS,ORB90,alone,0.2827868852459016
175,69.14285714285714,1.5164190186082898,22.28921142857136,3900.611999999988,WR70Plus,IS,ORB90,with,0.7172131147540983
341,80.35190615835776,1.1036291197559198,2.160126775553316,736.6032304636807,WR70Plus,IS,REV06,alone,0.829683698296837
70,81.42857142857143,1.5554618836655412,9.262619378725269,648.3833565107689,WR70Plus,IS,REV06,with,0.170316301703163
281,72.24199288256227,1.3976676797308125,17.07807526690387,4798.939149999987,WR70Plus,IS,VOLB_tf1,alone,0.7473404255319149
95,73.68421052631578,1.7318499803358385,26.502745263157813,2517.7607999999923,WR70Plus,IS,VOLB_tf1,with,0.2526595744680851
38,76.31578947368422,1.5650745167371547,10.047004637067188,381.7861762085531,WR70Plus,IS,VW13,alone,0.5066666666666667
37,75.67567567567568,1.5111561361461427,8.739433026403457,323.3590219769279,WR70Plus,IS,VW13,with,0.49333333333333335
105,71.42857142857143,1.258423533564552,5.354927942009781,562.2674339110271,WR70Plus,IS,VW13b,alone,0.44680851063829785
130,73.84615384615385,1.4173987373782921,7.460128698176637,969.8167307629627,WR70Plus,IS,VW13b,with,0.5531914893617021
2411,69.6391538780589,1.3589708191741732,11.46703565736566,27647.022969908605,WR70Plus,IS,ALL,alone,0.6828094024355706
1120,72.67857142857143,1.680862572151938,19.765346464071477,22137.188039760054,WR70Plus,IS,ALL,with,0.31719059756442936
105,55.23809523809524,1.8713567492221406,38.4596952380953,4038.268000000007,WR70Plus,C24,CRT11,alone,0.8823529411764706
14,42.857142857142854,1.2984400458146574,13.214285714288726,185.00000000004218,WR70Plus,C24,CRT11,with,0.11764705882352941
76,55.26315789473685,1.2411915227549943,11.258763157895011,855.6660000000209,WR70Plus,C24,ICT,alone,0.9620253164556962
3,100.0,,67.04999999999951,201.14999999999853,WR70Plus,C24,ICT,with,0.0379746835443038
53,71.69811320754717,1.6040571144230649,24.557671107124786,1301.5565686776138,WR70Plus,C24,LATE15,alone,0.5353535353535354
46,50.0,0.8649942773323049,-5.3106007831178434,-244.28763602342082,WR70Plus,C24,LATE15,with,0.46464646464646464
91,59.34065934065934,1.4625747906902464,23.0114924559053,2094.0458134873825,WR70Plus,C24,LF0430,alone,1.0
0,,,,0.0,WR70Plus,C24,LF0430,with,0.0
47,72.3404255319149,1.1771804293307089,6.611229986917044,310.72780938510107,WR70Plus,C24,LF06,alone,0.5662650602409639
36,75.0,1.512964784512949,19.88691686092841,715.9290069934227,WR70Plus,C24,LF06,with,0.43373493975903615
384,78.38541666666666,1.1159027930106848,4.312045837164861,1655.8256014713068,WR70Plus,C24,MOM11,alone,0.7300380228136882
142,82.3943661971831,1.6485317396692347,16.133573296940284,2290.9674081655203,WR70Plus,C24,MOM11,with,0.26996197718631176
127,54.330708661417326,1.142262399971686,7.086328740158041,899.9637500000712,WR70Plus,C24,MSEQ,alone,0.6195121951219512
78,60.256410256410255,1.522192853474753,19.639669871795174,1531.8942500000235,WR70Plus,C24,MSEQ,with,0.3804878048780488
10,60.0,1.3901711465301663,38.86516249999988,388.65162499999883,WR70Plus,C24,MSEQS,alone,0.5555555555555556
8,62.5,3.2421945654809843,160.06704687500098,1280.5363750000079,WR70Plus,C24,MSEQS,with,0.4444444444444444
114,46.49122807017544,1.231346244200305,13.451623085016305,1533.4850316918587,WR70Plus,C24,NF05,alone,0.8507462686567164
20,55.00000000000001,1.6224294401730832,39.65666602761885,793.133320552377,WR70Plus,C24,NF05,with,0.14925373134328357
131,58.01526717557252,1.336662047660053,23.865145038168137,3126.3340000000258,WR70Plus,C24,ORB60,alone,0.7081081081081081
54,70.37037037037037,2.730039846791777,68.85661111111104,3718.256999999996,WR70Plus,C24,ORB60,with,0.2918918918918919
41,56.09756097560976,0.9809762641521262,-1.5723414634144284,-64.46599999999157,WR70Plus,C24,ORB90,alone,0.26973684210526316
111,64.86486486486487,1.4734175515144414,26.040396396396577,2890.48400000002,WR70Plus,C24,ORB90,with,0.7302631578947368
243,79.01234567901234,1.085237581703347,2.498679276714756,607.1790642416858,WR70Plus,C24,REV06,alone,0.804635761589404
59,83.05084745762711,1.31141907059689,8.067387810533953,475.9758808215032,WR70Plus,C24,REV06,with,0.19536423841059603
190,66.84210526315789,1.2133130580145388,13.057376052631533,2480.901449999991,WR70Plus,C24,VOLB_tf1,alone,0.7723577235772358
56,67.85714285714286,1.4486224773975587,21.250625892857794,1190.0350500000366,WR70Plus,C24,VOLB_tf1,with,0.22764227642276422
33,78.78787878787878,1.7424275816786932,17.092353627075454,564.04766969349,WR70Plus,C24,VW13,alone,0.6875
15,73.33333333333333,1.1096935945016608,2.6572285126661876,39.858427689992816,WR70Plus,C24,VW13,with,0.3125
79,74.68354430379746,1.3180164569172939,9.56669240658893,755.7687001205254,WR70Plus,C24,VW13b,alone,0.5163398692810458
74,71.62162162162163,1.3889909773269693,8.927346221248138,660.6236203723622,WR70Plus,C24,VW13b,with,0.48366013071895425
1724,67.169373549884,1.2587269576335651,11.918767449982072,20547.95508376909,WR70Plus,C24,ALL,alone,0.7065573770491803
716,69.83240223463687,1.590581320590644,21.96865461392721,15729.556703571883,WR70Plus,C24,ALL,with,0.2934426229508197
99,52.52525252525253,1.6596435061002002,30.802020202020202,3049.4,WR70Plus,REAL,CRT11,alone,0.868421052631579
15,53.333333333333336,1.9126511152732846,35.73333333333333,535.9999999999999,WR70Plus,REAL,CRT11,with,0.13157894736842105
71,59.154929577464785,1.3034014412383974,14.40985915492957,1023.0999999999995,WR70Plus,REAL,ICT,alone,0.9726027397260274
2,100.0,,104.1,208.2,WR70Plus,REAL,ICT,with,0.0273972602739726
50,70.0,1.4976213548522905,21.459826392139657,1072.9913196069829,WR70Plus,REAL,LATE15,alone,0.5434782608695652
42,50.0,0.9573317521706977,-1.7041327130948598,-71.57357394998411,WR70Plus,REAL,LATE15,with,0.45652173913043476
72,62.5,1.4464981149981255,23.955444384221607,1724.7919956639557,WR70Plus,REAL,LF0430,alone,1.0
0,,,,0.0,WR70Plus,REAL,LF0430,with,0.0
51,78.43137254901961,1.5767100791186497,18.159778707320797,926.1487140733606,WR70Plus,REAL,LF06,alone,0.6219512195121951
31,70.96774193548387,1.2145420102566868,9.92477349507661,307.6679783473749,WR70Plus,REAL,LF06,with,0.3780487804878049
382,81.67539267015707,1.3342586261017408,11.15049412254854,4259.488754813542,WR70Plus,REAL,MOM11,alone,0.7388781431334622
135,80.74074074074075,1.4651113563240767,12.94736291104927,1747.8939929916514,WR70Plus,REAL,MOM11,with,0.2611218568665377
113,55.75221238938053,1.4554308491110306,19.211725663716816,2170.925,WR70Plus,REAL,MSEQ,alone,0.6457142857142857
62,56.451612903225815,1.0874267131170965,4.563709677419352,282.9499999999998,WR70Plus,REAL,MSEQ,with,0.35428571428571426
10,60.0,2.4028223399492616,94.00312500000001,940.0312500000001,WR70Plus,REAL,MSEQS,alone,0.45454545454545453
12,66.66666666666666,2.22491972576586,88.21718750000001,1058.60625,WR70Plus,REAL,MSEQS,with,0.5454545454545454
108,47.22222222222222,1.2748478800125207,16.71179451340171,1804.8738074473845,WR70Plus,REAL,NF05,alone,0.864
17,52.94117647058824,1.4685721209929745,31.8818946183363,541.9922085117171,WR70Plus,REAL,NF05,with,0.136
128,61.71875,1.5784842020083127,36.8607421875,4718.175,WR70Plus,REAL,ORB60,alone,0.6994535519125683
55,65.45454545454545,1.8794429039576515,50.745454545454535,2790.9999999999995,WR70Plus,REAL,ORB60,with,0.3005464480874317
41,58.536585365853654,1.2077277091679668,15.302439024390493,627.4000000000102,WR70Plus,REAL,ORB90,alone,0.2789115646258503
106,65.09433962264151,1.5229405004888283,28.763207547169912,3048.9000000000106,WR70Plus,REAL,ORB90,with,0.7210884353741497
218,80.73394495412845,1.182816418503603,5.1457257524102955,1121.7682140254444,WR70Plus,REAL,REV06,alone,0.8195488721804511
48,79.16666666666666,1.021144531255759,0.690193990346509,33.12931153663243,WR70Plus,REAL,REV06,with,0.18045112781954886
168,63.69047619047619,1.0971698504575358,6.622544642857138,1112.5874999999992,WR70Plus,REAL,VOLB_tf1,alone,0.7706422018348624
50,78.0,1.9501103036594811,36.6077499999998,1830.3874999999898,WR70Plus,REAL,VOLB_tf1,with,0.22935779816513763
35,80.0,1.8005656122429656,18.380523657655534,643.3183280179437,WR70Plus,REAL,VW13,alone,0.5932203389830508
24,75.0,1.2442271986500186,5.706509036421509,136.95621687411622,WR70Plus,REAL,VW13,with,0.4067796610169492
76,73.68421052631578,1.4254947879296627,11.601631482543656,881.7239926733179,WR70Plus,REAL,VW13b,alone,0.5277777777777778
68,66.17647058823529,0.9530813180532379,-1.510589902839874,-102.72011339311143,WR70Plus,REAL,VW13b,with,0.4722222222222222
1622,68.8039457459926,1.3621519906839386,16.07689511487173,26076.723876321943,WR70Plus,REAL,ALL,alone,0.7086063783311489
667,68.81559220389805,1.4416575151090778,18.51482724275622,12349.389770918398,WR70Plus,REAL,ALL,with,0.291393621668851
163,41.717791411042946,1.2211040719157111,2.1174270197574847,345.14060422047004,WR70Plus,L15,CRT11,alone,0.8232323232323232
35,40.0,0.9788844100243566,-0.19632479834088312,-6.8713679419309095,WR70Plus,L15,CRT11,with,0.17676767676767677
129,53.48837209302325,1.2466515363317043,1.5807955978161394,203.922632118282,WR70Plus,L15,ICT,alone,0.9148936170212766
12,33.33333333333333,0.32972654399460805,-6.904579467048237,-82.85495360457885,WR70Plus,L15,ICT,with,0.0851063829787234
101,66.33663366336634,1.75024107844285,3.655631912756732,369.21882318842995,WR70Plus,L15,LATE15,alone,0.6558441558441559
53,50.943396226415096,0.8292457503076882,-1.0402836660931638,-55.13503430293768,WR70Plus,L15,LATE15,with,0.34415584415584416
113,61.94690265486725,1.099185369310948,0.7618021712349171,86.08364534954563,WR70Plus,L15,LF0430,alone,1.0
0,,,,0.0,WR70Plus,L15,LF0430,with,0.0
114,75.43859649122807,1.4802360431392032,2.3982793671549554,273.40384785566494,WR70Plus,L15,LF06,alone,0.6404494382022472
64,67.1875,0.9764130420590242,-0.1570493986110818,-10.051161511109235,WR70Plus,L15,LF06,with,0.3595505617977528
673,73.55126300148589,0.8910619363494159,-0.6884075246444613,-463.29826408572245,WR70Plus,L15,MOM11,alone,0.7228786251342643
258,76.35658914728683,1.0367037196902864,0.20622973748779488,53.20727227185108,WR70Plus,L15,MOM11,with,0.2771213748657358
163,62.57668711656442,1.2409911364197346,1.9692416839199045,320.9863944789444,WR70Plus,L15,MSEQ,alone,0.6735537190082644
79,58.22784810126582,1.9431836212755498,4.522896307221564,357.30880827050356,WR70Plus,L15,MSEQ,with,0.32644628099173556
9,66.66666666666666,1.7192027684203273,7.331580002515825,65.98422002264242,WR70Plus,L15,MSEQS,alone,0.3
21,52.38095238095239,1.0436877621297056,0.7747179710630169,16.269077392323354,WR70Plus,L15,MSEQS,with,0.7
213,51.64319248826291,1.5130722444488447,3.8574377158321624,821.6342334722506,WR70Plus,L15,NF05,alone,0.8623481781376519
34,67.64705882352942,2.40747979454373,6.823889905375139,232.01225678275472,WR70Plus,L15,NF05,with,0.13765182186234817
292,55.13698630136986,0.9340414766982809,-0.8325966549616474,-243.11822324880103,WR70Plus,L15,ORB60,alone,0.731829573934837
107,58.87850467289719,1.141161930118537,1.5213880720587039,162.7885237102813,WR70Plus,L15,ORB60,with,0.2681704260651629
99,56.56565656565656,0.9422727108848968,-0.6299449514500647,-62.364550193556404,WR70Plus,L15,ORB90,alone,0.308411214953271
222,61.711711711711715,1.1386382124336039,1.3380860082797619,297.05509383810715,WR70Plus,L15,ORB90,with,0.6915887850467289
463,76.24190064794817,0.9931461210672912,-0.032186635844653796,-14.902412396074709,WR70Plus,L15,REV06,alone,0.8638059701492538
73,75.34246575342466,0.9297909989933498,-0.34567233163961275,-25.23408020969173,WR70Plus,L15,REV06,with,0.13619402985074627
344,64.24418604651163,0.9384118156210595,-0.6854630919853728,-235.79930364296825,WR70Plus,L15,VOLB_tf1,alone,0.7889908256880734
92,64.13043478260869,0.9574659298232623,-0.42138349403057046,-38.76728145081248,WR70Plus,L15,VOLB_tf1,with,0.21100917431192662
46,63.04347826086957,0.7834109286221215,-1.1999530864972132,-55.19784197887181,WR70Plus,L15,VW13,alone,0.5822784810126582
33,54.54545454545454,0.5644266517875396,-3.0221453913651466,-99.73079791504983,WR70Plus,L15,VW13,with,0.4177215189873418
108,63.888888888888886,0.8579017006752647,-0.7499615214653994,-80.99584431826314,WR70Plus,L15,VW13b,alone,0.4462809917355372
134,60.447761194029844,0.8212949554641953,-0.9229017733717643,-123.66883763181642,WR70Plus,L15,VW13b,with,0.5537190082644629
3030,64.75247524752476,1.0573846166718661,0.43917424450230097,1330.697960841972,WR70Plus,L15,ALL,alone,0.7134447845538027
1217,63.927691043549714,1.0747201005659133,0.5557333752653196,676.327517697894,WR70Plus,L15,ALL,with,0.28655521544619733
